{"type":"FeatureCollection","features":[{"type":"Feature","id":0,"geometry":{"type":"Point","coordinates":[-99.10641554859211,19.255863491424655]},"properties":{"FID":0,"OBJECTID":27,"FECHA":1512259200000,"FOLIO":11846,"HORA":"10:13:00 p. m.","FENOMENO":"SOCIO ORGANIZATIVO","TAXONOM\u00cdA":"CONCENTRACIONES MASIVAS DE POBLACION","GRUPO":"GESTION DE SERVICIOS DE EMERGENCIA","INCIDENTE":"SOLICITUD DE SERVICIOS DGEM","CAUSAS":"TRASLADO DE MUSEO MOVIL","CALLE_Y_NU":"FRANCISCO GOYTIA ENTRE REDENCION Y AV. 16 DE SEPTIEMBRE","COLONIA":"SAN PEDRO","DELEGACION":"XOCHIMILCO","ATENDIO":"S\/D","ATENDIO_DG":"S.-14 Y S.-12","FUENTE":"DGEM","LESIONADOS":0,"FALLECIDOS":0,"LONGITUD":488817,"LATITUD":2129142}},{"type":"Feature","id":1,"geometry":{"type":"Point","coordinates":[-99.15478719095252,19.359957389157863]},"properties":{"FID":1,"OBJECTID":183,"FECHA":1512172800000,"FOLIO":11804,"HORA":"6:52:00 a. m.","FENOMENO":"SOCIO ORGANIZATIVO","TAXONOM\u00cdA":"CONCENTRACIONES MASIVAS DE POBLACION","GRUPO":"NO APLICA","INCIDENTE":"EVENTO MASIVO","CAUSAS":"CAMPAMENTO MUNDIAL PARA POWERLIFTING Y PARA NATACION CDMX 2017","CALLE_Y_NU":"AV. DIV. DEL NORTE No. 2333 ESQ. AV. RIO CHURUBUSCO","COLONIA":"GENERAL PEDRO MARIA ANAYA","DELEGACION":"BENITO JUAREZ","ATENDIO":"RUZ ROJA MEXICANA","ATENDIO_DG":"S.-23, S.-19, S.-35, S.-7 Y S.-34 (TIEMPO DE RESPUESTA 01 MIN.)","FUENTE":"DGEM","LESIONADOS":3,"FALLECIDOS":0,"LONGITUD":483744,"LATITUD":2140664}},{"type":"Feature","id":2,"geometry":{"type":"Point","coordinates":[-99.13382385473372,19.434441151259385]},"properties":{"FID":2,"OBJECTID":184,"FECHA":1512172800000,"FOLIO":11806,"HORA":"8:14:00 a. m.","FENOMENO":"SOCIO ORGANIZATIVO","TAXONOM\u00cdA":"CONCENTRACIONES MASIVAS DE POBLACION","GRUPO":"NO APLICA","INCIDENTE":"EVENTO MASIVO","CAUSAS":"CAMINATA \u201cESTAMOS CAMBIANDO\u201d","CALLE_Y_NU":"MONTE DE PIEDAD S\/N ENTRE AV. 5 DE MAYO Y TACUBA","COLONIA":"CENTRO","DELEGACION":"CUAUHTEMOC","ATENDIO":"SSP","ATENDIO_DG":"S.-7 Y S.-34 (TIEMPO DE RESPUESTA 01 MIN.)","FUENTE":"DGEM","LESIONADOS":0,"FALLECIDOS":0,"LONGITUD":485952,"LATITUD":2148904}},{"type":"Feature","id":3,"geometry":{"type":"Point","coordinates":[-99.16733803917019,19.426243691322444]},"properties":{"FID":3,"OBJECTID":192,"FECHA":1512259200000,"FOLIO":11824,"HORA":"8:30:00 a. m.","FENOMENO":"SOCIO ORGANIZATIVO","TAXONOM\u00cdA":"CONCENTRACIONES MASIVAS DE POBLACION","GRUPO":"NO APLICA","INCIDENTE":"EVENTO MASIVO","CAUSAS":"PASEO CICLISTA EDICION 415","CALLE_Y_NU":"AV. PASEO DE LA REFORMA ESQ. FLORENCIA","COLONIA":"JUAREZ","DELEGACION":"CUAUHTEMOC","ATENDIO":"SSP","ATENDIO_DG":"REGIONAL CENTRO (TIEMPO DE RESPUESTA 01 MIN.)","FUENTE":"DGEM","LESIONADOS":1,"FALLECIDOS":0,"LONGITUD":482433,"LATITUD":2148000}},{"type":"Feature","id":4,"geometry":{"type":"Point","coordinates":[-99.16733803917019,19.426243691322444]},"properties":{"FID":4,"OBJECTID":193,"FECHA":1512259200000,"FOLIO":11825,"HORA":"10:27:00 a. m.","FENOMENO":"SOCIO ORGANIZATIVO","TAXONOM\u00cdA":"CONCENTRACIONES MASIVAS DE POBLACION","GRUPO":"NO APLICA","INCIDENTE":"MANIFESTACION O MITIN","CAUSAS":"MARCHA POR LOS DERECHOS DE LAS PERSONAS CON DISCAPACIDAD","CALLE_Y_NU":"AV. PASEO DE LA REFORMA ESQ. FLORENCIA","COLONIA":"JUAREZ","DELEGACION":"CUAUHTEMOC","ATENDIO":"SSP","ATENDIO_DG":"NO RELEVANTE","FUENTE":"C5","LESIONADOS":0,"FALLECIDOS":0,"LONGITUD":482433,"LATITUD":2148000}},{"type":"Feature","id":5,"geometry":{"type":"Point","coordinates":[-99.16098280635258,19.405264946026616]},"properties":{"FID":5,"OBJECTID":201,"FECHA":1512345600000,"FOLIO":11848,"HORA":"8:17:00 a. m.","FENOMENO":"SOCIO ORGANIZATIVO","TAXONOM\u00cdA":"CONCENTRACIONES MASIVAS DE POBLACION","GRUPO":"NO APLICA","INCIDENTE":"BLOQUEOS","CAUSAS":"EN DEMANDA DE LA PRONTA REPARACION DEL PLANTEL ESCOLAR","CALLE_Y_NU":"MONTERREY  ESQ. TEHUANTEPEC","COLONIA":"ROMA SUR","DELEGACION":"CUAUHTEMOC","ATENDIO":"SSP","ATENDIO_DG":"NO RELEVANTE","FUENTE":"REDES SOCIALES","LESIONADOS":0,"FALLECIDOS":0,"LONGITUD":483098,"LATITUD":2145678}},{"type":"Feature","id":6,"geometry":{"type":"Point","coordinates":[-99.08266922772782,19.43632429331152]},"properties":{"FID":6,"OBJECTID":209,"FECHA":1512432000000,"FOLIO":11879,"HORA":"S\/D","FENOMENO":"SOCIO ORGANIZATIVO","TAXONOM\u00cdA":"CONCENTRACIONES MASIVAS DE POBLACION","GRUPO":"NO APLICA","INCIDENTE":"BLOQUEOS","CAUSAS":"SOLICITAN EL PAGO DE LAS TIERRAS QUE LES FUERON EXPROPIADAS","CALLE_Y_NU":"AV. CAPITAN CARLOS LEON S\/N ESQ. SINALOA","COLONIA":"PE\u00d1ON DE LOS BA\u00d1OS","DELEGACION":"VENUSTIANO CARRANZA","ATENDIO":"SSP, POLICIA FEDERAL","ATENDIO_DG":"NO RELEVANTE","FUENTE":"C5","LESIONADOS":0,"FALLECIDOS":0,"LONGITUD":491322,"LATITUD":2149109}},{"type":"Feature","id":7,"geometry":{"type":"Point","coordinates":[-99.13807428290428,19.32350520474809]},"properties":{"FID":7,"OBJECTID":217,"FECHA":1512518400000,"FOLIO":11901,"HORA":"9:10:00 a. m.","FENOMENO":"SOCIO ORGANIZATIVO","TAXONOM\u00cdA":"CONCENTRACIONES MASIVAS DE POBLACION","GRUPO":"NO APLICA","INCIDENTE":"BLOQUEOS","CAUSAS":"EN DEMANDA DE LA APERTURA DE CREDITOS DEL INVI","CALLE_Y_NU":"CALZ. DE TLALPAN ESQ. NEZAHUALPILLI","COLONIA":"SAN PABLO TEPETLAPA","DELEGACION":"COYOACAN","ATENDIO":"UPC, SSP","ATENDIO_DG":"REGIONAL SUR (TIEMPO DE RESPUESTA 30 MIN.)","FUENTE":"REDES SOCIALES","LESIONADOS":0,"FALLECIDOS":0,"LONGITUD":485496,"LATITUD":2136629}},{"type":"Feature","id":8,"geometry":{"type":"Point","coordinates":[-99.12046895746295,19.42260267376412]},"properties":{"FID":8,"OBJECTID":232,"FECHA":1512691200000,"FOLIO":11970,"HORA":"10:23:00 a. m.","FENOMENO":"SOCIO ORGANIZATIVO","TAXONOM\u00cdA":"CONCENTRACIONES MASIVAS DE POBLACION","GRUPO":"NO APLICA","INCIDENTE":"BLOQUEOS","CAUSAS":"EN DEMANDA DE LA REPARARA UNA BARDA PERIMETRAL","CALLE_Y_NU":"AV. CONGRESO DE LA UNION ESQ. FRAY SERVANDO TERESA DE MIER","COLONIA":"CENTRO","DELEGACION":"VENUSTIANO CARRANZA","ATENDIO":"UPC, SSP","ATENDIO_DG":"NO RELEVANTE","FUENTE":"C5","LESIONADOS":0,"FALLECIDOS":0,"LONGITUD":487353,"LATITUD":2147593}},{"type":"Feature","id":9,"geometry":{"type":"Point","coordinates":[-99.13389890115049,19.43302224936325]},"properties":{"FID":9,"OBJECTID":236,"FECHA":1512691200000,"FOLIO":11982,"HORA":"5:00:00 p. m.","FENOMENO":"SOCIO ORGANIZATIVO","TAXONOM\u00cdA":"CONCENTRACIONES MASIVAS DE POBLACION","GRUPO":"NO APLICA","INCIDENTE":"EVENTO MASIVO","CAUSAS":"INAUGURACION DE LA PISTA DE HIELO CDMX","CALLE_Y_NU":"PLAZA DE LA CONSTITUCION ESQ. 5 DE FEBRERO","COLONIA":"CENTRO","DELEGACION":"CUAUHTEMOC","ATENDIO":"UPC, SSP, LOCATEL","ATENDIO_DG":"REGIONAL CENTRO, S.-23, S.-19, S.-34 Y S.-35","FUENTE":"DGEM","LESIONADOS":9,"FALLECIDOS":0,"LONGITUD":485944,"LATITUD":2148747}},{"type":"Feature","id":10,"geometry":{"type":"Point","coordinates":[-99.01790316290474,19.29154617667391]},"properties":{"FID":10,"OBJECTID":239,"FECHA":1512777600000,"FOLIO":11997,"HORA":"6:00:00 p. m.","FENOMENO":"SOCIO ORGANIZATIVO","TAXONOM\u00cdA":"CONCENTRACIONES MASIVAS DE POBLACION","GRUPO":"NO APLICA","INCIDENTE":"MANIFESTACION O MITIN","CAUSAS":"ANIVERSARIO DE LA ASOCIACION CIVIL ANTORCHA CAMPESINA","CALLE_Y_NU":"FERROCARRIL DE CUERNAVACA (SAN RAFAEL ATLIXCO), ESQ. INDEPENDENCIA","COLONIA":"PUEBLO SAN FRANCISCO TLALTENCO","DELEGACION":"TLAHUAC","ATENDIO":"UPC, SSP","ATENDIO_DG":"NO RELEVANTE","FUENTE":"C5","LESIONADOS":0,"FALLECIDOS":0,"LONGITUD":498119,"LATITUD":2133087}},{"type":"Feature","id":11,"geometry":{"type":"Point","coordinates":[-99.17263196477052,19.424015575661834]},"properties":{"FID":11,"OBJECTID":240,"FECHA":1512864000000,"FOLIO":12008,"HORA":"7:00:00 a. m.","FENOMENO":"SOCIO ORGANIZATIVO","TAXONOM\u00cdA":"CONCENTRACIONES MASIVAS DE POBLACION","GRUPO":"NO APLICA","INCIDENTE":"EVENTO MASIVO","CAUSAS":"CARRERA NAVIDE\u00d1A IMSS","CALLE_Y_NU":"PASEO DE LA REFORMA No. 476 ESQ. TOLEDO","COLONIA":"JUAREZ","DELEGACION":"CUAUHTEMOC","ATENDIO":"C5","ATENDIO_DG":"NO RELEVANTE","FUENTE":"C5","LESIONADOS":0,"FALLECIDOS":0,"LONGITUD":481877,"LATITUD":2147754}},{"type":"Feature","id":12,"geometry":{"type":"Point","coordinates":[-99.08957712319297,19.403985687148925]},"properties":{"FID":12,"OBJECTID":241,"FECHA":1512864000000,"FOLIO":12009,"HORA":"7:00:00 a. m.","FENOMENO":"SOCIO ORGANIZATIVO","TAXONOM\u00cdA":"CONCENTRACIONES MASIVAS DE POBLACION","GRUPO":"NO APLICA","INCIDENTE":"EVENTO MASIVO","CAUSAS":"CARRERA CICLISTA LA TOUR DE FRANCE","CALLE_Y_NU":"VIADUCTO RIO DE LA PIEDAD ESQ. RIO CHURUBUSCO","COLONIA":"GRANJAS MEXICO","DELEGACION":"IZTACALCO","ATENDIO":"SSP","ATENDIO_DG":"NO RELEVANTE","FUENTE":"C5","LESIONADOS":0,"FALLECIDOS":0,"LONGITUD":490595,"LATITUD":2145531}},{"type":"Feature","id":13,"geometry":{"type":"Point","coordinates":[-99.1630870002527,19.4236538717046]},"properties":{"FID":13,"OBJECTID":242,"FECHA":1512864000000,"FOLIO":12011,"HORA":"10:00:00 a. m.","FENOMENO":"SOCIO ORGANIZATIVO","TAXONOM\u00cdA":"CONCENTRACIONES MASIVAS DE POBLACION","GRUPO":"NO APLICA","INCIDENTE":"EVENTO MASIVO","CAUSAS":"INAUGURACION PISTA DE HIELO (GLORIETA INSURGENTES)","CALLE_Y_NU":"AV. INSURGENTES ESQ. AV. CHAPULTEPEC","COLONIA":"ROMA","DELEGACION":"CUAUHTEMOC","ATENDIO":"SSP, AGU","ATENDIO_DG":"NO RELEVANTE","FUENTE":"C5","LESIONADOS":0,"FALLECIDOS":0,"LONGITUD":482879,"LATITUD":2147713}},{"type":"Feature","id":14,"geometry":{"type":"Point","coordinates":[-99.11740829126266,19.48466329445612]},"properties":{"FID":14,"OBJECTID":244,"FECHA":1512950400000,"FOLIO":12029,"HORA":"8:00:00 a. m.","FENOMENO":"SOCIO ORGANIZATIVO","TAXONOM\u00cdA":"CONCENTRACIONES MASIVAS DE POBLACION","GRUPO":"NO APLICA","INCIDENTE":"FIESTAS RELIGIOSAS Y\/O PATRONALES","CAUSAS":"OPERATIVO AMIGO PEREGRINO 2017","CALLE_Y_NU":"CALZ.  DE LOS MISTERIOS ESQ. FRAY JUAN DE ZUMARRAGA","COLONIA":"VILLA GUSTAVO A. MADERO","DELEGACION":"GUSTAVO A. MADERO","ATENDIO":"DIF, POLICIA FEDERAL, SEDENA, SEMAR, UPC, SSP, LOCATEL","ATENDIO_DG":"REGIONAL CENTRO, OMEGA Y DELTA-23","FUENTE":"DGEM","LESIONADOS":0,"FALLECIDOS":0,"LONGITUD":487679,"LATITUD":2154460}},{"type":"Feature","id":15,"geometry":{"type":"Point","coordinates":[-99.08617603311005,19.438464489684872]},"properties":{"FID":15,"OBJECTID":248,"FECHA":1512950400000,"FOLIO":12035,"HORA":"12:20:00 p. m.","FENOMENO":"SOCIO ORGANIZATIVO","TAXONOM\u00cdA":"CONCENTRACIONES MASIVAS DE POBLACION","GRUPO":"NO APLICA","INCIDENTE":"BLOQUEOS","CAUSAS":"POR SUMINISTRO DE AGUA POTABLE","CALLE_Y_NU":"AV. CIRCUITO INTERIOR ESQ. NORTE 37","COLONIA":"PE\u00d1ON DE LOS BA\u00d1OS","DELEGACION":"VENUSTIANO CARRANZA","ATENDIO":"UPC, SSP, SACMEX","ATENDIO_DG":"NO RELEVANTE","FUENTE":"REDES SOCIALES","LESIONADOS":0,"FALLECIDOS":0,"LONGITUD":490954,"LATITUD":2149346}},{"type":"Feature","id":16,"geometry":{"type":"Point","coordinates":[-99.25807953844173,19.20792269684578]},"properties":{"FID":16,"OBJECTID":312,"FECHA":1513641600000,"FOLIO":12240,"HORA":"11:45:00 a. m","FENOMENO":"SOCIO ORGANIZATIVO","TAXONOM\u00cdA":"CONCENTRACIONES MASIVAS DE POBLACION","GRUPO":"GESTION DE SERVICIOS DE EMERGENCIA","INCIDENTE":"RESCATE DE PERSONAS","CAUSAS":"EXTRAVIADAS","CALLE_Y_NU":"CERRO DE LA CRUZ DEL MARQUEZ","COLONIA":"SANTO TOMAS AJUSCO","DELEGACION":"TLALPAN","ATENDIO":"SSP, CORENA, CONAFOR","ATENDIO_DG":"S.-17 (TIEMPO DE RESPUESTA 35 MIN.)","FUENTE":"C5","LESIONADOS":0,"FALLECIDOS":0,"LONGITUD":472871,"LATITUD":2123854}},{"type":"Feature","id":17,"geometry":{"type":"Point","coordinates":[-99.06264834342565,19.3456068858017]},"properties":{"FID":17,"OBJECTID":422,"FECHA":1513382400000,"FOLIO":12173,"HORA":"07:30:00 p. m","FENOMENO":"SOCIO ORGANIZATIVO","TAXONOM\u00cdA":"CONCENTRACIONES MASIVAS DE POBLACION","GRUPO":"NO APLICA","INCIDENTE":"EVENTO MASIVO","CAUSAS":"CARAVANA COCA COLA 2017","CALLE_Y_NU":"ANILLO PERIFERICO ESQ. CALZ. ERMITA IZTAPALAPA","COLONIA":"CONSTITUCION DE 1917","DELEGACION":"IZTAPALAPA","ATENDIO":"UPC, SSP","ATENDIO_DG":"NO RELEVANTE","FUENTE":"C5","LESIONADOS":0,"FALLECIDOS":0,"LONGITUD":493420,"LATITUD":2139070}},{"type":"Feature","id":18,"geometry":{"type":"Point","coordinates":[-99.17565987261837,19.422883017571447]},"properties":{"FID":18,"OBJECTID":424,"FECHA":1513468800000,"FOLIO":12184,"HORA":"11:10:00 a. m","FENOMENO":"SOCIO ORGANIZATIVO","TAXONOM\u00cdA":"CONCENTRACIONES MASIVAS DE POBLACION","GRUPO":"NO APLICA","INCIDENTE":"MANIFESTACION O MITIN","CAUSAS":"A FAVOR DE LA ELIMINACION DE LA LEY DE SEGURIDAD INTERIOR","CALLE_Y_NU":"PASEO DE LA REFORMA ESQ. LIEJA","COLONIA":"CUAUHTEMOC","DELEGACION":"CUAUHTEMOC","ATENDIO":"SSP","ATENDIO_DG":"NO RELEVANTE","FUENTE":"C5","LESIONADOS":0,"FALLECIDOS":0,"LONGITUD":481559,"LATITUD":2147629}},{"type":"Feature","id":19,"geometry":{"type":"Point","coordinates":[-99.1441981423978,19.434767583991206]},"properties":{"FID":19,"OBJECTID":461,"FECHA":1513987200000,"FOLIO":12339,"HORA":"06:19:00 p. m","FENOMENO":"SOCIO ORGANIZATIVO","TAXONOM\u00cdA":"CONCENTRACIONES MASIVAS DE POBLACION","GRUPO":"NO APLICA","INCIDENTE":"MANIFESTACION O MITIN","CAUSAS":"POR LA DESAPARICION DE 43 ESTUDIANTES","CALLE_Y_NU":"AV. JUAREZ ESQ. PASEO DE LA REFORMA","COLONIA":"CENTRO","DELEGACION":"CUAUHTEMOC","ATENDIO":"SSP","ATENDIO_DG":"NO RELEVANTE","FUENTE":"C5","LESIONADOS":0,"FALLECIDOS":0,"LONGITUD":484863,"LATITUD":2148941}},{"type":"Feature","id":20,"geometry":{"type":"Point","coordinates":[-99.14663053909679,19.4383534166568]},"properties":{"FID":20,"OBJECTID":480,"FECHA":1514419200000,"FOLIO":12448,"HORA":"0.31180555556","FENOMENO":"SOCIO ORGANIZATIVO","TAXONOM\u00cdA":"CONCENTRACIONES MASIVAS DE POBLACION","GRUPO":"NO APLICA","INCIDENTE":"FIESTAS RELIGIOSAS Y\/O PATRONALES","CAUSAS":"CELEBRACION MENSUAL DE SAN JUDAS TADEO EN LA IGLESIA DE SAN HIPOLITO","CALLE_Y_NU":"PUENTE DE ALVARADO ESQUINA AV. PASEO DE LA REFORMA","COLONIA":"TABACALERA","DELEGACION":"CUAUHTEMOC","ATENDIO":"SSP Y UPCD","ATENDIO_DG":"S.-REGIONAL CENTRO, 26.","FUENTE":"DGEM","LESIONADOS":8,"FALLECIDOS":0,"LONGITUD":484608,"LATITUD":2149338}},{"type":"Feature","id":21,"geometry":{"type":"Point","coordinates":[-99.16759526942458,19.426279603028288]},"properties":{"FID":21,"OBJECTID":496,"FECHA":1514678400000,"FOLIO":12520,"HORA":"0.90277777778","FENOMENO":"SOCIO ORGANIZATIVO","TAXONOM\u00cdA":"CONCENTRACIONES MASIVAS DE POBLACION","GRUPO":"NO APLICA","INCIDENTE":"EVENTO MASIVO","CAUSAS":"FESTEJOS DE A\u00d1O NUEVO","CALLE_Y_NU":"PASEO  DE LA REFORMA ESQ. FLORENCIA","COLONIA":"JUAREZ","DELEGACION":"CUAUHTEMOC","ATENDIO":"SSP, ERUM, CRUM, UPCD, LOCATEL, PGJ Y HCB.","ATENDIO_DG":"S.- GAMMA, FENIX, REGIONAL CENTRO, 10, 17, 24, 26, 16, 19, 25, 31, 32, 33, 35, 36, 37.","FUENTE":"DGEM","LESIONADOS":0,"FALLECIDOS":0,"LONGITUD":482406,"LATITUD":2148004}},{"type":"Feature","id":22,"geometry":{"type":"Point","coordinates":[-99.14416031680635,19.43508391725894]},"properties":{"FID":22,"OBJECTID":508,"FECHA":1489622400000,"FOLIO":2311,"HORA":"12:00:00 a. m.","FENOMENO":"SOCIO ORGANIZATIVO","TAXONOM\u00cdA":"CONCENTRACIONES MASIVAS DE POBLACION","GRUPO":"NO APLICA","INCIDENTE":"MANIFESTACION O MITIN","CAUSAS":"EN DEMANDA DE SU INCORPORACION A PROGRAMAS DE REORDENAMIENTO DE COMERCIO EN VIA PUBLICA","CALLE_Y_NU":"AV. JUAREZ ESQ. DR. MORA","COLONIA":"CENTRO","DELEGACION":"CUAUHTEMOC","ATENDIO":"SSP, UPCD","ATENDIO_DG":"S.-25","FUENTE":"SSP","LESIONADOS":0,"FALLECIDOS":0,"LONGITUD":-99.1441603168,"LATITUD":19.4350839173}},{"type":"Feature","id":23,"geometry":{"type":"Point","coordinates":[-99.08650905080428,19.43769616532826]},"properties":{"FID":23,"OBJECTID":561,"FECHA":1489708800000,"FOLIO":2371,"HORA":"12:00:00 a. m.","FENOMENO":"SOCIO ORGANIZATIVO","TAXONOM\u00cdA":"CONCENTRACIONES MASIVAS DE POBLACION","GRUPO":"NO APLICA","INCIDENTE":"BLOQUEOS","CAUSAS":"FALTA DE AGUA POTABLE","CALLE_Y_NU":"CIRCUITO INTERIOR RIO CONSULADO ESQ. ORIENTE 37","COLONIA":"PE\u00d1ON DE LOS BA\u00d1OS","DELEGACION":"VENUSTIANO CARRANZA","ATENDIO":"SACMEX, SSP","ATENDIO_DG":"NO RELEVANTE","FUENTE":"C5","LESIONADOS":7,"FALLECIDOS":0,"LONGITUD":-99.0865090508,"LATITUD":19.4376961653}},{"type":"Feature","id":24,"geometry":{"type":"Point","coordinates":[-99.15426587953647,19.433241051686636]},"properties":{"FID":24,"OBJECTID":563,"FECHA":1489708800000,"FOLIO":2373,"HORA":"12:00:00 a. m.","FENOMENO":"SOCIO ORGANIZATIVO","TAXONOM\u00cdA":"CONCENTRACIONES MASIVAS DE POBLACION","GRUPO":"GESTION DE SERVICIOS DE EMERGENCIA","INCIDENTE":"TRABAJOS DE MODERNIZACION DE LA RED DEL PASEO DE LA REFORMA DE LA CFE","CAUSAS":"PREVENCION","CALLE_Y_NU":"PASEO DE LA REFORMA","COLONIA":"JUAREZ","DELEGACION":"CUAUHTEMOC","ATENDIO":"CFE, SSP","ATENDIO_DG":"S.-26","FUENTE":"DGEM","LESIONADOS":0,"FALLECIDOS":0,"LONGITUD":-99.1542658795,"LATITUD":19.4332410517}},{"type":"Feature","id":25,"geometry":{"type":"Point","coordinates":[-99.1145766181912,19.26451640669197]},"properties":{"FID":25,"OBJECTID":572,"FECHA":1489795200000,"FOLIO":2390,"HORA":"12:00:00 a. m.","FENOMENO":"SOCIO ORGANIZATIVO","TAXONOM\u00cdA":"CONCENTRACIONES MASIVAS DE POBLACION","GRUPO":"NO APLICA","INCIDENTE":"BLOQUEOS","CAUSAS":"SOLICITANDO AUTORIZACION DE LA COLOCACION DE MAS PUESTOS","CALLE_Y_NU":"PROLONGACION DIVISION DEL NORTE ESQ. AV. MEXICO","COLONIA":"HUICHAPAN","DELEGACION":"XOCHIMILCO","ATENDIO":"UPC, SSP","ATENDIO_DG":"NO RELEVANTE","FUENTE":"C5","LESIONADOS":0,"FALLECIDOS":0,"LONGITUD":-99.1145766182,"LATITUD":19.2645164067}},{"type":"Feature","id":26,"geometry":{"type":"Point","coordinates":[-99.16743374956711,19.426686427633324]},"properties":{"FID":26,"OBJECTID":573,"FECHA":1489795200000,"FOLIO":2391,"HORA":"12:00:00 a. m.","FENOMENO":"SOCIO ORGANIZATIVO","TAXONOM\u00cdA":"CONCENTRACIONES MASIVAS DE POBLACION","GRUPO":"NO APLICA","INCIDENTE":"MANIFESTACION O MITIN","CAUSAS":"POR LA NACIONALIZACION DE LA INDUSTRIA PETROLERA","CALLE_Y_NU":"PASEO DE LA REFORMA ESQ. FLORENCIA","COLONIA":"JUAREZ","DELEGACION":"CUAUHTEMOC","ATENDIO":"SSP","ATENDIO_DG":"NO RELEVANTE","FUENTE":"C5","LESIONADOS":0,"FALLECIDOS":0,"LONGITUD":-99.1674337496,"LATITUD":19.4266864276}},{"type":"Feature","id":27,"geometry":{"type":"Point","coordinates":[-99.13319358784481,19.4325528317523]},"properties":{"FID":27,"OBJECTID":577,"FECHA":1489881600000,"FOLIO":2395,"HORA":"12:00:00 a. m.","FENOMENO":"SOCIO ORGANIZATIVO","TAXONOM\u00cdA":"CONCENTRACIONES MASIVAS DE POBLACION","GRUPO":"NO APLICA","INCIDENTE":"EVENTO MASIVO","CAUSAS":"DIA DEL SINDROME DE DOWN","CALLE_Y_NU":"PLAZA DE LA CONSTITUCION S\/N","COLONIA":"CENTRO","DELEGACION":"CUAUHTEMOC","ATENDIO":"SSP","ATENDIO_DG":"NO RELEVANTE","FUENTE":"C5","LESIONADOS":0,"FALLECIDOS":0,"LONGITUD":-99.1331935878,"LATITUD":19.4325528318}},{"type":"Feature","id":28,"geometry":{"type":"Point","coordinates":[-99.04764337797576,19.346180779505204]},"properties":{"FID":28,"OBJECTID":581,"FECHA":1489881600000,"FOLIO":2405,"HORA":"12:00:00 a. m.","FENOMENO":"SOCIO ORGANIZATIVO","TAXONOM\u00cdA":"CONCENTRACIONES MASIVAS DE POBLACION","GRUPO":"GESTION DE SERVICIOS DE EMERGENCIA","INCIDENTE":"SOLICITUD DE SERVICIOS DGEM","CAUSAS":"TRASLADO DE MUSEO MOVIL","CALLE_Y_NU":"CALLE 71 ESQ. AV. SEXTA","COLONIA":"SANTA CRUZ MEYEHUALCO","DELEGACION":"IZTAPALAPA","ATENDIO":"SSP","ATENDIO_DG":"S.-12, S.-14, S.-28 Y S.-9","FUENTE":"DGEM","LESIONADOS":0,"FALLECIDOS":0,"LONGITUD":-99.047643378,"LATITUD":19.3461807795}},{"type":"Feature","id":29,"geometry":{"type":"Point","coordinates":[-99.13822914860854,19.450659676292393]},"properties":{"FID":29,"OBJECTID":600,"FECHA":1489968000000,"FOLIO":2425,"HORA":"12:00:00 a. m.","FENOMENO":"SOCIO ORGANIZATIVO","TAXONOM\u00cdA":"CONCENTRACIONES MASIVAS DE POBLACION","GRUPO":"NO APLICA","INCIDENTE":"EVENTO MASIVO","CAUSAS":"MONITOREO EN ZONAS ARQUEOLOGICAS POR EQUINOCCIO DE PRIMAVERA","CALLE_Y_NU":"EJE CENTRAL LAZARO CARDENAS ESQ. RICARDO FLORES MAGON","COLONIA":"NONOALCO TLATELOLCO","DELEGACION":"CUAUHTEMOC","ATENDIO":"UPC,","ATENDIO_DG":"NO RELEVANTE","FUENTE":"DGEM","LESIONADOS":0,"FALLECIDOS":0,"LONGITUD":-99.1382291486,"LATITUD":19.4506596763}},{"type":"Feature","id":30,"geometry":{"type":"Point","coordinates":[-99.18294489142123,19.30159534860961]},"properties":{"FID":30,"OBJECTID":601,"FECHA":1489968000000,"FOLIO":2426,"HORA":"12:00:00 a. m.","FENOMENO":"SOCIO ORGANIZATIVO","TAXONOM\u00cdA":"CONCENTRACIONES MASIVAS DE POBLACION","GRUPO":"NO APLICA","INCIDENTE":"EVENTO MASIVO","CAUSAS":"MONITOREO EN ZONAS ARQUEOLOGICAS POR EQUINOCCIO DE PRIMAVERA","CALLE_Y_NU":"PERIFERICO ESQ. AV. INSURGENTES SUR","COLONIA":"ISIDRO FABELA","DELEGACION":"TLALPAN","ATENDIO":"UPC, SSP","ATENDIO_DG":"REGIONAL SUR Y S.-17","FUENTE":"DGEM","LESIONADOS":0,"FALLECIDOS":0,"LONGITUD":-99.1829448914,"LATITUD":19.3015953486}},{"type":"Feature","id":31,"geometry":{"type":"Point","coordinates":[-99.13186135498498,19.43430702892864]},"properties":{"FID":31,"OBJECTID":602,"FECHA":1489968000000,"FOLIO":2427,"HORA":"12:00:00 a. m.","FENOMENO":"SOCIO ORGANIZATIVO","TAXONOM\u00cdA":"CONCENTRACIONES MASIVAS DE POBLACION","GRUPO":"NO APLICA","INCIDENTE":"EVENTO MASIVO","CAUSAS":"MONITOREO EN ZONAS ARQUEOLOGICAS POR EQUINOCCIO DE PRIMAVERA","CALLE_Y_NU":"SEMINARIO No. 8","COLONIA":"CENTRO","DELEGACION":"CUAUHTEMOC","ATENDIO":"UPC, SSP","ATENDIO_DG":"REGIONAL CENTRO, S.-8 Y S.-22","FUENTE":"DGEM","LESIONADOS":0,"FALLECIDOS":0,"LONGITUD":-99.131861355,"LATITUD":19.4343070289}},{"type":"Feature","id":32,"geometry":{"type":"Point","coordinates":[-99.1625018449499,19.429112887615727]},"properties":{"FID":32,"OBJECTID":623,"FECHA":1489968000000,"FOLIO":2457,"HORA":"12:00:00 a. m.","FENOMENO":"SOCIO ORGANIZATIVO","TAXONOM\u00cdA":"CONCENTRACIONES MASIVAS DE POBLACION","GRUPO":"GESTION DE SERVICIOS DE EMERGENCIA","INCIDENTE":"TRABAJOS DE MODERNIZACION DE LA RED DEL PASEO DE LA REFORMA DE LA CFE","CAUSAS":"PREVENCION","CALLE_Y_NU":"PASEO DE LA REFORMA","COLONIA":"JUAREZ","DELEGACION":"CUAUHTEMOC","ATENDIO":"CFE, SSP","ATENDIO_DG":"S.-26","FUENTE":"DGEM","LESIONADOS":0,"FALLECIDOS":0,"LONGITUD":-99.1625018449,"LATITUD":19.4291128876}},{"type":"Feature","id":33,"geometry":{"type":"Point","coordinates":[-99.139719258358,19.444061361160113]},"properties":{"FID":33,"OBJECTID":668,"FECHA":1490054400000,"FOLIO":2514,"HORA":"12:00:00 a. m.","FENOMENO":"SOCIO ORGANIZATIVO","TAXONOM\u00cdA":"CONCENTRACIONES MASIVAS DE POBLACION","GRUPO":"GESTION DE SERVICIOS DE EMERGENCIA","INCIDENTE":"TRABAJOS DE MODERNIZACION DE LA RED DEL PASEO DE LA REFORMA DE LA CFE","CAUSAS":"PREVENCION","CALLE_Y_NU":"PASEO DE LA REFORMA","COLONIA":"JUAREZ","DELEGACION":"CUAUHTEMOC","ATENDIO":"CFE, SSP","ATENDIO_DG":"S.-26","FUENTE":"DGEM","LESIONADOS":0,"FALLECIDOS":0,"LONGITUD":-99.1397192584,"LATITUD":19.4440613612}},{"type":"Feature","id":34,"geometry":{"type":"Point","coordinates":[-99.15426587953647,19.433241051686636]},"properties":{"FID":34,"OBJECTID":707,"FECHA":1490140800000,"FOLIO":2563,"HORA":"12:00:00 a. m.","FENOMENO":"SOCIO ORGANIZATIVO","TAXONOM\u00cdA":"CONCENTRACIONES MASIVAS DE POBLACION","GRUPO":"GESTION DE SERVICIOS DE EMERGENCIA","INCIDENTE":"TRABAJOS DE MODERNIZACION DE LA RED DEL PASEO DE LA REFORMA DE LA CFE","CAUSAS":"PREVENCION","CALLE_Y_NU":"PASEO DE LA REFORMA","COLONIA":"JUAREZ","DELEGACION":"CUAUHTEMOC","ATENDIO":"CFE, SSP","ATENDIO_DG":"S.-26","FUENTE":"DGEM","LESIONADOS":0,"FALLECIDOS":0,"LONGITUD":-99.1542658795,"LATITUD":19.4332410517}},{"type":"Feature","id":35,"geometry":{"type":"Point","coordinates":[-99.139719258358,19.444061361160113]},"properties":{"FID":35,"OBJECTID":729,"FECHA":1490227200000,"FOLIO":2605,"HORA":"12:00:00 a. m.","FENOMENO":"SOCIO ORGANIZATIVO","TAXONOM\u00cdA":"CONCENTRACIONES MASIVAS DE POBLACION","GRUPO":"GESTION DE SERVICIOS DE EMERGENCIA","INCIDENTE":"TRABAJOS DE MODERNIZACION DE LA RED DEL PASEO DE LA REFORMA DE LA CFE","CAUSAS":"PREVENCION","CALLE_Y_NU":"PASEO DE LA REFORMA","COLONIA":"JUAREZ","DELEGACION":"CUAUHTEMOC","ATENDIO":"CFE, SSP","ATENDIO_DG":"S.-26","FUENTE":"DGEM","LESIONADOS":0,"FALLECIDOS":0,"LONGITUD":-99.1397192584,"LATITUD":19.4440613612}},{"type":"Feature","id":36,"geometry":{"type":"Point","coordinates":[-99.15426587953647,19.433241051686636]},"properties":{"FID":36,"OBJECTID":749,"FECHA":1490313600000,"FOLIO":2642,"HORA":"12:00:00 a. m.","FENOMENO":"SOCIO ORGANIZATIVO","TAXONOM\u00cdA":"CONCENTRACIONES MASIVAS DE POBLACION","GRUPO":"GESTION DE SERVICIOS DE EMERGENCIA","INCIDENTE":"TRABAJOS DE MODERNIZACION DE LA RED DEL PASEO DE LA REFORMA DE LA CFE","CAUSAS":"PREVENCION","CALLE_Y_NU":"PASEO DE LA REFORMA","COLONIA":"JUAREZ","DELEGACION":"CUAUHTEMOC","ATENDIO":"CFE, SSP","ATENDIO_DG":"S.-26","FUENTE":"DGEM","LESIONADOS":0,"FALLECIDOS":0,"LONGITUD":-99.1542658795,"LATITUD":19.4332410517}},{"type":"Feature","id":37,"geometry":{"type":"Point","coordinates":[-99.13320315074165,19.432598010938225]},"properties":{"FID":37,"OBJECTID":756,"FECHA":1490400000000,"FOLIO":2652,"HORA":"12:00:00 a. m.","FENOMENO":"SOCIO ORGANIZATIVO","TAXONOM\u00cdA":"CONCENTRACIONES MASIVAS DE POBLACION","GRUPO":"NO APLICA","INCIDENTE":"EVENTO MASIVO","CAUSAS":"BODAS COLECTIVAS","CALLE_Y_NU":"EXPLANADA PLAZA DE LA CONSTITUCION","COLONIA":"CENTRO","DELEGACION":"CUAUHTEMOC","ATENDIO":"SSP","ATENDIO_DG":"NO RELEVANTE","FUENTE":"C5","LESIONADOS":0,"FALLECIDOS":0,"LONGITUD":-99.1332031507,"LATITUD":19.4325980109}},{"type":"Feature","id":38,"geometry":{"type":"Point","coordinates":[-99.16740509841367,19.426614156167965]},"properties":{"FID":38,"OBJECTID":760,"FECHA":1490400000000,"FOLIO":2657,"HORA":"12:00:00 a. m.","FENOMENO":"SOCIO ORGANIZATIVO","TAXONOM\u00cdA":"CONCENTRACIONES MASIVAS DE POBLACION","GRUPO":"NO APLICA","INCIDENTE":"MANIFESTACION O MITIN","CAUSAS":"NO MAS PERIODISTAS ASESINADOS","CALLE_Y_NU":"PASEO DE LA REFORMA Y EJE 2 PONIENTE","COLONIA":"JUAREZ","DELEGACION":"CUAUHTEMOC","ATENDIO":"SSP","ATENDIO_DG":"NO RELEVANTE","FUENTE":"C5","LESIONADOS":0,"FALLECIDOS":0,"LONGITUD":-99.1674050984,"LATITUD":19.4266141562}},{"type":"Feature","id":39,"geometry":{"type":"Point","coordinates":[-99.17163298809932,19.42516425152002]},"properties":{"FID":39,"OBJECTID":762,"FECHA":1490400000000,"FOLIO":2662,"HORA":"12:00:00 a. m.","FENOMENO":"SOCIO ORGANIZATIVO","TAXONOM\u00cdA":"CONCENTRACIONES MASIVAS DE POBLACION","GRUPO":"NO APLICA","INCIDENTE":"EVENTO MASIVO","CAUSAS":"LA HORA DEL PLANETA","CALLE_Y_NU":"PASEO DE LA REFORMA S\/N. ESQ. SEVILLA","COLONIA":"JUAREZ","DELEGACION":"CUAUHTEMOC","ATENDIO":"GCDMX","ATENDIO_DG":"NO RELEVANTE","FUENTE":"C5","LESIONADOS":0,"FALLECIDOS":0,"LONGITUD":-99.1716329881,"LATITUD":19.4251642515}},{"type":"Feature","id":40,"geometry":{"type":"Point","coordinates":[-99.2099484066118,19.331199688051978]},"properties":{"FID":40,"OBJECTID":781,"FECHA":1490572800000,"FOLIO":2708,"HORA":"12:00:00 a. m.","FENOMENO":"SOCIO ORGANIZATIVO","TAXONOM\u00cdA":"CONCENTRACIONES MASIVAS DE POBLACION","GRUPO":"NO APLICA","INCIDENTE":"MANIFESTACION O MITIN","CAUSAS":"ALIANZA DE ORGANIZACIONES SOCIALES API","CALLE_Y_NU":"PERIFERICO ESQ. AV. SAN JERONIMO","COLONIA":"JARDINES DEL PEDREGAL","DELEGACION":"ALVARO OBREGON","ATENDIO":"SSP","ATENDIO_DG":"S.-11 (TIEMPO DE RESPUESTA 03 MIN.)","FUENTE":"C5","LESIONADOS":0,"FALLECIDOS":0,"LONGITUD":-99.2099484066,"LATITUD":19.3311996881}},{"type":"Feature","id":41,"geometry":{"type":"Point","coordinates":[-99.13446591781447,19.415914319335794]},"properties":{"FID":41,"OBJECTID":782,"FECHA":1490572800000,"FOLIO":2709,"HORA":"12:00:00 a. m.","FENOMENO":"SOCIO ORGANIZATIVO","TAXONOM\u00cdA":"CONCENTRACIONES MASIVAS DE POBLACION","GRUPO":"NO APLICA","INCIDENTE":"MANIFESTACION O MITIN","CAUSAS":"CONSEJO COORDINADOR DEL COMERCIO AC","CALLE_Y_NU":"CALZADA SAN ANTONIO ABAD ESQ. FERNANDO ALVA IXTLIXOCHITL","COLONIA":"TRANSITO","DELEGACION":"CUAUHTEMOC","ATENDIO":"SSP","ATENDIO_DG":"S.-25","FUENTE":"C5","LESIONADOS":0,"FALLECIDOS":0,"LONGITUD":-99.1344659178,"LATITUD":19.4159143193}},{"type":"Feature","id":42,"geometry":{"type":"Point","coordinates":[-99.15464020293248,19.43620494520093]},"properties":{"FID":42,"OBJECTID":783,"FECHA":1490572800000,"FOLIO":2710,"HORA":"12:00:00 a. m.","FENOMENO":"SOCIO ORGANIZATIVO","TAXONOM\u00cdA":"CONCENTRACIONES MASIVAS DE POBLACION","GRUPO":"NO APLICA","INCIDENTE":"MANIFESTACION O MITIN","CAUSAS":"CONSEJO COORDINADOR DEL COMERCIO SOCIAL","CALLE_Y_NU":"PLAZA DE LA REPUBLICA S\/N ESQ. IGNACIO RAMIREZ","COLONIA":"TABACALERA","DELEGACION":"CUAUHTEMOC","ATENDIO":"SSP","ATENDIO_DG":"NO RELEVANTE","FUENTE":"C5","LESIONADOS":0,"FALLECIDOS":0,"LONGITUD":-99.1546402029,"LATITUD":19.4362049452}},{"type":"Feature","id":43,"geometry":{"type":"Point","coordinates":[-99.15426587953647,19.433241051686636]},"properties":{"FID":43,"OBJECTID":801,"FECHA":1490572800000,"FOLIO":2739,"HORA":"12:00:00 a. m.","FENOMENO":"SOCIO ORGANIZATIVO","TAXONOM\u00cdA":"CONCENTRACIONES MASIVAS DE POBLACION","GRUPO":"GESTION DE SERVICIOS DE EMERGENCIA","INCIDENTE":"TRABAJOS DE MODERNIZACION DE LA RED DEL PASEO DE LA REFORMA DE LA CFE","CAUSAS":"PREVENCION","CALLE_Y_NU":"PASEO DE LA REFORMA","COLONIA":"JUAREZ","DELEGACION":"CUAUHTEMOC","ATENDIO":"CFE, SSP","ATENDIO_DG":"S.-26","FUENTE":"DGEM","LESIONADOS":0,"FALLECIDOS":0,"LONGITUD":-99.1542658795,"LATITUD":19.4332410517}},{"type":"Feature","id":44,"geometry":{"type":"Point","coordinates":[-99.139719258358,19.444061361160113]},"properties":{"FID":44,"OBJECTID":818,"FECHA":1490659200000,"FOLIO":2771,"HORA":"12:00:00 a. m.","FENOMENO":"SOCIO ORGANIZATIVO","TAXONOM\u00cdA":"CONCENTRACIONES MASIVAS DE POBLACION","GRUPO":"GESTION DE SERVICIOS DE EMERGENCIA","INCIDENTE":"TRABAJOS DE MODERNIZACION DE LA RED DEL PASEO DE LA REFORMA DE LA CFE","CAUSAS":"PREVENCION","CALLE_Y_NU":"PASEO DE LA REFORMA","COLONIA":"JUAREZ","DELEGACION":"CUAUHTEMOC","ATENDIO":"CFE, SSP","ATENDIO_DG":"S.-26","FUENTE":"DGEM","LESIONADOS":0,"FALLECIDOS":0,"LONGITUD":-99.1397192584,"LATITUD":19.4440613612}},{"type":"Feature","id":45,"geometry":{"type":"Point","coordinates":[-99.146906121584,19.437594066385074]},"properties":{"FID":45,"OBJECTID":825,"FECHA":1490659200000,"FOLIO":2758,"HORA":"12:00:00 a. m.","FENOMENO":"SOCIO ORGANIZATIVO","TAXONOM\u00cdA":"CONCENTRACIONES MASIVAS DE POBLACION","GRUPO":"NO APLICA","INCIDENTE":"FIESTAS RELIGIOSAS Y\/O PATRONALES","CAUSAS":"CELEBRACION MENSUAL DE SAN JUDAS TADEO","CALLE_Y_NU":"PUENTE DE ALVARADO ESQ. AV. PASEO DE LA REFORMA","COLONIA":"TABACALERA","DELEGACION":"CUAUHTEMOC","ATENDIO":"UPC, SSP","ATENDIO_DG":"S.-26","FUENTE":"DGEM","LESIONADOS":0,"FALLECIDOS":0,"LONGITUD":-99.1469061216,"LATITUD":19.4375940664}},{"type":"Feature","id":46,"geometry":{"type":"Point","coordinates":[-99.1717574098196,19.425724442443133]},"properties":{"FID":46,"OBJECTID":834,"FECHA":1490745600000,"FOLIO":2779,"HORA":"12:00:00 a. m.","FENOMENO":"SOCIO ORGANIZATIVO","TAXONOM\u00cdA":"CONCENTRACIONES MASIVAS DE POBLACION","GRUPO":"NO APLICA","INCIDENTE":"MANIFESTACION O MITIN","CAUSAS":"EN CONTRA DE LAS AUTORIDADES DE LA SEDATU","CALLE_Y_NU":"PASEO DE LA REFORMA ESQ. RIO MISSISIPI","COLONIA":"CUAUHTEMOC","DELEGACION":"CUAUHTEMOC","ATENDIO":"UPC, SSP","ATENDIO_DG":"NO RELEVANTE","FUENTE":"REDES SOCIALES","LESIONADOS":0,"FALLECIDOS":0,"LONGITUD":-99.1717574098,"LATITUD":19.4257244424}},{"type":"Feature","id":47,"geometry":{"type":"Point","coordinates":[-99.19046846959074,19.395313533611194]},"properties":{"FID":47,"OBJECTID":840,"FECHA":1490745600000,"FOLIO":2785,"HORA":"12:00:00 a. m.","FENOMENO":"SOCIO ORGANIZATIVO","TAXONOM\u00cdA":"CONCENTRACIONES MASIVAS DE POBLACION","GRUPO":"NO APLICA","INCIDENTE":"SIMULACRO","CAUSAS":"PREVENCION","CALLE_Y_NU":"FELIPE ANGELES ENTRE ZENZONTLE Y AVESTRUZ","COLONIA":"BELLAVISTA","DELEGACION":"ALVARO OBREGON","ATENDIO":"SSP","ATENDIO_DG":"S.-18","FUENTE":"DGEM","LESIONADOS":0,"FALLECIDOS":0,"LONGITUD":-99.1904684696,"LATITUD":19.3953135336}},{"type":"Feature","id":48,"geometry":{"type":"Point","coordinates":[-98.99846812769965,19.23675313035218]},"properties":{"FID":48,"OBJECTID":841,"FECHA":1490745600000,"FOLIO":2786,"HORA":"12:00:00 a. m.","FENOMENO":"SOCIO ORGANIZATIVO","TAXONOM\u00cdA":"CONCENTRACIONES MASIVAS DE POBLACION","GRUPO":"NO APLICA","INCIDENTE":"SIMULACRO","CAUSAS":"PREVENCION","CALLE_Y_NU":"SONETO No. 5 ESQ. MAYOR FELIX VELAZQUEZ","COLONIA":"AMPLIACION LA CONCHITA","DELEGACION":"TLAHUAC","ATENDIO":"UPC, SSP","ATENDIO_DG":"S.-16","FUENTE":"DGEM","LESIONADOS":0,"FALLECIDOS":0,"LONGITUD":-98.9984681277,"LATITUD":19.2367531304}},{"type":"Feature","id":49,"geometry":{"type":"Point","coordinates":[-99.18471684996032,19.370683864080686]},"properties":{"FID":49,"OBJECTID":842,"FECHA":1490745600000,"FOLIO":2787,"HORA":"12:00:00 a. m.","FENOMENO":"SOCIO ORGANIZATIVO","TAXONOM\u00cdA":"CONCENTRACIONES MASIVAS DE POBLACION","GRUPO":"NO APLICA","INCIDENTE":"SIMULACRO","CAUSAS":"PREVENCION","CALLE_Y_NU":"RIO MIXCOAC No. 125 ESQ. CANOVA","COLONIA":"INSURGENTES MIXCOAC","DELEGACION":"BENITO JUAREZ","ATENDIO":"UPC, SSP","ATENDIO_DG":"S.-21","FUENTE":"DGEM","LESIONADOS":0,"FALLECIDOS":0,"LONGITUD":-99.18471685,"LATITUD":19.3706838641}},{"type":"Feature","id":50,"geometry":{"type":"Point","coordinates":[-99.11269296493842,19.445589378103552]},"properties":{"FID":50,"OBJECTID":843,"FECHA":1490745600000,"FOLIO":2788,"HORA":"12:00:00 a. m.","FENOMENO":"SOCIO ORGANIZATIVO","TAXONOM\u00cdA":"CONCENTRACIONES MASIVAS DE POBLACION","GRUPO":"NO APLICA","INCIDENTE":"SIMULACRO","CAUSAS":"PREVENCION","CALLE_Y_NU":"PELUQUEROS ESQ. HUICHAPAN","COLONIA":"MICHOACAN","DELEGACION":"VENUSTIANO CARRANZA","ATENDIO":"UPC, SSP","ATENDIO_DG":"S.-24","FUENTE":"DGEM","LESIONADOS":0,"FALLECIDOS":0,"LONGITUD":-99.1126929649,"LATITUD":19.4455893781}},{"type":"Feature","id":51,"geometry":{"type":"Point","coordinates":[-99.20537912664142,19.43785361893624]},"properties":{"FID":51,"OBJECTID":844,"FECHA":1490745600000,"FOLIO":2789,"HORA":"12:00:00 a. m.","FENOMENO":"SOCIO ORGANIZATIVO","TAXONOM\u00cdA":"CONCENTRACIONES MASIVAS DE POBLACION","GRUPO":"NO APLICA","INCIDENTE":"SIMULACRO","CAUSAS":"PREVENCION","CALLE_Y_NU":"ERNESTO PUGIBET No. 68 ESQ. CDA. DE ERNESTO PUGIBET","COLONIA":"CENTRO","DELEGACION":"CUAUHTEMOC","ATENDIO":"UPC, SSP","ATENDIO_DG":"REGIONAL CENTRO","FUENTE":"DGEM","LESIONADOS":0,"FALLECIDOS":0,"LONGITUD":-99.2053791266,"LATITUD":19.4378536189}},{"type":"Feature","id":52,"geometry":{"type":"Point","coordinates":[-99.13770075064278,19.286678222360212]},"properties":{"FID":52,"OBJECTID":845,"FECHA":1490745600000,"FOLIO":2790,"HORA":"12:00:00 a. m.","FENOMENO":"SOCIO ORGANIZATIVO","TAXONOM\u00cdA":"CONCENTRACIONES MASIVAS DE POBLACION","GRUPO":"NO APLICA","INCIDENTE":"SIMULACRO","CAUSAS":"PREVENCION","CALLE_Y_NU":"PROLONGACION CANAL DE MIRAMONTES No. 3855 ESQ. PUENTE","COLONIA":"LOS COLORINES","DELEGACION":"TLALPAN","ATENDIO":"UPC, SSP","ATENDIO_DG":"S.-17","FUENTE":"DGEM","LESIONADOS":0,"FALLECIDOS":0,"LONGITUD":-99.1377007506,"LATITUD":19.2866782224}},{"type":"Feature","id":53,"geometry":{"type":"Point","coordinates":[-99.18380536175074,19.48316213667634]},"properties":{"FID":53,"OBJECTID":846,"FECHA":1490745600000,"FOLIO":2791,"HORA":"12:00:00 a. m.","FENOMENO":"SOCIO ORGANIZATIVO","TAXONOM\u00cdA":"CONCENTRACIONES MASIVAS DE POBLACION","GRUPO":"NO APLICA","INCIDENTE":"SIMULACRO","CAUSAS":"PREVENCION","CALLE_Y_NU":"JERUSALEN S\/N ESQ. 22 DE FEBRERO","COLONIA":"DEL MAESTRO","DELEGACION":"AZCAPOTZALCO","ATENDIO":"UPC, SSP","ATENDIO_DG":"S.-6","FUENTE":"DGEM","LESIONADOS":0,"FALLECIDOS":0,"LONGITUD":-99.1838053618,"LATITUD":19.4831621367}},{"type":"Feature","id":54,"geometry":{"type":"Point","coordinates":[-99.08419295390082,19.361323160028572]},"properties":{"FID":54,"OBJECTID":847,"FECHA":1490745600000,"FOLIO":2792,"HORA":"12:00:00 a. m.","FENOMENO":"SOCIO ORGANIZATIVO","TAXONOM\u00cdA":"CONCENTRACIONES MASIVAS DE POBLACION","GRUPO":"NO APLICA","INCIDENTE":"SIMULACRO","CAUSAS":"PREVENCION","CALLE_Y_NU":"AV. JAVIER ROJO GOMEZ No. 1223 ESQ. 2da. CERRADA DE SAN MIGUEL","COLONIA":"SAN MIGUEL","DELEGACION":"IZTAPALAPA","ATENDIO":"UPC, SSP","ATENDIO_DG":"S.-13","FUENTE":"DGEM","LESIONADOS":0,"FALLECIDOS":0,"LONGITUD":-99.0841929539,"LATITUD":19.36132316}},{"type":"Feature","id":55,"geometry":{"type":"Point","coordinates":[-99.15426587953647,19.433241051686636]},"properties":{"FID":55,"OBJECTID":859,"FECHA":1490745600000,"FOLIO":2815,"HORA":"12:00:00 a. m.","FENOMENO":"SOCIO ORGANIZATIVO","TAXONOM\u00cdA":"CONCENTRACIONES MASIVAS DE POBLACION","GRUPO":"GESTION DE SERVICIOS DE EMERGENCIA","INCIDENTE":"TRABAJOS DE MODERNIZACION DE LA RED DEL PASEO DE LA REFORMA DE LA CFE","CAUSAS":"PREVENCION","CALLE_Y_NU":"PASEO DE LA REFORMA","COLONIA":"JUAREZ","DELEGACION":"CUAUHTEMOC","ATENDIO":"CFE, SSP","ATENDIO_DG":"S.-26","FUENTE":"DGEM","LESIONADOS":0,"FALLECIDOS":0,"LONGITUD":-99.1542658795,"LATITUD":19.4332410517}},{"type":"Feature","id":56,"geometry":{"type":"Point","coordinates":[-99.15462110763916,19.43615977531781]},"properties":{"FID":56,"OBJECTID":887,"FECHA":1490832000000,"FOLIO":2851,"HORA":"12:00:00 a. m.","FENOMENO":"SOCIO ORGANIZATIVO","TAXONOM\u00cdA":"CONCENTRACIONES MASIVAS DE POBLACION","GRUPO":"NO APLICA","INCIDENTE":"EVENTO MASIVO","CAUSAS":"PASEO CICLISTA","CALLE_Y_NU":"PLAZA DE LA REPUBLICA S\/N ESQ. VALENTIN GOMEZ  FARIAS","COLONIA":"TABACALERA","DELEGACION":"CUAUHTEMOC","ATENDIO":"SSP","ATENDIO_DG":"REGIONAL CENTRO Y S.-20","FUENTE":"DGEM","LESIONADOS":0,"FALLECIDOS":0,"LONGITUD":-99.1546211076,"LATITUD":19.4361597753}},{"type":"Feature","id":57,"geometry":{"type":"Point","coordinates":[-99.139719258358,19.444061361160113]},"properties":{"FID":57,"OBJECTID":888,"FECHA":1490832000000,"FOLIO":2853,"HORA":"12:00:00 a. m.","FENOMENO":"SOCIO ORGANIZATIVO","TAXONOM\u00cdA":"CONCENTRACIONES MASIVAS DE POBLACION","GRUPO":"GESTION DE SERVICIOS DE EMERGENCIA","INCIDENTE":"TRABAJOS DE MODERNIZACION DE LA RED DEL PASEO DE LA REFORMA DE LA CFE","CAUSAS":"PREVENCION","CALLE_Y_NU":"PASEO DE LA REFORMA","COLONIA":"JUAREZ","DELEGACION":"CUAUHTEMOC","ATENDIO":"CFE, SSP","ATENDIO_DG":"S.-26","FUENTE":"DGEM","LESIONADOS":0,"FALLECIDOS":0,"LONGITUD":-99.1397192584,"LATITUD":19.4440613612}},{"type":"Feature","id":58,"geometry":{"type":"Point","coordinates":[-99.15426587953647,19.433241051686636]},"properties":{"FID":58,"OBJECTID":915,"FECHA":1490918400000,"FOLIO":2896,"HORA":"12:00:00 a. m.","FENOMENO":"SOCIO ORGANIZATIVO","TAXONOM\u00cdA":"CONCENTRACIONES MASIVAS DE POBLACION","GRUPO":"GESTION DE SERVICIOS DE EMERGENCIA","INCIDENTE":"TRABAJOS DE MODERNIZACION DE LA RED DEL PASEO DE LA REFORMA DE LA CFE","CAUSAS":"PREVENCION","CALLE_Y_NU":"PASEO DE LA REFORMA","COLONIA":"JUAREZ","DELEGACION":"CUAUHTEMOC","ATENDIO":"CFE, SSP","ATENDIO_DG":"S.-26","FUENTE":"DGEM","LESIONADOS":0,"FALLECIDOS":0,"LONGITUD":-99.1542658795,"LATITUD":19.4332410517}},{"type":"Feature","id":59,"geometry":{"type":"Point","coordinates":[-99.14361159394659,19.417723807359753]},"properties":{"FID":59,"OBJECTID":918,"FECHA":1491004800000,"FOLIO":2903,"HORA":"12:00:00 a. m.","FENOMENO":"SOCIO ORGANIZATIVO","TAXONOM\u00cdA":"CONCENTRACIONES MASIVAS DE POBLACION","GRUPO":"NO APLICA","INCIDENTE":"MANIFESTACION O MITIN","CAUSAS":"UNION DE LUCHA DE VECINOS DEL VALLE DE ANAHUAC","CALLE_Y_NU":"EJE CENTRAL LAZARO CARDENAS ESQ. DR. ERAZO","COLONIA":"DOCTORES","DELEGACION":"CUAUHTEMOC","ATENDIO":"SSP","ATENDIO_DG":"NO RELEVANTE","FUENTE":"C5","LESIONADOS":0,"FALLECIDOS":0,"LONGITUD":-99.1436115939,"LATITUD":19.4177238074}},{"type":"Feature","id":60,"geometry":{"type":"Point","coordinates":[-99.15426587953647,19.433241051686636]},"properties":{"FID":60,"OBJECTID":967,"FECHA":1491177600000,"FOLIO":2982,"HORA":"12:00:00 a. m.","FENOMENO":"SOCIO ORGANIZATIVO","TAXONOM\u00cdA":"CONCENTRACIONES MASIVAS DE POBLACION","GRUPO":"GESTION DE SERVICIOS DE EMERGENCIA","INCIDENTE":"TRABAJOS DE MODERNIZACION DE LA RED DEL PASEO DE LA REFORMA DE LA CFE","CAUSAS":"PREVENCION","CALLE_Y_NU":"PASEO DE LA REFORMA","COLONIA":"JUREZ","DELEGACION":"CUAUHTEMOC","ATENDIO":"CFE","ATENDIO_DG":"S.-26","FUENTE":"DGEM","LESIONADOS":0,"FALLECIDOS":0,"LONGITUD":-99.1542658795,"LATITUD":19.4332410517}},{"type":"Feature","id":61,"geometry":{"type":"Point","coordinates":[-99.139719258358,19.444061361160113]},"properties":{"FID":61,"OBJECTID":998,"FECHA":1491264000000,"FOLIO":3024,"HORA":"12:00:00 a. m.","FENOMENO":"SOCIO ORGANIZATIVO","TAXONOM\u00cdA":"CONCENTRACIONES MASIVAS DE POBLACION","GRUPO":"GESTION DE SERVICIOS DE EMERGENCIA","INCIDENTE":"TRABAJOS DE MODERNIZACION DE LA RED DEL PASEO DE LA REFORMA DE LA CFE","CAUSAS":"PREVENCION","CALLE_Y_NU":"PASEO DE LA REFORMA","COLONIA":"JUAREZ","DELEGACION":"CUAUHTEMOC","ATENDIO":"CFE, SSP","ATENDIO_DG":"S.-26","FUENTE":"DGEM","LESIONADOS":0,"FALLECIDOS":0,"LONGITUD":-99.1397192584,"LATITUD":19.4440613612}},{"type":"Feature","id":62,"geometry":{"type":"Point","coordinates":[-99.15426587953647,19.433241051686636]},"properties":{"FID":62,"OBJECTID":1029,"FECHA":1491350400000,"FOLIO":3072,"HORA":"12:00:00 a. m.","FENOMENO":"SOCIO ORGANIZATIVO","TAXONOM\u00cdA":"CONCENTRACIONES MASIVAS DE POBLACION","GRUPO":"GESTION DE SERVICIOS DE EMERGENCIA","INCIDENTE":"TRABAJOS DE MODERNIZACION DE LA RED DEL PASEO DE LA REFORMA DE LA CFE","CAUSAS":"PREVENCION","CALLE_Y_NU":"PASEO DE LA REFORMA","COLONIA":"JUAREZ","DELEGACION":"CUAUHTEMOC","ATENDIO":"CFE, SSP","ATENDIO_DG":"S.-26","FUENTE":"DGEM","LESIONADOS":0,"FALLECIDOS":0,"LONGITUD":-99.1542658795,"LATITUD":19.4332410517}},{"type":"Feature","id":63,"geometry":{"type":"Point","coordinates":[-99.139719258358,19.444061361160113]},"properties":{"FID":63,"OBJECTID":1059,"FECHA":1491436800000,"FOLIO":3112,"HORA":"12:00:00 a. m.","FENOMENO":"SOCIO ORGANIZATIVO","TAXONOM\u00cdA":"CONCENTRACIONES MASIVAS DE POBLACION","GRUPO":"GESTION DE SERVICIOS DE EMERGENCIA","INCIDENTE":"TRABAJOS DE MODERNIZACION DE LA RED DEL PASEO DE LA REFORMA DE LA CFE","CAUSAS":"PREVENCION","CALLE_Y_NU":"PAEO DE LA REFORMA","COLONIA":"JUAREZ","DELEGACION":"CUAUHTEMOC","ATENDIO":"CFE, SSP","ATENDIO_DG":"S.-26","FUENTE":"DGEM","LESIONADOS":0,"FALLECIDOS":0,"LONGITUD":-99.1397192584,"LATITUD":19.4440613612}},{"type":"Feature","id":64,"geometry":{"type":"Point","coordinates":[-99.15426587953647,19.433241051686636]},"properties":{"FID":64,"OBJECTID":1086,"FECHA":1491523200000,"FOLIO":3147,"HORA":"12:00:00 a. m.","FENOMENO":"SOCIO ORGANIZATIVO","TAXONOM\u00cdA":"CONCENTRACIONES MASIVAS DE POBLACION","GRUPO":"GESTION DE SERVICIOS DE EMERGENCIA","INCIDENTE":"TRABAJOS DE MODERNIZACION DE LA RED DEL PASEO DE LA REFORMA DE LA CFE","CAUSAS":"PREVENCION","CALLE_Y_NU":"PASEO DE LA REFORMA","COLONIA":"JUAREZ","DELEGACION":"CUAUHTEMOC","ATENDIO":"CFE, SSP","ATENDIO_DG":"S.-26","FUENTE":"DGEM","LESIONADOS":0,"FALLECIDOS":0,"LONGITUD":-99.1542658795,"LATITUD":19.4332410517}},{"type":"Feature","id":65,"geometry":{"type":"Point","coordinates":[-99.13321267680055,19.432598003947888]},"properties":{"FID":65,"OBJECTID":1089,"FECHA":1491609600000,"FOLIO":3154,"HORA":"12:00:00 a. m.","FENOMENO":"SOCIO ORGANIZATIVO","TAXONOM\u00cdA":"CONCENTRACIONES MASIVAS DE POBLACION","GRUPO":"NO APLICA","INCIDENTE":"MANIFESTACION O MITIN","CAUSAS":"LA POLITICA QUE MEXICO NECESITA","CALLE_Y_NU":"PLAZA DE LA CONSTITUCION S\/N ESQ. AV. 20 DE NOVIEMBRE","COLONIA":"CENTRO","DELEGACION":"CUAUHTEMOC","ATENDIO":"SSP","ATENDIO_DG":"NO RELEVANTE","FUENTE":"C5","LESIONADOS":0,"FALLECIDOS":0,"LONGITUD":-99.1332126768,"LATITUD":19.4325980039}},{"type":"Feature","id":66,"geometry":{"type":"Point","coordinates":[-99.15431629300333,19.43618714642313]},"properties":{"FID":66,"OBJECTID":1103,"FECHA":1491696000000,"FOLIO":3176,"HORA":"12:00:00 a. m.","FENOMENO":"SOCIO ORGANIZATIVO","TAXONOM\u00cdA":"CONCENTRACIONES MASIVAS DE POBLACION","GRUPO":"NO APLICA","INCIDENTE":"EVENTO MASIVO","CAUSAS":"FIRMA DEL ACUERDO POLITICO DE UNIDAD POR LA PROSPERIDAD DEL PUEBLO Y RENACIMIENTO DE MEXICO","CALLE_Y_NU":"CIRCUITO PLAZA DE LA REPUBLICA ESQ. JOSE MARIA IGLESIAS E IGNACIO L. VALLARTA","COLONIA":"TABACALERA","DELEGACION":"CUAUHTEMOC","ATENDIO":"NO APLICA","ATENDIO_DG":"NO RELEVANTE","FUENTE":"DGEM","LESIONADOS":0,"FALLECIDOS":0,"LONGITUD":-99.154316293,"LATITUD":19.4361871464}},{"type":"Feature","id":67,"geometry":{"type":"Point","coordinates":[-99.04772914367904,19.34644284000245]},"properties":{"FID":67,"OBJECTID":1107,"FECHA":1491696000000,"FOLIO":3181,"HORA":"12:00:00 a. m.","FENOMENO":"SOCIO ORGANIZATIVO","TAXONOM\u00cdA":"CONCENTRACIONES MASIVAS DE POBLACION","GRUPO":"GESTION DE SERVICIOS DE EMERGENCIA","INCIDENTE":"SOLICITUD DE SERVICIOS DGEM","CAUSAS":"TRASLADO DE MUSEO MOVIL","CALLE_Y_NU":"CALLE 71 ENTRE SAMUEL GOMPERS Y AV. ERMITA IZTAPALAPA","COLONIA":"SANTA CRUZ MEYEHUALCO","DELEGACION":"IZTAPALAPA","ATENDIO":"NO PLICA","ATENDIO_DG":"S.-9, S.-10, S.-13, S.-21, S.-22, S.-27 Y S.-28","FUENTE":"SIN FUENTE","LESIONADOS":0,"FALLECIDOS":0,"LONGITUD":-99.0477291437,"LATITUD":19.34644284}},{"type":"Feature","id":68,"geometry":{"type":"Point","coordinates":[-99.13164928165828,19.431207409268993]},"properties":{"FID":68,"OBJECTID":1121,"FECHA":1491782400000,"FOLIO":3201,"HORA":"12:00:00 a. m.","FENOMENO":"SOCIO ORGANIZATIVO","TAXONOM\u00cdA":"CONCENTRACIONES MASIVAS DE POBLACION","GRUPO":"NO APLICA","INCIDENTE":"BLOQUEOS","CAUSAS":"ORGANIZACION \"EN DEFENSA DE LA MADRE TIERRA\"","CALLE_Y_NU":"AV. JOSE MARIA PINO SUAREZ ESQ. CORREGIDORA","COLONIA":"CENTRO","DELEGACION":"CUAUHTEMOC","ATENDIO":"SSP","ATENDIO_DG":"S.-25","FUENTE":"C5","LESIONADOS":0,"FALLECIDOS":0,"LONGITUD":-99.1316492817,"LATITUD":19.4312074093}},{"type":"Feature","id":69,"geometry":{"type":"Point","coordinates":[-99.15426587953647,19.433241051686636]},"properties":{"FID":69,"OBJECTID":1137,"FECHA":1491782400000,"FOLIO":3223,"HORA":"12:00:00 a. m.","FENOMENO":"SOCIO ORGANIZATIVO","TAXONOM\u00cdA":"CONCENTRACIONES MASIVAS DE POBLACION","GRUPO":"GESTION DE SERVICIOS DE EMERGENCIA","INCIDENTE":"TRABAJOS DE MODERNIZACION DE LA RED DEL PASEO DE LA REFORMA DE LA CFE","CAUSAS":"PREVENCION","CALLE_Y_NU":"PASEO DE LA REFORMA","COLONIA":"JUAREZ","DELEGACION":"CUAUHTEMOC","ATENDIO":"CFE, SSP","ATENDIO_DG":"S.-26","FUENTE":"DGEM","LESIONADOS":0,"FALLECIDOS":0,"LONGITUD":-99.1542658795,"LATITUD":19.4332410517}},{"type":"Feature","id":70,"geometry":{"type":"Point","coordinates":[-99.15426587953647,19.433241051686636]},"properties":{"FID":70,"OBJECTID":1167,"FECHA":1491868800000,"FOLIO":3274,"HORA":"12:00:00 a. m.","FENOMENO":"SOCIO ORGANIZATIVO","TAXONOM\u00cdA":"CONCENTRACIONES MASIVAS DE POBLACION","GRUPO":"GESTION DE SERVICIOS DE EMERGENCIA","INCIDENTE":"TRABAJOS DE MODERNIZACION DE LA RED DEL PASEO DE LA REFORMA DE LA CFE","CAUSAS":"PREVENCION","CALLE_Y_NU":"PASEO DE LA REFORMA","COLONIA":"JUAREZ","DELEGACION":"CUAUHTEMOC","ATENDIO":"CFE, SSP","ATENDIO_DG":"S.-26","FUENTE":"DGEM","LESIONADOS":0,"FALLECIDOS":0,"LONGITUD":-99.1542658795,"LATITUD":19.4332410517}},{"type":"Feature","id":71,"geometry":{"type":"Point","coordinates":[-99.30122013977112,19.353258198657535]},"properties":{"FID":71,"OBJECTID":1210,"FECHA":1492041600000,"FOLIO":3344,"HORA":"12:00:00 a. m.","FENOMENO":"SOCIO ORGANIZATIVO","TAXONOM\u00cdA":"CONCENTRACIONES MASIVAS DE POBLACION","GRUPO":"NO APLICA","INCIDENTE":"FIESTAS RELIGIOSAS Y\/O PATRONALES","CAUSAS":"OPERATIVO SEMANA SANTA","CALLE_Y_NU":"AV. VERACRUZ ESQ. JOSE MARIA CASTORENA","COLONIA":"CUAJIMALPA","DELEGACION":"CUAJIMALPA","ATENDIO":"UPC","ATENDIO_DG":"OMEGA, S.-10, S.-11, S.- 15 S.-17, Y MIGUEL MARTINEZ ARIAS","FUENTE":"DGEM","LESIONADOS":0,"FALLECIDOS":0,"LONGITUD":-99.3012201398,"LATITUD":19.3532581987}},{"type":"Feature","id":72,"geometry":{"type":"Point","coordinates":[-99.09025575637193,19.356476250195243]},"properties":{"FID":72,"OBJECTID":1211,"FECHA":1492041600000,"FOLIO":3345,"HORA":"12:00:00 a. m.","FENOMENO":"SOCIO ORGANIZATIVO","TAXONOM\u00cdA":"CONCENTRACIONES MASIVAS DE POBLACION","GRUPO":"NO APLICA","INCIDENTE":"FIESTAS RELIGIOSAS Y\/O PATRONALES","CAUSAS":"OPERATIVO SEMANA SANTA","CALLE_Y_NU":"CALZ. ERMITA IZTAPALAPA ESQ. CAMINO CERRO DE LA ESTRELLA","COLONIA":"BARRIO SAN PABLO","DELEGACION":"IZTAPALAPA","ATENDIO":"UPC","ATENDIO_DG":"GAMMA, S.-8, S.-13, S.-14 Y S.-27, HUMBERTO RIVERA, ALEJANDRO MARTINEZ, NADIA CHAVEZ, NOEMI MACEDO, Y ROBERTO CARLOS MASE","FUENTE":"DGEM","LESIONADOS":0,"FALLECIDOS":0,"LONGITUD":-99.0902557564,"LATITUD":19.3564762502}},{"type":"Feature","id":73,"geometry":{"type":"Point","coordinates":[-99.13608951620994,19.557968630061442]},"properties":{"FID":73,"OBJECTID":1214,"FECHA":1492128000000,"FOLIO":3354,"HORA":"12:00:00 a. m.","FENOMENO":"SOCIO ORGANIZATIVO","TAXONOM\u00cdA":"CONCENTRACIONES MASIVAS DE POBLACION","GRUPO":"NO APLICA","INCIDENTE":"FIESTAS RELIGIOSAS Y\/O PATRONALES","CAUSAS":"OPERATIVO SEMANA SANTA","CALLE_Y_NU":"CALVARIO ESQ. JULIAN CARRILLO","COLONIA":"CUAUTEPEC BARRIO ALTO","DELEGACION":"GUSTAVO A. MADERO","ATENDIO":"UPC, SSP","ATENDIO_DG":"S.-5, JUAN VLADIMIR, VICTR SANCHEZ, RAFAEL SOSA, JUDITH PEDRAZA Y GILBERT GARCIA","FUENTE":"DGEM","LESIONADOS":0,"FALLECIDOS":0,"LONGITUD":-99.1360895162,"LATITUD":19.5579686301}},{"type":"Feature","id":74,"geometry":{"type":"Point","coordinates":[-99.24933228664378,19.29921223572443]},"properties":{"FID":74,"OBJECTID":1215,"FECHA":1492128000000,"FOLIO":3355,"HORA":"12:00:00 a. m.","FENOMENO":"SOCIO ORGANIZATIVO","TAXONOM\u00cdA":"CONCENTRACIONES MASIVAS DE POBLACION","GRUPO":"NO APLICA","INCIDENTE":"FIESTAS RELIGIOSAS Y\/O PATRONALES","CAUSAS":"OPERATIVO SEMANA SANTA","CALLE_Y_NU":"EMILIO CARRANZA ESQ. LA CA\u00d1ADA","COLONIA":"PUEBLO LA MAGDALENA","DELEGACION":"MAGDALENA CONTRERAS","ATENDIO":"UPC, SSP","ATENDIO_DG":"FENIX, S.-22, S.-28, PAULINO MANCILLA, ANABEL QUINTER, ARTUR HERNANDEZ, SOFIA REYNA OROZC, LUZ MARIA MAYA, Y RUBEN ABARCA","FUENTE":"DGEM","LESIONADOS":0,"FALLECIDOS":0,"LONGITUD":-99.2493322866,"LATITUD":19.2992122357}},{"type":"Feature","id":75,"geometry":{"type":"Point","coordinates":[-99.18494936430223,19.42478065051681]},"properties":{"FID":75,"OBJECTID":1236,"FECHA":1492214400000,"FOLIO":3385,"HORA":"12:00:00 a. m.","FENOMENO":"SOCIO ORGANIZATIVO","TAXONOM\u00cdA":"CONCENTRACIONES MASIVAS DE POBLACION","GRUPO":"NO APLICA","INCIDENTE":"MANIFESTACION O MITIN","CAUSAS":"MARCHA DE LA GLORIA","CALLE_Y_NU":"CIRCUITO GANDHI ESQ. PASEO DE LA REFORMA","COLONIA":"BOSQUE DE CHAPULTEPEC","DELEGACION":"MIGUEL HIDALGO","ATENDIO":"SSP","ATENDIO_DG":"NO RELEVANTE","FUENTE":"C5","LESIONADOS":0,"FALLECIDOS":0,"LONGITUD":-99.1849493643,"LATITUD":19.4247806505}},{"type":"Feature","id":76,"geometry":{"type":"Point","coordinates":[-99.13194324279691,19.417741694925766]},"properties":{"FID":76,"OBJECTID":1254,"FECHA":1492300800000,"FOLIO":3405,"HORA":"S\/D","FENOMENO":"SOCIO ORGANIZATIVO","TAXONOM\u00cdA":"CONCENTRACIONES MASIVAS DE POBLACION","GRUPO":"NO APLICA","INCIDENTE":"BLOQUEOS","CAUSAS":"FALTA DE AGUA POTABLE","CALLE_Y_NU":"FRAY SERVANDO Y TERESA DE MIER ESQ. XOCONGO","COLONIA":"CENTRO","DELEGACION":"CUAUHTEMOC","ATENDIO":"HCB, SSP","ATENDIO_DG":"NO RELEVANTE","FUENTE":"C5","LESIONADOS":0,"FALLECIDOS":0,"LONGITUD":-99.1319432428,"LATITUD":19.4177416949}},{"type":"Feature","id":77,"geometry":{"type":"Point","coordinates":[-99.13320312863732,19.43257089923271]},"properties":{"FID":77,"OBJECTID":1255,"FECHA":1492300800000,"FOLIO":3406,"HORA":"12:00:00 a. m.","FENOMENO":"SOCIO ORGANIZATIVO","TAXONOM\u00cdA":"CONCENTRACIONES MASIVAS DE POBLACION","GRUPO":"NO APLICA","INCIDENTE":"EVENTO MASIVO","CAUSAS":"FESTIVAL DE LA CDMX","CALLE_Y_NU":"PLAZA DE LA CONSTITUCION ESQ. 20 DE NOVIEMBRE","COLONIA":"CENTRO","DELEGACION":"CUAUHTEMOC","ATENDIO":"SSP","ATENDIO_DG":"NO RELEVANTE","FUENTE":"C5","LESIONADOS":0,"FALLECIDOS":0,"LONGITUD":-99.1332031286,"LATITUD":19.4325708992}},{"type":"Feature","id":78,"geometry":{"type":"Point","coordinates":[-99.15426587953647,19.433241051686636]},"properties":{"FID":78,"OBJECTID":1273,"FECHA":1492387200000,"FOLIO":3450,"HORA":"12:00:00 a. m.","FENOMENO":"SOCIO ORGANIZATIVO","TAXONOM\u00cdA":"CONCENTRACIONES MASIVAS DE POBLACION","GRUPO":"GESTION DE SERVICIOS DE EMERGENCIA","INCIDENTE":"TRABAJOS DE MODERNIZACION DE LA RED DEL PASEO DE LA REFORMA DE LA CFE","CAUSAS":"PREVENCION","CALLE_Y_NU":"PASEO DE LA REFORMA","COLONIA":"JUAREZ","DELEGACION":"CUAUHTEMOC","ATENDIO":"CFE, SSP","ATENDIO_DG":"S.-26","FUENTE":"DGEM","LESIONADOS":0,"FALLECIDOS":0,"LONGITUD":-99.1542658795,"LATITUD":19.4332410517}},{"type":"Feature","id":79,"geometry":{"type":"Point","coordinates":[-99.139719258358,19.444061361160113]},"properties":{"FID":79,"OBJECTID":1306,"FECHA":1492473600000,"FOLIO":3507,"HORA":"12:00:00 a. m.","FENOMENO":"SOCIO ORGANIZATIVO","TAXONOM\u00cdA":"CONCENTRACIONES MASIVAS DE POBLACION","GRUPO":"GESTION DE SERVICIOS DE EMERGENCIA","INCIDENTE":"TRABAJOS DE MODERNIZACION DE LA RED DEL PASEO DE LA REFORMA DE LA CFE","CAUSAS":"PREVENCION","CALLE_Y_NU":"PASEO DE LA REFORMA","COLONIA":"JUAREZ","DELEGACION":"CUAUHTEMOC","ATENDIO":"CFE, SSP","ATENDIO_DG":"S.-26","FUENTE":"DGEM","LESIONADOS":0,"FALLECIDOS":0,"LONGITUD":-99.1397192584,"LATITUD":19.4440613612}},{"type":"Feature","id":80,"geometry":{"type":"Point","coordinates":[-99.15338969157852,19.433467725021707]},"properties":{"FID":80,"OBJECTID":1328,"FECHA":1492560000000,"FOLIO":3533,"HORA":"12:00:00 a. m.","FENOMENO":"SOCIO ORGANIZATIVO","TAXONOM\u00cdA":"CONCENTRACIONES MASIVAS DE POBLACION","GRUPO":"GESTION DE SERVICIOS DE EMERGENCIA","INCIDENTE":"TRABAJOS DE MODERNIZACION DE LA RED DEL PASEO DE LA REFORMA DE LA CFE","CAUSAS":"PREVENCION","CALLE_Y_NU":"PASEO DE LA REFORMA ESQ. DONATO GUERRA Y MORELOS","COLONIA":"JUAREZ","DELEGACION":"CUAUHTEMOC","ATENDIO":"CFE","ATENDIO_DG":"S.-26","FUENTE":"CFE","LESIONADOS":0,"FALLECIDOS":0,"LONGITUD":-99.1533896916,"LATITUD":19.433467725}},{"type":"Feature","id":81,"geometry":{"type":"Point","coordinates":[-99.139719258358,19.444061361160113]},"properties":{"FID":81,"OBJECTID":1353,"FECHA":1492646400000,"FOLIO":3568,"HORA":"12:00:00 a. m.","FENOMENO":"SOCIO ORGANIZATIVO","TAXONOM\u00cdA":"CONCENTRACIONES MASIVAS DE POBLACION","GRUPO":"GESTION DE SERVICIOS DE EMERGENCIA","INCIDENTE":"TRABAJOS DE MODERNIZACION DE LA RED DEL PASEO DE LA REFORMA DE LA CFE","CAUSAS":"PREVENCION","CALLE_Y_NU":"PASEO DE LA REFORMA ESQ. DONATO GUERRA","COLONIA":"JUAREZ","DELEGACION":"CUAUHTEMOC","ATENDIO":"CFE","ATENDIO_DG":"S.-26","FUENTE":"CFE","LESIONADOS":0,"FALLECIDOS":0,"LONGITUD":-99.1397192584,"LATITUD":19.4440613612}},{"type":"Feature","id":82,"geometry":{"type":"Point","coordinates":[-99.15338969157852,19.433467725021707]},"properties":{"FID":82,"OBJECTID":1368,"FECHA":1492732800000,"FOLIO":3588,"HORA":"12:00:00 a. m.","FENOMENO":"SOCIO ORGANIZATIVO","TAXONOM\u00cdA":"CONCENTRACIONES MASIVAS DE POBLACION","GRUPO":"GESTION DE SERVICIOS DE EMERGENCIA","INCIDENTE":"TRABAJOS DE MODERNIZACION DE LA RED DEL PASEO DE LA REFORMA DE LA CFE","CAUSAS":"PREVENCION","CALLE_Y_NU":"PASEO DE LA REFORMA","COLONIA":"JUAREZ","DELEGACION":"CUAUHTEMOC","ATENDIO":"CFE, SSP","ATENDIO_DG":"S.-26","FUENTE":"DGEM","LESIONADOS":0,"FALLECIDOS":0,"LONGITUD":-99.1533896916,"LATITUD":19.433467725}},{"type":"Feature","id":83,"geometry":{"type":"Point","coordinates":[-99.18660880123765,19.38476201109174]},"properties":{"FID":83,"OBJECTID":1371,"FECHA":1492732800000,"FOLIO":3575,"HORA":"12:00:00 a. m.","FENOMENO":"SOCIO ORGANIZATIVO","TAXONOM\u00cdA":"CONCENTRACIONES MASIVAS DE POBLACION","GRUPO":"NO APLICA","INCIDENTE":"BLOQUEOS","CAUSAS":"DEBIDO A QUE EL INVEA REALIZO SUSPENSION DE ACTIVIDADES AL INMUEBLE","CALLE_Y_NU":"AV. REVOLUCION ESQ. VIADUCTO RIO DE LA PIEDAD","COLONIA":"NONOALCO","DELEGACION":"BENITO JUAREZ","ATENDIO":"UPC, SSP","ATENDIO_DG":"NO RELEVANTE","FUENTE":"SSP","LESIONADOS":0,"FALLECIDOS":0,"LONGITUD":-99.1866088012,"LATITUD":19.3847620111}},{"type":"Feature","id":84,"geometry":{"type":"Point","coordinates":[-99.1882626803816,19.33221747428147]},"properties":{"FID":84,"OBJECTID":1373,"FECHA":1492732800000,"FOLIO":3576,"HORA":"12:00:00 a. m.","FENOMENO":"SOCIO ORGANIZATIVO","TAXONOM\u00cdA":"CONCENTRACIONES MASIVAS DE POBLACION","GRUPO":"NO APLICA","INCIDENTE":"BLOQUEOS","CAUSAS":"EN DEMANDA DE LA DESTITUCION DE SU SECRETARIO GENERAL","CALLE_Y_NU":"AV. INSURGENTES SUR ESQ. CIRCUITO ESCOLAR","COLONIA":"CIUDAD UNIVERSITARIA","DELEGACION":"COYOACAN","ATENDIO":"UPC, SSP","ATENDIO_DG":"NO RELEVANTE","FUENTE":"SSP","LESIONADOS":0,"FALLECIDOS":0,"LONGITUD":-99.1882626804,"LATITUD":19.3322174743}},{"type":"Feature","id":85,"geometry":{"type":"Point","coordinates":[-99.16731891380775,19.426171411060192]},"properties":{"FID":85,"OBJECTID":1389,"FECHA":1492819200000,"FOLIO":3605,"HORA":"12:00:00 a. m.","FENOMENO":"SOCIO ORGANIZATIVO","TAXONOM\u00cdA":"CONCENTRACIONES MASIVAS DE POBLACION","GRUPO":"NO APLICA","INCIDENTE":"MANIFESTACION O MITIN","CAUSAS":"SOLICITAN MAYOR PRESUPUESTO PARA CIENCIA Y TECNOLOGIA","CALLE_Y_NU":"PASEO DE LA REFORMA ESQ. FLORENCIA","COLONIA":"JUAREZ","DELEGACION":"CUAUHTEMOC","ATENDIO":"SSP","ATENDIO_DG":"NO RELEVANTE","FUENTE":"C5","LESIONADOS":0,"FALLECIDOS":0,"LONGITUD":-99.1673189138,"LATITUD":19.4261714111}},{"type":"Feature","id":86,"geometry":{"type":"Point","coordinates":[-99.18812225562174,19.42553651846177]},"properties":{"FID":86,"OBJECTID":1409,"FECHA":1492992000000,"FOLIO":3637,"HORA":"12:00:00 a. m.","FENOMENO":"SOCIO ORGANIZATIVO","TAXONOM\u00cdA":"CONCENTRACIONES MASIVAS DE POBLACION","GRUPO":"NO APLICA","INCIDENTE":"BLOQUEOS","CAUSAS":"EN DEMANDA DEL PAGO DE PENSIONES ATRASADAS","CALLE_Y_NU":"CIRCUITO INTERIOR (BOULEVARD PUERTO AEREO) ESQ. EJE 1 NORTE","COLONIA":"SANTA CRUZ AVIACION","DELEGACION":"VENUSTIANO CARRANZA","ATENDIO":"UPC, SSP","ATENDIO_DG":"S.-24 (TIEMPO DE RESPUESTA 18 MIN.)","FUENTE":"SSP","LESIONADOS":0,"FALLECIDOS":0,"LONGITUD":-99.1881222556,"LATITUD":19.4255365185}},{"type":"Feature","id":87,"geometry":{"type":"Point","coordinates":[-99.21631988252086,19.39806808671235]},"properties":{"FID":87,"OBJECTID":1418,"FECHA":1492992000000,"FOLIO":3650,"HORA":"12:00:00 a. m.","FENOMENO":"SOCIO ORGANIZATIVO","TAXONOM\u00cdA":"CONCENTRACIONES MASIVAS DE POBLACION","GRUPO":"NO APLICA","INCIDENTE":"BLOQUEOS","CAUSAS":"POR EL ALZA A LOS PRECIOS DE LOS COMBUSTIBLES","CALLE_Y_NU":"AV. CONSTITUYENTES No. 1001 ESQ. ACUEDUCTO","COLONIA":"BELEM DE LAS FLORES","DELEGACION":"ALVARO OBREGON","ATENDIO":"UPC, SSP","ATENDIO_DG":"NO RELEVANTE","FUENTE":"SSP","LESIONADOS":0,"FALLECIDOS":0,"LONGITUD":-99.2163198825,"LATITUD":19.3980680867}},{"type":"Feature","id":88,"geometry":{"type":"Point","coordinates":[-99.15463067667211,19.436204953317084]},"properties":{"FID":88,"OBJECTID":1462,"FECHA":1493164800000,"FOLIO":3717,"HORA":"12:00:00 a. m.","FENOMENO":"SOCIO ORGANIZATIVO","TAXONOM\u00cdA":"CONCENTRACIONES MASIVAS DE POBLACION","GRUPO":"NO APLICA","INCIDENTE":"MANIFESTACION O MITIN","CAUSAS":"POR LA VISITA A MEXICO DEL SECRETARIO GENERAL DE LA FEDERACION SINDICAL MUNDIAL","CALLE_Y_NU":"AV. PLAZA DE LA REPUBLICA ESQ. IGNACIO RAMIREZ","COLONIA":"TABACALERA","DELEGACION":"CUAUHTEMOC","ATENDIO":"SSP","ATENDIO_DG":"REGIONAL CENTRO","FUENTE":"SSP","LESIONADOS":0,"FALLECIDOS":0,"LONGITUD":-99.1546306767,"LATITUD":19.4362049533}},{"type":"Feature","id":89,"geometry":{"type":"Point","coordinates":[-99.14986595590044,19.413697177715516]},"properties":{"FID":89,"OBJECTID":1465,"FECHA":1493164800000,"FOLIO":3722,"HORA":"12:00:00 a. m.","FENOMENO":"SOCIO ORGANIZATIVO","TAXONOM\u00cdA":"CONCENTRACIONES MASIVAS DE POBLACION","GRUPO":"NO APLICA","INCIDENTE":"SIMULACRO","CAUSAS":"PREVENCION","CALLE_Y_NU":"DR. ARCE No. 104 DR. JIMENEZ","COLONIA":"DOCTORES","DELEGACION":"CUAUHTEMOC","ATENDIO":"UPC, SSP","ATENDIO_DG":"S.-20","FUENTE":"DGEM","LESIONADOS":0,"FALLECIDOS":0,"LONGITUD":-99.1498659559,"LATITUD":19.4136971777}},{"type":"Feature","id":90,"geometry":{"type":"Point","coordinates":[-99.18528010237941,19.39720768170522]},"properties":{"FID":90,"OBJECTID":1466,"FECHA":1493164800000,"FOLIO":3723,"HORA":"12:00:00 a. m.","FENOMENO":"SOCIO ORGANIZATIVO","TAXONOM\u00cdA":"CONCENTRACIONES MASIVAS DE POBLACION","GRUPO":"NO APLICA","INCIDENTE":"SIMULACRO","CAUSAS":"PREVENCION","CALLE_Y_NU":"AV. REVOLUCION No. 313 ESQ. MARTIRES DE TACUBAYA","COLONIA":"ESCANDON","DELEGACION":"MIGUEL HIDALGO","ATENDIO":"UPC, SSP","ATENDIO_DG":"S.-11","FUENTE":"DGEM","LESIONADOS":0,"FALLECIDOS":0,"LONGITUD":-99.1852801024,"LATITUD":19.3972076817}},{"type":"Feature","id":91,"geometry":{"type":"Point","coordinates":[-99.13456612903953,19.456626995410467]},"properties":{"FID":91,"OBJECTID":1467,"FECHA":1493164800000,"FOLIO":3724,"HORA":"12:00:00 a. m.","FENOMENO":"SOCIO ORGANIZATIVO","TAXONOM\u00cdA":"CONCENTRACIONES MASIVAS DE POBLACION","GRUPO":"NO APLICA","INCIDENTE":"SIMULACRO","CAUSAS":"PREVENCION","CALLE_Y_NU":"WAGNER No. 34 ESQ. ROSSINI","COLONIA":"EX HIPODROMO DE PERALVILLO","DELEGACION":"CUAUHTEMOC","ATENDIO":"UPC, SSP","ATENDIO_DG":"S.-26","FUENTE":"DGEM","LESIONADOS":0,"FALLECIDOS":0,"LONGITUD":-99.134566129,"LATITUD":19.4566269954}},{"type":"Feature","id":92,"geometry":{"type":"Point","coordinates":[-99.04148416780592,19.349797222582968]},"properties":{"FID":92,"OBJECTID":1468,"FECHA":1493164800000,"FOLIO":3725,"HORA":"12:00:00 a. m.","FENOMENO":"SOCIO ORGANIZATIVO","TAXONOM\u00cdA":"CONCENTRACIONES MASIVAS DE POBLACION","GRUPO":"NO APLICA","INCIDENTE":"SIMULACRO","CAUSAS":"PREVENCION","CALLE_Y_NU":"SAMUEL GOMPERS ESQ. CALLE 39","COLONIA":"UH. SANTA CRUZ MEYEHUALCO","DELEGACION":"IZTAPALAPA","ATENDIO":"UPC, SSP","ATENDIO_DG":"S.-13","FUENTE":"DGEM","LESIONADOS":0,"FALLECIDOS":0,"LONGITUD":-99.0414841678,"LATITUD":19.3497972226}},{"type":"Feature","id":93,"geometry":{"type":"Point","coordinates":[-99.11420869763421,19.487783171559002]},"properties":{"FID":93,"OBJECTID":1469,"FECHA":1493164800000,"FOLIO":3726,"HORA":"12:00:00 a. m.","FENOMENO":"SOCIO ORGANIZATIVO","TAXONOM\u00cdA":"CONCENTRACIONES MASIVAS DE POBLACION","GRUPO":"NO APLICA","INCIDENTE":"SIMULACRO","CAUSAS":"PREVENCION","CALLE_Y_NU":"GENERAL MARIANO SALAS ESQ. CANTERA","COLONIA":"ROSAS DEL TEPEYAC","DELEGACION":"GUSTAVO A. MADERO","ATENDIO":"UPC, SSP","ATENDIO_DG":"RAFAEL SOSA VARGAS","FUENTE":"DGEM","LESIONADOS":0,"FALLECIDOS":0,"LONGITUD":-99.1142086976,"LATITUD":19.4877831716}},{"type":"Feature","id":94,"geometry":{"type":"Point","coordinates":[-99.20904261627263,19.33759914415587]},"properties":{"FID":94,"OBJECTID":1470,"FECHA":1493164800000,"FOLIO":3727,"HORA":"12:00:00 a. m.","FENOMENO":"SOCIO ORGANIZATIVO","TAXONOM\u00cdA":"CONCENTRACIONES MASIVAS DE POBLACION","GRUPO":"NO APLICA","INCIDENTE":"SIMULACRO","CAUSAS":"PREVENCION","CALLE_Y_NU":"LIC. FRANCISCO BENITEZ ESQ. AV. QUERETARO","COLONIA":"PROGRESO","DELEGACION":"ALVARO OBREGON","ATENDIO":"UPC, SSP","ATENDIO_DG":"S.-18","FUENTE":"DGEM","LESIONADOS":0,"FALLECIDOS":0,"LONGITUD":-99.2090426163,"LATITUD":19.3375991442}},{"type":"Feature","id":95,"geometry":{"type":"Point","coordinates":[-99.1600205973806,19.473081135801458]},"properties":{"FID":95,"OBJECTID":1471,"FECHA":1493164800000,"FOLIO":3728,"HORA":"12:00:00 a. m.","FENOMENO":"SOCIO ORGANIZATIVO","TAXONOM\u00cdA":"CONCENTRACIONES MASIVAS DE POBLACION","GRUPO":"NO APLICA","INCIDENTE":"SIMULACRO","CAUSAS":"PREVENCION","CALLE_Y_NU":"ALDAMA No. 28 ESQ. AV. ENCARNACION ORTIZ","COLONIA":"AMPLIACION COSMOPOLITA","DELEGACION":"AZCAPOTZALCO","ATENDIO":"UPC, SSP","ATENDIO_DG":"S.-6","FUENTE":"DGEM","LESIONADOS":0,"FALLECIDOS":0,"LONGITUD":-99.1600205974,"LATITUD":19.4730811358}},{"type":"Feature","id":96,"geometry":{"type":"Point","coordinates":[-99.17105975128446,19.350589219995424]},"properties":{"FID":96,"OBJECTID":1472,"FECHA":1493164800000,"FOLIO":3729,"HORA":"12:00:00 a. m.","FENOMENO":"SOCIO ORGANIZATIVO","TAXONOM\u00cdA":"CONCENTRACIONES MASIVAS DE POBLACION","GRUPO":"NO APLICA","INCIDENTE":"SIMULACRO","CAUSAS":"PREVENCION","CALLE_Y_NU":"TORRESCO No. 7 ESQ. AV. PROGRESO","COLONIA":"SANTA CATARINA","DELEGACION":"COYOACAN","ATENDIO":"UPC, SSP","ATENDIO_DG":"S.-14","FUENTE":"DGEM","LESIONADOS":0,"FALLECIDOS":0,"LONGITUD":-99.1710597513,"LATITUD":19.35058922}},{"type":"Feature","id":97,"geometry":{"type":"Point","coordinates":[-99.15122573565988,19.43181572669933]},"properties":{"FID":97,"OBJECTID":1476,"FECHA":1493164800000,"FOLIO":3752,"HORA":"12:00:00 a. m.","FENOMENO":"SOCIO ORGANIZATIVO","TAXONOM\u00cdA":"CONCENTRACIONES MASIVAS DE POBLACION","GRUPO":"NO APLICA","INCIDENTE":"MANIFESTACION O MITIN","CAUSAS":"PLANTON CAMPAMENTO DE LAS FAC","CALLE_Y_NU":"BUCARELI ESQ. AYUNTAMIENTO","COLONIA":"CENTRO","DELEGACION":"CUAUHTEMOC","ATENDIO":"SSP","ATENDIO_DG":"GAMMA","FUENTE":"DGEM","LESIONADOS":0,"FALLECIDOS":0,"LONGITUD":-99.1512257357,"LATITUD":19.4318157267}},{"type":"Feature","id":98,"geometry":{"type":"Point","coordinates":[-99.1377220187041,19.42546425432564]},"properties":{"FID":98,"OBJECTID":1497,"FECHA":1493251200000,"FOLIO":3763,"HORA":"12:00:00 a. m.","FENOMENO":"SOCIO ORGANIZATIVO","TAXONOM\u00cdA":"CONCENTRACIONES MASIVAS DE POBLACION","GRUPO":"NO APLICA","INCIDENTE":"SIMULACRO","CAUSAS":"PREVENCION","CALLE_Y_NU":"NEZAHUALCOYOTL No. 109 ESQ. ISABEL LA CATOLICA","COLONIA":"CENTRO","DELEGACION":"CUAUHTEMOC","ATENDIO":"SACMEX, SSP","ATENDIO_DG":"REGIONAL CENTRO Y S.-20","FUENTE":"DGEM","LESIONADOS":0,"FALLECIDOS":0,"LONGITUD":-99.1377220187,"LATITUD":19.4254642543}},{"type":"Feature","id":99,"geometry":{"type":"Point","coordinates":[-99.146906121584,19.437594066385074]},"properties":{"FID":99,"OBJECTID":1515,"FECHA":1493337600000,"FOLIO":3799,"HORA":"12:00:00 a. m.","FENOMENO":"SOCIO ORGANIZATIVO","TAXONOM\u00cdA":"CONCENTRACIONES MASIVAS DE POBLACION","GRUPO":"NO APLICA","INCIDENTE":"FIESTAS RELIGIOSAS Y\/O PATRONALES","CAUSAS":"CELEBRACION MENSUAL DE SAN JUDAS TADEO","CALLE_Y_NU":"PUENTE DE ALVARADO ESQ. AV. PASEO DE LA REFORMA","COLONIA":"TABACALERA","DELEGACION":"CUAUHTEMOC","ATENDIO":"UPC, SSP","ATENDIO_DG":"S.-26","FUENTE":"DGEM","LESIONADOS":0,"FALLECIDOS":0,"LONGITUD":-99.1469061216,"LATITUD":19.4375940664}},{"type":"Feature","id":100,"geometry":{"type":"Point","coordinates":[-99.13321270627515,19.432634152888113]},"properties":{"FID":100,"OBJECTID":1518,"FECHA":1493337600000,"FOLIO":3810,"HORA":"12:00:00 a. m.","FENOMENO":"SOCIO ORGANIZATIVO","TAXONOM\u00cdA":"CONCENTRACIONES MASIVAS DE POBLACION","GRUPO":"NO APLICA","INCIDENTE":"EVENTO MASIVO","CAUSAS":"UNETE A LA FIESTA CDMX","CALLE_Y_NU":"PLAZA DE LA CONSTITUCION ESQ. 20 DE NOVIEMBRE","COLONIA":"CENTRO","DELEGACION":"CUAUHTEMOC","ATENDIO":"SSP","ATENDIO_DG":"NO RELEVANTE","FUENTE":"SSP","LESIONADOS":0,"FALLECIDOS":0,"LONGITUD":-99.1332127063,"LATITUD":19.4326341529}},{"type":"Feature","id":101,"geometry":{"type":"Point","coordinates":[-99.1611427330622,19.432240981798838]},"properties":{"FID":101,"OBJECTID":1536,"FECHA":1493424000000,"FOLIO":3825,"HORA":"12:00:00 a. m.","FENOMENO":"SOCIO ORGANIZATIVO","TAXONOM\u00cdA":"CONCENTRACIONES MASIVAS DE POBLACION","GRUPO":"NO APLICA","INCIDENTE":"MANIFESTACION O MITIN","CAUSAS":"SIN CAUSA","CALLE_Y_NU":"SERAPIO RENDON ESQ. VILLALONGIN","COLONIA":"SAN RAFAEL","DELEGACION":"CUAUHTEMOC","ATENDIO":"SSP","ATENDIO_DG":"NO RELEVANTE","FUENTE":"DGEM","LESIONADOS":0,"FALLECIDOS":0,"LONGITUD":-99.1611427331,"LATITUD":19.4322409818}},{"type":"Feature","id":102,"geometry":{"type":"Point","coordinates":[-99.1333935686201,19.43247134974635]},"properties":{"FID":102,"OBJECTID":1549,"FECHA":1493510400000,"FOLIO":3848,"HORA":"12:00:00 a. m.","FENOMENO":"SOCIO ORGANIZATIVO","TAXONOM\u00cdA":"CONCENTRACIONES MASIVAS DE POBLACION","GRUPO":"NO APLICA","INCIDENTE":"EVENTO MASIVO","CAUSAS":"CANTEMOS POR MEXICO","CALLE_Y_NU":"PLAZA DE LA CONSTITUCION S\/N ENTRE FRANCISCO I. MADERO Y 16 DE SEPTIEMBRE","COLONIA":"CENTRO","DELEGACION":"CUAUHTEMOC","ATENDIO":"GOBIERNO DE LA CDMX, SSP","ATENDIO_DG":"NO RELEVANTE","FUENTE":"C5","LESIONADOS":0,"FALLECIDOS":0,"LONGITUD":-99.1333935686,"LATITUD":19.4324713497}},{"type":"Feature","id":103,"geometry":{"type":"Point","coordinates":[-99.0857102584216,19.440407717915495]},"properties":{"FID":103,"OBJECTID":1590,"FECHA":-2209161600000,"FOLIO":1939,"HORA":"12:00:00 a. m.","FENOMENO":"SOCIO ORGANIZATIVO","TAXONOM\u00cdA":"CONCENTRACIONES MASIVAS DE POBLACION","GRUPO":"NO APLICA","INCIDENTE":"BLOQUEOS","CAUSAS":"POR FALTA DE SUMINISTRO AGUA POTABLE","CALLE_Y_NU":"CIRCUITO INTERIOR (DIRECCION AL SUR), ESQ. SIBERIA","COLONIA":"PENSADOR MEXICANO","DELEGACION":"VENUSTIANO CARRANZA","ATENDIO":"SSP, SACMEX, UPCD","ATENDIO_DG":"NO RELEVANTE","FUENTE":"C5","LESIONADOS":0,"FALLECIDOS":0,"LONGITUD":-99.0857102584,"LATITUD":19.4404077179}},{"type":"Feature","id":104,"geometry":{"type":"Point","coordinates":[-99.14409357760846,19.4350207096089]},"properties":{"FID":104,"OBJECTID":1619,"FECHA":-2209161600000,"FOLIO":2020,"HORA":"12:00:00 a. m.","FENOMENO":"SOCIO ORGANIZATIVO","TAXONOM\u00cdA":"CONCENTRACIONES MASIVAS DE POBLACION","GRUPO":"NO APLICA","INCIDENTE":"MANIFESTACION O MITIN","CAUSAS":"PARTIDO MORENA","CALLE_Y_NU":"AV. JUAREZ ESQ. LUIS MOYA","COLONIA":"CENTRO","DELEGACION":"CUAUHTEMOC","ATENDIO":"SSP","ATENDIO_DG":"S.-25","FUENTE":"DGEM","LESIONADOS":0,"FALLECIDOS":0,"LONGITUD":-99.1440935776,"LATITUD":19.4350207096}},{"type":"Feature","id":105,"geometry":{"type":"Point","coordinates":[-99.29973222298389,19.357056293619678]},"properties":{"FID":105,"OBJECTID":1626,"FECHA":-2209161600000,"FOLIO":2050,"HORA":"12:00:00 a. m.","FENOMENO":"SOCIO ORGANIZATIVO","TAXONOM\u00cdA":"CONCENTRACIONES MASIVAS DE POBLACION","GRUPO":"NO APLICA","INCIDENTE":"FIESTAS RELIGIOSAS Y\/O PATRONALES","CAUSAS":"PEREGRINACION\/MOVILIZACION","CALLE_Y_NU":"AV. JUAREZ S\/N ESQ. AV. MEXICO","COLONIA":"CUAJIMALPA CENTRO","DELEGACION":"CUAJIMALPA","ATENDIO":"SSP","ATENDIO_DG":"NO RELEVANTE","FUENTE":"C5","LESIONADOS":0,"FALLECIDOS":0,"LONGITUD":-99.299732223,"LATITUD":19.3570562936}},{"type":"Feature","id":106,"geometry":{"type":"Point","coordinates":[-99.13326985526986,19.432625073700954]},"properties":{"FID":106,"OBJECTID":1651,"FECHA":-2209161600000,"FOLIO":2111,"HORA":"12:00:00 a. m.","FENOMENO":"SOCIO ORGANIZATIVO","TAXONOM\u00cdA":"CONCENTRACIONES MASIVAS DE POBLACION","GRUPO":"NO APLICA","INCIDENTE":"EVENTO MASIVO","CAUSAS":"RALLY MEXICO","CALLE_Y_NU":"CIRCUITO PLAZA DE LA CONSTITUCION ESQ. 20 DE NOVIEMBRE","COLONIA":"CENTRO","DELEGACION":"CUAUHTEMOC","ATENDIO":"SSP, HCB","ATENDIO_DG":"REGIONAL CENTRO, S.-8, S.-10, VICTOR HUGO SANCHEZ, NADIA CHAVEZ, SOFIA REYNA, ANABEL QUINTERO","FUENTE":"DGEM","LESIONADOS":0,"FALLECIDOS":0,"LONGITUD":-99.1332698553,"LATITUD":19.4326250737}},{"type":"Feature","id":107,"geometry":{"type":"Point","coordinates":[-99.08544336901359,19.440127689205518]},"properties":{"FID":107,"OBJECTID":1652,"FECHA":-2209161600000,"FOLIO":2115,"HORA":"12:00:00 a. m.","FENOMENO":"SOCIO ORGANIZATIVO","TAXONOM\u00cdA":"CONCENTRACIONES MASIVAS DE POBLACION","GRUPO":"NO APLICA","INCIDENTE":"BLOQUEOS","CAUSAS":"FALTA DE AGUA POTABLE EN LA ZONA","CALLE_Y_NU":"RIO CONSULADO ESQ. MORELOS","COLONIA":"PE\u00d1ON DE LOS BA\u00d1OS","DELEGACION":"VENUSTIANO CARRANZA","ATENDIO":"SSP, SACMEX","ATENDIO_DG":"NO RELEVANTE","FUENTE":"C5","LESIONADOS":0,"FALLECIDOS":0,"LONGITUD":-99.085443369,"LATITUD":19.4401276892}},{"type":"Feature","id":108,"geometry":{"type":"Point","coordinates":[-99.16479962597955,19.317491257772556]},"properties":{"FID":108,"OBJECTID":1657,"FECHA":-2209161600000,"FOLIO":2127,"HORA":"12:00:00 a. m.","FENOMENO":"SOCIO ORGANIZATIVO","TAXONOM\u00cdA":"CONCENTRACIONES MASIVAS DE POBLACION","GRUPO":"NO APLICA","INCIDENTE":"BLOQUEOS","CAUSAS":"EN PROTESTA POR LA FALTA DE AGUA POTABLE EN LA RED","CALLE_Y_NU":"AV. AZTECAS ESQ. REY MOCTECUZOMA","COLONIA":"AJUSCO","DELEGACION":"COYOACAN","ATENDIO":"SSP, SACMEX","ATENDIO_DG":"S.-9 (TIEMPO DE RESPUESTA 15 MIN.)","FUENTE":"SSP","LESIONADOS":0,"FALLECIDOS":0,"LONGITUD":-99.164799626,"LATITUD":19.3174912578}},{"type":"Feature","id":109,"geometry":{"type":"Point","coordinates":[-99.20250703589791,19.341664273238113]},"properties":{"FID":109,"OBJECTID":1660,"FECHA":-2209161600000,"FOLIO":2134,"HORA":"12:00:00 a. m.","FENOMENO":"SOCIO ORGANIZATIVO","TAXONOM\u00cdA":"CONCENTRACIONES MASIVAS DE POBLACION","GRUPO":"NO APLICA","INCIDENTE":"BLOQUEOS","CAUSAS":"POR LA FALTA DE AGUA POTABLE EN LA RED","CALLE_Y_NU":"CHIHUAHUA ESQ. PERIFERICO","COLONIA":"PROGRESO","DELEGACION":"ALVARO OBREGON","ATENDIO":"SSP, SACMEX","ATENDIO_DG":"S.-28 (TIEMPO DE RESPUESTA 12 MIN.)","FUENTE":"C5","LESIONADOS":0,"FALLECIDOS":0,"LONGITUD":-99.2025070359,"LATITUD":19.3416642732}},{"type":"Feature","id":110,"geometry":{"type":"Point","coordinates":[-99.14092086299785,19.434453854677393]},"properties":{"FID":110,"OBJECTID":1666,"FECHA":-2209161600000,"FOLIO":2163,"HORA":"12:00:00 a. m.","FENOMENO":"SOCIO ORGANIZATIVO","TAXONOM\u00cdA":"CONCENTRACIONES MASIVAS DE POBLACION","GRUPO":"NO APLICA","INCIDENTE":"BLOQUEOS","CAUSAS":"ORGANIZACION DE MUJERES INDIGENAS EN PRO DE SUS DERECHOS","CALLE_Y_NU":"EJE CENTRAL ESQ. FRANCISCO I. MADERO Y 5 DE MAYO","COLONIA":"CENTRO","DELEGACION":"CUAUHTEMOC","ATENDIO":"SSP","ATENDIO_DG":"NO RELEVANTE","FUENTE":"C5","LESIONADOS":0,"FALLECIDOS":0,"LONGITUD":-99.140920863,"LATITUD":19.4344538547}},{"type":"Feature","id":111,"geometry":{"type":"Point","coordinates":[-99.14174625404311,19.441529365143644]},"properties":{"FID":111,"OBJECTID":1668,"FECHA":-2209161600000,"FOLIO":2167,"HORA":"12:00:00 a. m.","FENOMENO":"SOCIO ORGANIZATIVO","TAXONOM\u00cdA":"CONCENTRACIONES MASIVAS DE POBLACION","GRUPO":"NO APLICA","INCIDENTE":"BLOQUEOS","CAUSAS":"POCA INVESTIGACION SOBRE EL DECESO DE UNA PERSONA","CALLE_Y_NU":"PASEO DE LA REFORMA ESQ. OBRAJE","COLONIA":"GUERRERO","DELEGACION":"CUAUHTEMOC","ATENDIO":"SSP","ATENDIO_DG":"NO RELEVANTE","FUENTE":"C5","LESIONADOS":0,"FALLECIDOS":0,"LONGITUD":-99.141746254,"LATITUD":19.4415293651}},{"type":"Feature","id":112,"geometry":{"type":"Point","coordinates":[-99.15942754561986,19.43172737395529]},"properties":{"FID":112,"OBJECTID":1669,"FECHA":-2209161600000,"FOLIO":2168,"HORA":"12:00:00 a. m.","FENOMENO":"SOCIO ORGANIZATIVO","TAXONOM\u00cdA":"CONCENTRACIONES MASIVAS DE POBLACION","GRUPO":"NO APLICA","INCIDENTE":"MANIFESTACION O MITIN","CAUSAS":"SIMPATIZANTES DE LOS 43 NORMALISTAS DESAPARECIDOS EN IGUALA GRO","CALLE_Y_NU":"INSURGENTES ESQ. MANUEL VILLALONGIN","COLONIA":"RENACIMIENTO","DELEGACION":"CUAUHTEMOC","ATENDIO":"SSP","ATENDIO_DG":"NO RELEVANTE","FUENTE":"REDES SOCIALES","LESIONADOS":0,"FALLECIDOS":0,"LONGITUD":-99.1594275456,"LATITUD":19.431727374}},{"type":"Feature","id":113,"geometry":{"type":"Point","coordinates":[-99.06090568147525,19.344757966427974]},"properties":{"FID":113,"OBJECTID":1680,"FECHA":-2209161600000,"FOLIO":2199,"HORA":"12:00:00 a. m.","FENOMENO":"SOCIO ORGANIZATIVO","TAXONOM\u00cdA":"CONCENTRACIONES MASIVAS DE POBLACION","GRUPO":"NO APLICA","INCIDENTE":"MANIFESTACION O MITIN","CAUSAS":"EN DEMANDA DE SERVICIOS DE CAMIONES RECOLECTORES DE BASURA","CALLE_Y_NU":"CALZADA ERMITA IZTAPALAPA","COLONIA":"CONSTITUCION DE 1917","DELEGACION":"IZTAPALAPA","ATENDIO":"SSP, UPCD","ATENDIO_DG":"S.-10 (TIEMPO DE RESPUESTA 30 MIN.)","FUENTE":"C5","LESIONADOS":0,"FALLECIDOS":0,"LONGITUD":-99.0609056815,"LATITUD":19.3447579664}},{"type":"Feature","id":114,"geometry":{"type":"Point","coordinates":[-99.16272357567672,19.364695053235597]},"properties":{"FID":114,"OBJECTID":1691,"FECHA":-2209161600000,"FOLIO":2223,"HORA":"12:00:00 a. m.","FENOMENO":"SOCIO ORGANIZATIVO","TAXONOM\u00cdA":"CONCENTRACIONES MASIVAS DE POBLACION","GRUPO":"NO APLICA","INCIDENTE":"BLOQUEOS","CAUSAS":"FALTA DE AGUA EN LA ZONA","CALLE_Y_NU":"EJE 8 SUR POPOCATEPETL ESQ. EJE 1 PONIENTE CUAUHTEMOC","COLONIA":"SANTA CRUZ ATOYAC","DELEGACION":"BENITO JUAREZ","ATENDIO":"C5, SSP, SACMEX","ATENDIO_DG":"NO RELEVANTE","FUENTE":"C5","LESIONADOS":0,"FALLECIDOS":0,"LONGITUD":-99.1627235757,"LATITUD":19.3646950532}},{"type":"Feature","id":115,"geometry":{"type":"Point","coordinates":[-99.22034096097283,19.321535575364702]},"properties":{"FID":115,"OBJECTID":1711,"FECHA":-2209161600000,"FOLIO":2272,"HORA":"12:00:00 a. m.","FENOMENO":"SOCIO ORGANIZATIVO","TAXONOM\u00cdA":"CONCENTRACIONES MASIVAS DE POBLACION","GRUPO":"NO APLICA","INCIDENTE":"MANIFESTACION O MITIN","CAUSAS":"EXIGIR JUSTICIA POR LA EJECUCION EXTRAJUDICIAL Y TORTURA DE UN MENOR","CALLE_Y_NU":"PERIFERICO SUR ESQ. AV. LUIS CABRERA","COLONIA":"SAN JERONIMO","DELEGACION":"MAGDALENA CONTRERAS","ATENDIO":"SSP, UPCD","ATENDIO_DG":"S.-28 (TIEMPO DE RESPUESTA 05 MIN.)","FUENTE":"SSP","LESIONADOS":0,"FALLECIDOS":0,"LONGITUD":-99.220340961,"LATITUD":19.3215355754}},{"type":"Feature","id":116,"geometry":{"type":"Point","coordinates":[-99.139719258358,19.444061361160113]},"properties":{"FID":116,"OBJECTID":1726,"FECHA":-2209161600000,"FOLIO":1855,"HORA":"12:00:00 a. m.","FENOMENO":"SOCIO ORGANIZATIVO","TAXONOM\u00cdA":"CONCENTRACIONES MASIVAS DE POBLACION","GRUPO":"GESTION DE SERVICIOS DE EMERGENCIA","INCIDENTE":"TRABAJOS DE MODERNIZACION DE LA RED DEL PASEO DE LA REFORMA DE LA CFE","CAUSAS":"PREVENCION","CALLE_Y_NU":"PASEO DE LA REFORMA","COLONIA":"JUAREZ","DELEGACION":"CUAUHTEMOC","ATENDIO":"CFE, SSP","ATENDIO_DG":"S.-26","FUENTE":"DGEM","LESIONADOS":0,"FALLECIDOS":0,"LONGITUD":-99.1397192584,"LATITUD":19.4440613612}},{"type":"Feature","id":117,"geometry":{"type":"Point","coordinates":[-99.139719258358,19.444061361160113]},"properties":{"FID":117,"OBJECTID":1738,"FECHA":-2209161600000,"FOLIO":1890,"HORA":"12:00:00 a. m.","FENOMENO":"SOCIO ORGANIZATIVO","TAXONOM\u00cdA":"CONCENTRACIONES MASIVAS DE POBLACION","GRUPO":"GESTION DE SERVICIOS DE EMERGENCIA","INCIDENTE":"TRABAJOS DE MODERNIZACION DE LA RED DEL PASEO DE LA REFORMA DE LA CFE","CAUSAS":"PREVENCION","CALLE_Y_NU":"PASEO DE LA REFORMA","COLONIA":"JUAREZ","DELEGACION":"CUAUHTEMOC","ATENDIO":"CFE, SSP","ATENDIO_DG":"S.-26","FUENTE":"DGEM","LESIONADOS":0,"FALLECIDOS":0,"LONGITUD":-99.1397192584,"LATITUD":19.4440613612}},{"type":"Feature","id":118,"geometry":{"type":"Point","coordinates":[-99.15314175880349,19.4331968173499]},"properties":{"FID":118,"OBJECTID":1755,"FECHA":-2209161600000,"FOLIO":1928,"HORA":"12:00:00 a. m.","FENOMENO":"SOCIO ORGANIZATIVO","TAXONOM\u00cdA":"CONCENTRACIONES MASIVAS DE POBLACION","GRUPO":"GESTION DE SERVICIOS DE EMERGENCIA","INCIDENTE":"TRABAJOS DE MODERNIZACION DE LA RED DEL PASEO DE LA REFORMA DE LA CFE","CAUSAS":"PREVENCION","CALLE_Y_NU":"PASEO DE LA REFORMA ENTRE DONATO GUERRA Y MORELOS","COLONIA":"JUAREZ","DELEGACION":"CUAUHTEMOC","ATENDIO":"CFE","ATENDIO_DG":"S.-26","FUENTE":"CFE","LESIONADOS":0,"FALLECIDOS":0,"LONGITUD":-99.1531417588,"LATITUD":19.4331968173}},{"type":"Feature","id":119,"geometry":{"type":"Point","coordinates":[-99.15500875144295,19.43306871142074]},"properties":{"FID":119,"OBJECTID":1778,"FECHA":-2209161600000,"FOLIO":2002,"HORA":"12:00:00 a. m.","FENOMENO":"SOCIO ORGANIZATIVO","TAXONOM\u00cdA":"CONCENTRACIONES MASIVAS DE POBLACION","GRUPO":"GESTION DE SERVICIOS DE EMERGENCIA","INCIDENTE":"TRABAJOS DE MODERNIZACION DE LA RED DEL PASEO DE LA REFORMA DE LA CFE","CAUSAS":"PREVENCION","CALLE_Y_NU":"PASEO DE LA REFORMA ENTRE DONATO GUERRA Y MORELOS","COLONIA":"JUAREZ","DELEGACION":"CUAUHTEMOC","ATENDIO":"CFE","ATENDIO_DG":"S.-26","FUENTE":"CFE","LESIONADOS":0,"FALLECIDOS":0,"LONGITUD":-99.1550087514,"LATITUD":19.4330687114}},{"type":"Feature","id":120,"geometry":{"type":"Point","coordinates":[-99.139719258358,19.444061361160113]},"properties":{"FID":120,"OBJECTID":1796,"FECHA":-2209161600000,"FOLIO":2045,"HORA":"12:00:00 a. m.","FENOMENO":"SOCIO ORGANIZATIVO","TAXONOM\u00cdA":"CONCENTRACIONES MASIVAS DE POBLACION","GRUPO":"GESTION DE SERVICIOS DE EMERGENCIA","INCIDENTE":"TRABAJOS DE MODERNIZACION DE LA RED DEL PASEO DE LA REFORMA DE LA CFE","CAUSAS":"PREVENCION","CALLE_Y_NU":"PASEO DE LA REFORMA ENTRE MORELOS Y DONATO GUERRA","COLONIA":"JUAREZ","DELEGACION":"CUAUHTEMOC","ATENDIO":"CFE","ATENDIO_DG":"S.-26","FUENTE":"CFE","LESIONADOS":0,"FALLECIDOS":0,"LONGITUD":-99.1397192584,"LATITUD":19.4440613612}},{"type":"Feature","id":121,"geometry":{"type":"Point","coordinates":[-99.1534277620347,19.433431543914114]},"properties":{"FID":121,"OBJECTID":1808,"FECHA":-2209161600000,"FOLIO":2086,"HORA":"12:00:00 a. m.","FENOMENO":"SOCIO ORGANIZATIVO","TAXONOM\u00cdA":"CONCENTRACIONES MASIVAS DE POBLACION","GRUPO":"GESTION DE SERVICIOS DE EMERGENCIA","INCIDENTE":"TRABAJOS DE MODERNIZACION DE LA RED DEL PASEO DE LA REFORMA DE LA CFE","CAUSAS":"PREVENCION","CALLE_Y_NU":"PASEO DE LA REFORMA ESQ. DONATO GUERRA Y MORELOS","COLONIA":"JUAREZ","DELEGACION":"CUAUHTEMOC","ATENDIO":"CFE","ATENDIO_DG":"S.-26","FUENTE":"CFE","LESIONADOS":0,"FALLECIDOS":0,"LONGITUD":-99.153427762,"LATITUD":19.4334315439}},{"type":"Feature","id":122,"geometry":{"type":"Point","coordinates":[-99.139719258358,19.444061361160113]},"properties":{"FID":122,"OBJECTID":1818,"FECHA":-2209161600000,"FOLIO":2117,"HORA":"12:00:00 a. m.","FENOMENO":"SOCIO ORGANIZATIVO","TAXONOM\u00cdA":"CONCENTRACIONES MASIVAS DE POBLACION","GRUPO":"GESTION DE SERVICIOS DE EMERGENCIA","INCIDENTE":"TRABAJOS DE MODERNIZACION DE LA RED DEL PASEO DE LA REFORMA DE LA CFE","CAUSAS":"PREVENCION","CALLE_Y_NU":"PASEO DE LA REFORMA ESQ. MORELOS Y DONATO GUERRA","COLONIA":"JUAREZ","DELEGACION":"CUAUHTEMOC","ATENDIO":"CFE","ATENDIO_DG":"S.-26","FUENTE":"CFE","LESIONADOS":0,"FALLECIDOS":0,"LONGITUD":-99.1397192584,"LATITUD":19.4440613612}},{"type":"Feature","id":123,"geometry":{"type":"Point","coordinates":[-99.15426587953647,19.433241051686636]},"properties":{"FID":123,"OBJECTID":1838,"FECHA":-2209161600000,"FOLIO":2154,"HORA":"12:00:00 a. m.","FENOMENO":"SOCIO ORGANIZATIVO","TAXONOM\u00cdA":"CONCENTRACIONES MASIVAS DE POBLACION","GRUPO":"GESTION DE SERVICIOS DE EMERGENCIA","INCIDENTE":"TRABAJOS DE MODERNIZACION DE LA RED DEL PASEO DE LA REFORMA DE LA CFE","CAUSAS":"PREVENCION","CALLE_Y_NU":"PASEO DE LA REFORMA ESQ. DONATO GUERRA Y MORELOS","COLONIA":"JUAREZ","DELEGACION":"CUAUHTEMOC","ATENDIO":"CFE","ATENDIO_DG":"S.-26","FUENTE":"CFE","LESIONADOS":0,"FALLECIDOS":0,"LONGITUD":-99.1542658795,"LATITUD":19.4332410517}},{"type":"Feature","id":124,"geometry":{"type":"Point","coordinates":[-99.15426587953647,19.433241051686636]},"properties":{"FID":124,"OBJECTID":1865,"FECHA":-2209161600000,"FOLIO":2229,"HORA":"12:00:00 a. m.","FENOMENO":"SOCIO ORGANIZATIVO","TAXONOM\u00cdA":"CONCENTRACIONES MASIVAS DE POBLACION","GRUPO":"GESTION DE SERVICIOS DE EMERGENCIA","INCIDENTE":"TRABAJOS DE MODERNIZACION DE LA RED DEL PASEO DE LA REFORMA DE LA CFE","CAUSAS":"PREVENCION","CALLE_Y_NU":"PASEO DE LA REFORMA ESQ. DONATO GUERRA Y MORELOS","COLONIA":"JUAREZ","DELEGACION":"CUAUHTEMOC","ATENDIO":"CFE","ATENDIO_DG":"S.-26","FUENTE":"CFE","LESIONADOS":0,"FALLECIDOS":0,"LONGITUD":-99.1542658795,"LATITUD":19.4332410517}},{"type":"Feature","id":125,"geometry":{"type":"Point","coordinates":[-99.139719258358,19.444061361160113]},"properties":{"FID":125,"OBJECTID":1879,"FECHA":-2209161600000,"FOLIO":2263,"HORA":"12:00:00 a. m.","FENOMENO":"SOCIO ORGANIZATIVO","TAXONOM\u00cdA":"CONCENTRACIONES MASIVAS DE POBLACION","GRUPO":"GESTION DE SERVICIOS DE EMERGENCIA","INCIDENTE":"TRABAJOS DE MODERNIZACION DE LA RED DEL PASEO DE LA REFORMA DE LA CFE","CAUSAS":"PREVENCION","CALLE_Y_NU":"PASEO DE LA REFORMA ESQ. MORELOS Y DONATO GUERRA","COLONIA":"JUAREZ","DELEGACION":"CUAUHTEMOC","ATENDIO":"CFE","ATENDIO_DG":"S.-26","FUENTE":"CFE","LESIONADOS":0,"FALLECIDOS":0,"LONGITUD":-99.1397192584,"LATITUD":19.4440613612}},{"type":"Feature","id":126,"geometry":{"type":"Point","coordinates":[-99.15426587953647,19.433241051686636]},"properties":{"FID":126,"OBJECTID":1894,"FECHA":-2209161600000,"FOLIO":2297,"HORA":"12:00:00 a. m.","FENOMENO":"SOCIO ORGANIZATIVO","TAXONOM\u00cdA":"CONCENTRACIONES MASIVAS DE POBLACION","GRUPO":"GESTION DE SERVICIOS DE EMERGENCIA","INCIDENTE":"TRABAJOS DE MODERNIZACION DE LA RED DEL PASEO DE LA REFORMA DE LA CFE","CAUSAS":"PREVENCION","CALLE_Y_NU":"PASEO DE LA REFORMA ESQ. DONATO GUERRA Y MORELOS","COLONIA":"JUAREZ","DELEGACION":"CUAUHTEMOC","ATENDIO":"CFE","ATENDIO_DG":"S.-26","FUENTE":"CFE","LESIONADOS":0,"FALLECIDOS":0,"LONGITUD":-99.1542658795,"LATITUD":19.4332410517}},{"type":"Feature","id":127,"geometry":{"type":"Point","coordinates":[-99.13241191654264,19.431893684999107]},"properties":{"FID":127,"OBJECTID":1900,"FECHA":1493596800000,"FOLIO":3863,"HORA":"S\/D","FENOMENO":"SOCIO ORGANIZATIVO","TAXONOM\u00cdA":"CONCENTRACIONES MASIVAS DE POBLACION","GRUPO":"NO APLICA","INCIDENTE":"MANIFESTACION O MITIN","CAUSAS":"CONMEMORACION DEL 131\u00ba ANIVERSARIO DEL DIA INTERNACIONAL DEL TRABAJO","CALLE_Y_NU":"CIRCUITO PLAZA DE LA CONSTITUCION ESQ. JOSE MARIA PINO SUAREZ","COLONIA":"CENTRO","DELEGACION":"CUAUHTEMOC","ATENDIO":"SSP, STC-METRO, DGSU","ATENDIO_DG":"S.-20, S.-24, S.-25, S.-26 Y S.-8","FUENTE":"SSP","LESIONADOS":0,"FALLECIDOS":0,"LONGITUD":-99.1324119165,"LATITUD":19.431893685}},{"type":"Feature","id":128,"geometry":{"type":"Point","coordinates":[-99.08448629919857,19.468396594006617]},"properties":{"FID":128,"OBJECTID":1941,"FECHA":1493769600000,"FOLIO":3964,"HORA":"S\/D","FENOMENO":"SOCIO ORGANIZATIVO","TAXONOM\u00cdA":"CONCENTRACIONES MASIVAS DE POBLACION","GRUPO":"NO APLICA","INCIDENTE":"SIMULACRO","CAUSAS":"PREVENCION","CALLE_Y_NU":"CALZADA SAN JUAN DE ARAGON ESQ. JARDIN REVOLUCION","COLONIA":"SAN JUAN DE ARAGON","DELEGACION":"GUSTAVO A. MADERO","ATENDIO":"UPC, SSP","ATENDIO_DG":"S.-5","FUENTE":"DGEM","LESIONADOS":0,"FALLECIDOS":0,"LONGITUD":-99.0844862992,"LATITUD":19.468396594}},{"type":"Feature","id":129,"geometry":{"type":"Point","coordinates":[-99.1505818904773,19.311683491979515]},"properties":{"FID":129,"OBJECTID":1942,"FECHA":1493769600000,"FOLIO":3965,"HORA":"S\/D","FENOMENO":"SOCIO ORGANIZATIVO","TAXONOM\u00cdA":"CONCENTRACIONES MASIVAS DE POBLACION","GRUPO":"NO APLICA","INCIDENTE":"SIMULACRO","CAUSAS":"PREVENCION","CALLE_Y_NU":"SAN GONZALO MZ. 611 LT. 2 ESQ. SAN BENJAMIN","COLONIA":"SANTA URSULA COAPA","DELEGACION":"COYOACAN","ATENDIO":"UPC, SSP","ATENDIO_DG":"S.-14","FUENTE":"DGEM","LESIONADOS":0,"FALLECIDOS":0,"LONGITUD":-99.1505818905,"LATITUD":19.311683492}},{"type":"Feature","id":130,"geometry":{"type":"Point","coordinates":[-99.1631349845421,19.46215238877259]},"properties":{"FID":130,"OBJECTID":1943,"FECHA":1493769600000,"FOLIO":3966,"HORA":"S\/D","FENOMENO":"SOCIO ORGANIZATIVO","TAXONOM\u00cdA":"CONCENTRACIONES MASIVAS DE POBLACION","GRUPO":"NO APLICA","INCIDENTE":"SIMULACRO","CAUSAS":"PREVENCION","CALLE_Y_NU":"ORQUIDEA No. 35 ESQ. TLATILCO","COLONIA":"TLATILCO","DELEGACION":"AZCAPOTZALCO","ATENDIO":"UPC, SSP","ATENDIO_DG":"S.-6","FUENTE":"DGEM","LESIONADOS":0,"FALLECIDOS":0,"LONGITUD":-99.1631349845,"LATITUD":19.4621523888}},{"type":"Feature","id":131,"geometry":{"type":"Point","coordinates":[-99.10070893825397,19.4158548344449]},"properties":{"FID":131,"OBJECTID":1944,"FECHA":1493769600000,"FOLIO":3967,"HORA":"S\/D","FENOMENO":"SOCIO ORGANIZATIVO","TAXONOM\u00cdA":"CONCENTRACIONES MASIVAS DE POBLACION","GRUPO":"NO APLICA","INCIDENTE":"SIMULACRO","CAUSAS":"PREVENCION","CALLE_Y_NU":"FRAY SERVANDO TERESA DE MIER No. 159 ESQ. RETORNO 29","COLONIA":"JARDIN BALBUENA","DELEGACION":"VENUSTIANO CARRANZA","ATENDIO":"UPC, SSP","ATENDIO_DG":"S.-24","FUENTE":"DGEM","LESIONADOS":0,"FALLECIDOS":0,"LONGITUD":-99.1007089383,"LATITUD":19.4158548344}},{"type":"Feature","id":132,"geometry":{"type":"Point","coordinates":[-99.10250248340229,19.374734182818163]},"properties":{"FID":132,"OBJECTID":1945,"FECHA":1493769600000,"FOLIO":3968,"HORA":"S\/D","FENOMENO":"SOCIO ORGANIZATIVO","TAXONOM\u00cdA":"CONCENTRACIONES MASIVAS DE POBLACION","GRUPO":"NO APLICA","INCIDENTE":"SIMULACRO","CAUSAS":"PREVENCION","CALLE_Y_NU":"RIO CHURUBUSCO ESQ. VERACRUZ","COLONIA":"SAN JOSE ACULCO","DELEGACION":"IZTAPALAPA","ATENDIO":"UPC, SSP","ATENDIO_DG":"S.-27","FUENTE":"DGEM","LESIONADOS":0,"FALLECIDOS":0,"LONGITUD":-99.1025024834,"LATITUD":19.3747341828}},{"type":"Feature","id":133,"geometry":{"type":"Point","coordinates":[-99.20231992742353,19.45222620801906]},"properties":{"FID":133,"OBJECTID":1946,"FECHA":1493769600000,"FOLIO":3969,"HORA":"S\/D","FENOMENO":"SOCIO ORGANIZATIVO","TAXONOM\u00cdA":"CONCENTRACIONES MASIVAS DE POBLACION","GRUPO":"NO APLICA","INCIDENTE":"SIMULACRO","CAUSAS":"PREVENCION","CALLE_Y_NU":"LAGO ATITLAN ESQ. LAGO VIEDMA","COLONIA":"MEXICO NUEVO","DELEGACION":"MIGUEL HIDALGO","ATENDIO":"UPC, SSP","ATENDIO_DG":"S.-11","FUENTE":"DGEM","LESIONADOS":0,"FALLECIDOS":0,"LONGITUD":-99.2023199274,"LATITUD":19.452226208}},{"type":"Feature","id":134,"geometry":{"type":"Point","coordinates":[-99.11051304880024,19.377657580631734]},"properties":{"FID":134,"OBJECTID":1947,"FECHA":1493769600000,"FOLIO":3970,"HORA":"S\/D","FENOMENO":"SOCIO ORGANIZATIVO","TAXONOM\u00cdA":"CONCENTRACIONES MASIVAS DE POBLACION","GRUPO":"NO APLICA","INCIDENTE":"SIMULACRO","CAUSAS":"PREVENCIO","CALLE_Y_NU":"AV. DEL ROSAL ESQ. SANTA MARIA","COLONIA":"PURISIMA ATLAZOLPA","DELEGACION":"IZTAPALAPA","ATENDIO":"UPC, SSP","ATENDIO_DG":"S.-9","FUENTE":"DGEM","LESIONADOS":0,"FALLECIDOS":0,"LONGITUD":-99.1105130488,"LATITUD":19.3776575806}},{"type":"Feature","id":135,"geometry":{"type":"Point","coordinates":[-99.12556091520968,19.292732979567763]},"properties":{"FID":135,"OBJECTID":1948,"FECHA":1493769600000,"FOLIO":3971,"HORA":"S\/D","FENOMENO":"SOCIO ORGANIZATIVO","TAXONOM\u00cdA":"CONCENTRACIONES MASIVAS DE POBLACION","GRUPO":"NO APLICA","INCIDENTE":"SIMULACRO","CAUSAS":"PREVENCION","CALLE_Y_NU":"AV. CANAL DE MIRAMONTES ESQ. CALZADA ACOXPA","COLONIA":"VILLA COAPA","DELEGACION":"TLALPAN","ATENDIO":"UPC, SSP","ATENDIO_DG":"REGIONAL SUR","FUENTE":"DGEM","LESIONADOS":0,"FALLECIDOS":0,"LONGITUD":-99.1255609152,"LATITUD":19.2927329796}},{"type":"Feature","id":136,"geometry":{"type":"Point","coordinates":[-99.05432972138824,19.296319755133318]},"properties":{"FID":136,"OBJECTID":1949,"FECHA":1493769600000,"FOLIO":3973,"HORA":"S\/D","FENOMENO":"SOCIO ORGANIZATIVO","TAXONOM\u00cdA":"CONCENTRACIONES MASIVAS DE POBLACION","GRUPO":"NO APLICA","INCIDENTE":"SIMULACRO","CAUSAS":"PREVENCION","CALLE_Y_NU":"ANGELICA PAULET ESQ. GALLO DE ORO","COLONIA":"LA NOPALERA","DELEGACION":"TLAHUAC","ATENDIO":"UPC, SSP","ATENDIO_DG":"S.-16","FUENTE":"DGEM","LESIONADOS":0,"FALLECIDOS":0,"LONGITUD":-99.0543297214,"LATITUD":19.2963197551}},{"type":"Feature","id":137,"geometry":{"type":"Point","coordinates":[-99.14592670517446,19.300526131770038]},"properties":{"FID":137,"OBJECTID":1950,"FECHA":1493769600000,"FOLIO":3974,"HORA":"S\/D","FENOMENO":"SOCIO ORGANIZATIVO","TAXONOM\u00cdA":"CONCENTRACIONES MASIVAS DE POBLACION","GRUPO":"NO APLICA","INCIDENTE":"SIMULACRO","CAUSAS":"PREVENCION","CALLE_Y_NU":"CALZADA ACOXPA S\/N ESQ. CALZADA DE TLALPAN","COLONIA":"SAN LORENZO HUIPULCO","DELEGACION":"TLALPAN","ATENDIO":"UPC, SSP","ATENDIO_DG":"S.-17","FUENTE":"DGEM","LESIONADOS":0,"FALLECIDOS":0,"LONGITUD":-99.1459267052,"LATITUD":19.3005261318}},{"type":"Feature","id":138,"geometry":{"type":"Point","coordinates":[-99.19321222210665,19.37991114080273]},"properties":{"FID":138,"OBJECTID":1952,"FECHA":1493769600000,"FOLIO":3978,"HORA":"S\/D","FENOMENO":"SOCIO ORGANIZATIVO","TAXONOM\u00cdA":"CONCENTRACIONES MASIVAS DE POBLACION","GRUPO":"NO APLICA","INCIDENTE":"SIMULACRO","CAUSAS":"PREVENCION","CALLE_Y_NU":"FRANCISCO GIRANDON No. 31 ESQ. ALEJANDRO ALLORI","COLONIA":"SANTA MARIA NONOALCO","DELEGACION":"ALVARO OBREGON","ATENDIO":"UPC, SSP","ATENDIO_DG":"S.-18","FUENTE":"DGEM","LESIONADOS":0,"FALLECIDOS":0,"LONGITUD":-99.1932122221,"LATITUD":19.3799111408}},{"type":"Feature","id":139,"geometry":{"type":"Point","coordinates":[-99.0845917138358,19.46956234566862]},"properties":{"FID":139,"OBJECTID":1999,"FECHA":1493942400000,"FOLIO":4076,"HORA":"S\/D","FENOMENO":"SOCIO ORGANIZATIVO","TAXONOM\u00cdA":"CONCENTRACIONES MASIVAS DE POBLACION","GRUPO":"NO APLICA","INCIDENTE":"EVENTO MASIVO","CAUSAS":"REPRESENTACION BATALLA DE PUEBLA","CALLE_Y_NU":"5 DE MAYO ESQ. HIDALGO","COLONIA":"PUEBLO DE SAN JUAN DE ARAGON","DELEGACION":"GUSTAVO A. MADERO","ATENDIO":"UPC, SSP, ERUM, AGRUPAMIENTO CONDORES","ATENDIO_DG":"S.-5 Y S.-10","FUENTE":"DGEM","LESIONADOS":3,"FALLECIDOS":0,"LONGITUD":-99.0845917138,"LATITUD":19.4695623457}},{"type":"Feature","id":140,"geometry":{"type":"Point","coordinates":[-99.08503270788454,19.438166799855153]},"properties":{"FID":140,"OBJECTID":2000,"FECHA":1493942400000,"FOLIO":4077,"HORA":"S\/D","FENOMENO":"SOCIO ORGANIZATIVO","TAXONOM\u00cdA":"CONCENTRACIONES MASIVAS DE POBLACION","GRUPO":"NO APLICA","INCIDENTE":"EVENTO MASIVO","CAUSAS":"REPRESENTACION BATALLA DE PUEBLA","CALLE_Y_NU":"CIRCUITO INTERIOR ESQ. QUETZALCOATL","COLONIA":"PE\u00d1ON DE LOS BA\u00d1OS","DELEGACION":"VENUSTIANO CARRANZA","ATENDIO":"UPC, SSP, ERUM, AGRUPAMIENTO CONDORES","ATENDIO_DG":"S.-22 Y S.-24","FUENTE":"DGEM","LESIONADOS":0,"FALLECIDOS":0,"LONGITUD":-99.0850327079,"LATITUD":19.4381667999}},{"type":"Feature","id":141,"geometry":{"type":"Point","coordinates":[-99.14996805398877,19.43154565294227]},"properties":{"FID":141,"OBJECTID":2018,"FECHA":1494028800000,"FOLIO":4115,"HORA":"S\/D","FENOMENO":"SOCIO ORGANIZATIVO","TAXONOM\u00cdA":"CONCENTRACIONES MASIVAS DE POBLACION","GRUPO":"NO APLICA","INCIDENTE":"MANIFESTACION O MITIN","CAUSAS":"DIA MUNDIAL POR LA LIBERACION DE LA MARIHUANA","CALLE_Y_NU":"AYUNTAMIENTO ESQ. ENRICO MARTINEZ","COLONIA":"CENTRO","DELEGACION":"CUAUHTEMOC","ATENDIO":"SSP","ATENDIO_DG":"NO RELEVANTE","FUENTE":"C5","LESIONADOS":0,"FALLECIDOS":0,"LONGITUD":-99.149968054,"LATITUD":19.4315456529}},{"type":"Feature","id":142,"geometry":{"type":"Point","coordinates":[-99.14626562297406,19.43510030743366]},"properties":{"FID":142,"OBJECTID":2020,"FECHA":1494028800000,"FOLIO":4118,"HORA":"S\/D","FENOMENO":"SOCIO ORGANIZATIVO","TAXONOM\u00cdA":"CONCENTRACIONES MASIVAS DE POBLACION","GRUPO":"NO APLICA","INCIDENTE":"MANIFESTACION O MITIN","CAUSAS":"DIA MUNDIAL POR LA LIBERACION DE LA MARIHUANA","CALLE_Y_NU":"AV. JUAREZ ESQ. DR. MORA","COLONIA":"CENTRO","DELEGACION":"CUAUHTEMOC","ATENDIO":"SSP","ATENDIO_DG":"NO RELEVANTE","FUENTE":"C5","LESIONADOS":0,"FALLECIDOS":0,"LONGITUD":-99.146265623,"LATITUD":19.4351003074}},{"type":"Feature","id":143,"geometry":{"type":"Point","coordinates":[-99.15431629300333,19.43618714642313]},"properties":{"FID":143,"OBJECTID":2027,"FECHA":1494115200000,"FOLIO":4127,"HORA":"S\/D","FENOMENO":"SOCIO ORGANIZATIVO","TAXONOM\u00cdA":"CONCENTRACIONES MASIVAS DE POBLACION","GRUPO":"NO APLICA","INCIDENTE":"EVENTO MASIVO","CAUSAS":"REANIMANDO CORAZONES, SALVANDO VIDAS","CALLE_Y_NU":"AV. LA REPUBLICA ESQ. IGNACIO RAMIREZ","COLONIA":"TABACALERA","DELEGACION":"CUAUHTEMOC","ATENDIO":"SSP, CRUZ ROJA MEXICANA","ATENDIO_DG":"NO RELEVANTE","FUENTE":"C5","LESIONADOS":0,"FALLECIDOS":0,"LONGITUD":-99.154316293,"LATITUD":19.4361871464}},{"type":"Feature","id":144,"geometry":{"type":"Point","coordinates":[-99.13459063651284,19.416998697714465]},"properties":{"FID":144,"OBJECTID":2045,"FECHA":1494201600000,"FOLIO":4149,"HORA":"S\/D","FENOMENO":"SOCIO ORGANIZATIVO","TAXONOM\u00cdA":"CONCENTRACIONES MASIVAS DE POBLACION","GRUPO":"NO APLICA","INCIDENTE":"MANIFESTACION O MITIN","CAUSAS":"POR FALTA DE AGUA POTABLE","CALLE_Y_NU":"AV. SAN ANTONIO ABAD ESQ. ALFREDO CHAVERO","COLONIA":"OBRERA","DELEGACION":"CUAUHTEMOC","ATENDIO":"SSP, SACMEX","ATENDIO_DG":"NO RELEVANTE","FUENTE":"REDES SOCIALES","LESIONADOS":0,"FALLECIDOS":0,"LONGITUD":-99.1345906365,"LATITUD":19.4169986977}},{"type":"Feature","id":145,"geometry":{"type":"Point","coordinates":[-99.15612447701189,19.434296818844974]},"properties":{"FID":145,"OBJECTID":2061,"FECHA":1494288000000,"FOLIO":4171,"HORA":"S\/D","FENOMENO":"SOCIO ORGANIZATIVO","TAXONOM\u00cdA":"CONCENTRACIONES MASIVAS DE POBLACION","GRUPO":"NO APLICA","INCIDENTE":"MANIFESTACION O MITIN","CAUSAS":"SOLUCION AL CONFLICTO DEL SINDICATO MEXICANO DE ELECTRICISTAS (SME)","CALLE_Y_NU":"MAESTRO ANTONIO CASO No. 45 ESQ. EZEQUIEL MONTES","COLONIA":"TABACALERA","DELEGACION":"CUAUHTEMOC","ATENDIO":"SSP, C5","ATENDIO_DG":"NO RELEVANTE","FUENTE":"SSP","LESIONADOS":0,"FALLECIDOS":0,"LONGITUD":-99.156124477,"LATITUD":19.4342968188}},{"type":"Feature","id":146,"geometry":{"type":"Point","coordinates":[-99.18530478335171,19.351650726440244]},"properties":{"FID":146,"OBJECTID":2062,"FECHA":1494288000000,"FOLIO":4172,"HORA":"S\/D","FENOMENO":"SOCIO ORGANIZATIVO","TAXONOM\u00cdA":"CONCENTRACIONES MASIVAS DE POBLACION","GRUPO":"NO APLICA","INCIDENTE":"SIMULACRO","CAUSAS":"PREVENCION","CALLE_Y_NU":"AV. INSURGENTES No. 1940 ESQ. ENCANTO","COLONIA":"FLORIDA","DELEGACION":"ALVARO OBREGON","ATENDIO":"SSP, UPCD","ATENDIO_DG":"S.-18","FUENTE":"DGEM","LESIONADOS":0,"FALLECIDOS":0,"LONGITUD":-99.1853047834,"LATITUD":19.3516507264}},{"type":"Feature","id":147,"geometry":{"type":"Point","coordinates":[-99.16247646839243,19.422750694917532]},"properties":{"FID":147,"OBJECTID":2063,"FECHA":1494288000000,"FOLIO":4175,"HORA":"S\/D","FENOMENO":"SOCIO ORGANIZATIVO","TAXONOM\u00cdA":"CONCENTRACIONES MASIVAS DE POBLACION","GRUPO":"NO APLICA","INCIDENTE":"SIMULACRO","CAUSAS":"PREVENCION","CALLE_Y_NU":"JALAPA No. 15 ESQ. PUEBLA","COLONIA":"ROMA","DELEGACION":"CUAUHTEMOC","ATENDIO":"SSP, UPCD, PROCSOC","ATENDIO_DG":"S.-26","FUENTE":"DGEM","LESIONADOS":0,"FALLECIDOS":0,"LONGITUD":-99.1624764684,"LATITUD":19.4227506949}},{"type":"Feature","id":148,"geometry":{"type":"Point","coordinates":[-99.11272176169085,19.418287838226416]},"properties":{"FID":148,"OBJECTID":2065,"FECHA":1494288000000,"FOLIO":4178,"HORA":"S\/D","FENOMENO":"SOCIO ORGANIZATIVO","TAXONOM\u00cdA":"CONCENTRACIONES MASIVAS DE POBLACION","GRUPO":"NO APLICA","INCIDENTE":"SIMULACRO","CAUSAS":"PREVENION","CALLE_Y_NU":"FRANCISCO DEL PASO Y TRONCOSO No. 219 ESQ. LORENZO BOTURINI Y FRAY SERVANDO TERESA DE MIER","COLONIA":"JARDIN BALBUENA","DELEGACION":"VENUSTIANO CARRANZA","ATENDIO":"SSP, UPCD","ATENDIO_DG":"S.-22, S.-24","FUENTE":"DGEM","LESIONADOS":0,"FALLECIDOS":0,"LONGITUD":-99.1127217617,"LATITUD":19.4182878382}},{"type":"Feature","id":149,"geometry":{"type":"Point","coordinates":[-99.13654706572424,19.42151586401792]},"properties":{"FID":149,"OBJECTID":2066,"FECHA":1494288000000,"FOLIO":4179,"HORA":"S\/D","FENOMENO":"SOCIO ORGANIZATIVO","TAXONOM\u00cdA":"CONCENTRACIONES MASIVAS DE POBLACION","GRUPO":"NO APLICA","INCIDENTE":"SIMULACRO","CAUSAS":"PREVENCION","CALLE_Y_NU":"DIAGONAL 20 DE NOVIEMBRE No. 294 ESQ. LUCAS ALAMAN","COLONIA":"OBRERA","DELEGACION":"CUAUHTEMOC","ATENDIO":"SSP, SEDESO, UPCD","ATENDIO_DG":"S.-20","FUENTE":"DGEM","LESIONADOS":0,"FALLECIDOS":0,"LONGITUD":-99.1365470657,"LATITUD":19.421515864}},{"type":"Feature","id":150,"geometry":{"type":"Point","coordinates":[-99.00527252092384,19.279247069034064]},"properties":{"FID":150,"OBJECTID":2067,"FECHA":1494288000000,"FOLIO":4180,"HORA":"S\/D","FENOMENO":"SOCIO ORGANIZATIVO","TAXONOM\u00cdA":"CONCENTRACIONES MASIVAS DE POBLACION","GRUPO":"NO APLICA","INCIDENTE":"SIMULACRO","CAUSAS":"PREVENCION","CALLE_Y_NU":"AV. TLAHUAC S\/N ESQ. NICOLAS BRAVO","COLONIA":"BARRIO LA ASUNCION","DELEGACION":"TLAHUAC","ATENDIO":"SSP, UPCD","ATENDIO_DG":"S.-16","FUENTE":"DGEM","LESIONADOS":0,"FALLECIDOS":0,"LONGITUD":-99.0052725209,"LATITUD":19.279247069}},{"type":"Feature","id":151,"geometry":{"type":"Point","coordinates":[-99.15379769516231,19.411497839178963]},"properties":{"FID":151,"OBJECTID":2068,"FECHA":1494288000000,"FOLIO":4181,"HORA":"S\/D","FENOMENO":"SOCIO ORGANIZATIVO","TAXONOM\u00cdA":"CONCENTRACIONES MASIVAS DE POBLACION","GRUPO":"NO APLICA","INCIDENTE":"SIMULACRO","CAUSAS":"PREVENCION","CALLE_Y_NU":"DR. MARQUEZ No. 162 ESQ. DR. JIMENEZ","COLONIA":"DOCTORES","DELEGACION":"CUAUHTEMOC","ATENDIO":"SSP, UPCD","ATENDIO_DG":"REGIONAL CENTRO","FUENTE":"DGEM","LESIONADOS":0,"FALLECIDOS":0,"LONGITUD":-99.1537976952,"LATITUD":19.4114978392}},{"type":"Feature","id":152,"geometry":{"type":"Point","coordinates":[-99.18138507920143,19.45754415243318]},"properties":{"FID":152,"OBJECTID":2069,"FECHA":1494288000000,"FOLIO":4182,"HORA":"S\/D","FENOMENO":"SOCIO ORGANIZATIVO","TAXONOM\u00cdA":"CONCENTRACIONES MASIVAS DE POBLACION","GRUPO":"NO APLICA","INCIDENTE":"SIMULACRO","CAUSAS":"PREVENCION","CALLE_Y_NU":"CALZADA MEXICO TACUBA No. 595 ESQ. POCITO","COLONIA":"POPOTLA","DELEGACION":"MIGUEL HIDALGO","ATENDIO":"SSP, SEDESA, UPCD","ATENDIO_DG":"S.-6","FUENTE":"DGEM","LESIONADOS":0,"FALLECIDOS":0,"LONGITUD":-99.1813850792,"LATITUD":19.4575441524}},{"type":"Feature","id":153,"geometry":{"type":"Point","coordinates":[-99.09695355332356,19.395568192376672]},"properties":{"FID":153,"OBJECTID":2070,"FECHA":1494288000000,"FOLIO":4187,"HORA":"S\/D","FENOMENO":"SOCIO ORGANIZATIVO","TAXONOM\u00cdA":"CONCENTRACIONES MASIVAS DE POBLACION","GRUPO":"NO APLICA","INCIDENTE":"MANIFESTACION O MITIN","CAUSAS":"DEMANDA DEL PAGO DE TIEMPOS EXTRAS Y GUARDIAS","CALLE_Y_NU":"AV. TE ESQ. BENITO JUAREZ","COLONIA":"GABRIEL RAMOS MILLAN","DELEGACION":"IZTACALCO","ATENDIO":"SSP, UPCD","ATENDIO_DG":"NO RELEVANTE","FUENTE":"SSP","LESIONADOS":0,"FALLECIDOS":0,"LONGITUD":-99.0969535533,"LATITUD":19.3955681924}},{"type":"Feature","id":154,"geometry":{"type":"Point","coordinates":[-99.18994393013784,19.33714106870919]},"properties":{"FID":154,"OBJECTID":2071,"FECHA":1494288000000,"FOLIO":4189,"HORA":"S\/D","FENOMENO":"SOCIO ORGANIZATIVO","TAXONOM\u00cdA":"CONCENTRACIONES MASIVAS DE POBLACION","GRUPO":"NO APLICA","INCIDENTE":"BLOQUEOS","CAUSAS":"LIBERACION DE RECURSOS PARA INFRAESTRUCTURA HIDRAULICA","CALLE_Y_NU":"AV. INSURGENTES SUR ESQ. AV. UNIVERSIDAD","COLONIA":"COPILCO EL BAJO","DELEGACION":"COYOACAN","ATENDIO":"SSP, UPCD","ATENDIO_DG":"NO RELEVANTE","FUENTE":"SSP","LESIONADOS":0,"FALLECIDOS":0,"LONGITUD":-99.1899439301,"LATITUD":19.3371410687}},{"type":"Feature","id":155,"geometry":{"type":"Point","coordinates":[-99.1607237923816,19.432449209535935]},"properties":{"FID":155,"OBJECTID":2091,"FECHA":1494374400000,"FOLIO":4203,"HORA":"S\/D","FENOMENO":"SOCIO ORGANIZATIVO","TAXONOM\u00cdA":"CONCENTRACIONES MASIVAS DE POBLACION","GRUPO":"NO APLICA","INCIDENTE":"MANIFESTACION O MITIN","CAUSAS":"VI MARCHA DENOMINADA POR LA DIGNIDAD, MADRES BUSCANDO A SUS HIJOS, HIJAS, VERDAD Y JUSTICIA","CALLE_Y_NU":"JAMES SULLIVAN S\/N ENTRE PASEO DE LA REFORMA Y SERAPIO RENDON","COLONIA":"SAN RAFAEL","DELEGACION":"CUAUHTEMOC","ATENDIO":"SSP","ATENDIO_DG":"NO RELEVANTE","FUENTE":"SSP","LESIONADOS":0,"FALLECIDOS":0,"LONGITUD":-99.1607237924,"LATITUD":19.4324492095}},{"type":"Feature","id":156,"geometry":{"type":"Point","coordinates":[-99.14504636146643,19.424473491900557]},"properties":{"FID":156,"OBJECTID":2125,"FECHA":1494460800000,"FOLIO":4239,"HORA":"12:00:00 a. m.","FENOMENO":"SOCIO ORGANIZATIVO","TAXONOM\u00cdA":"CONCENTRACIONES MASIVAS DE POBLACION","GRUPO":"NO APLICA","INCIDENTE":"MANIFESTACION O MITIN","CAUSAS":"BOMBEROS DE LA CDMX","CALLE_Y_NU":"DR. RIO DE LA LOSA No. 68 ESQ. DR. ANDRADE","COLONIA":"DOCTORES","DELEGACION":"CUAUHTEMOC","ATENDIO":"SSP","ATENDIO_DG":"NO RELEVANTE","FUENTE":"SSP","LESIONADOS":0,"FALLECIDOS":0,"LONGITUD":-99.1450463615,"LATITUD":19.4244734919}},{"type":"Feature","id":157,"geometry":{"type":"Point","coordinates":[-99.06391469896106,19.34576008081939]},"properties":{"FID":157,"OBJECTID":2179,"FECHA":1494633600000,"FOLIO":4309,"HORA":"12:00:00 a. m.","FENOMENO":"SOCIO ORGANIZATIVO","TAXONOM\u00cdA":"CONCENTRACIONES MASIVAS DE POBLACION","GRUPO":"NO APLICA","INCIDENTE":"MANIFESTACION O MITIN","CAUSAS":"MOVIMIENTO DE DIVERSIDAD PROGRESISTA DE LA COMUNIDAD LGBTTI","CALLE_Y_NU":"EJE 8 SUR ESQ.  LAS TORRES","COLONIA":"CONSTITUCION DE 1917","DELEGACION":"IZTAPALAPA","ATENDIO":"SSP","ATENDIO_DG":"NO RELEVANTE","FUENTE":"C5","LESIONADOS":0,"FALLECIDOS":0,"LONGITUD":-99.063914699,"LATITUD":19.3457600808}},{"type":"Feature","id":158,"geometry":{"type":"Point","coordinates":[-99.15345638277626,19.433476705888037]},"properties":{"FID":158,"OBJECTID":2220,"FECHA":1494806400000,"FOLIO":4363,"HORA":"12:00:00 a. m.","FENOMENO":"SOCIO ORGANIZATIVO","TAXONOM\u00cdA":"CONCENTRACIONES MASIVAS DE POBLACION","GRUPO":"NO APLICA","INCIDENTE":"MANIFESTACION O MITIN","CAUSAS":"DIA DEL MAESTRO","CALLE_Y_NU":"PASEO DE LA REFORMA No. 50","COLONIA":"BOSQUE DE CHAPULTEPEC 1ra. SECCIOON","DELEGACION":"MIGUEL HIDALGO","ATENDIO":"SSP","ATENDIO_DG":"NO RELEVANTE","FUENTE":"SSP","LESIONADOS":0,"FALLECIDOS":0,"LONGITUD":-99.1534563828,"LATITUD":19.4334767059}},{"type":"Feature","id":159,"geometry":{"type":"Point","coordinates":[-99.16751941601844,19.426623087972327]},"properties":{"FID":159,"OBJECTID":2333,"FECHA":1495238400000,"FOLIO":4553,"HORA":"12:00:00 a. m.","FENOMENO":"SOCIO ORGANIZATIVO","TAXONOM\u00cdA":"CONCENTRACIONES MASIVAS DE POBLACION","GRUPO":"NO APLICA","INCIDENTE":"MANIFESTACION O MITIN","CAUSAS":"QUINTA MARCHA MUNDIAL DE LAS SEMILLAS NATIVAS","CALLE_Y_NU":"PASEO DE LA REFORMA ESQ. FLORENCIA","COLONIA":"JUAREZ","DELEGACION":"CUAUHTEMOC","ATENDIO":"SSP","ATENDIO_DG":"NO RELEVANTE","FUENTE":"C5","LESIONADOS":0,"FALLECIDOS":0,"LONGITUD":-99.167519416,"LATITUD":19.426623088}},{"type":"Feature","id":160,"geometry":{"type":"Point","coordinates":[-99.07601416851854,19.38305245937709]},"properties":{"FID":160,"OBJECTID":2335,"FECHA":1495238400000,"FOLIO":4556,"HORA":"12:00:00 a. m.","FENOMENO":"SOCIO ORGANIZATIVO","TAXONOM\u00cdA":"CONCENTRACIONES MASIVAS DE POBLACION","GRUPO":"NO APLICA","INCIDENTE":"BLOQUEOS","CAUSAS":"POR FALTA DE AGUA POTABLE","CALLE_Y_NU":"CANAL DE TEZONTLE ESQ. JAVIER ROJO GOMEZ","COLONIA":"LEYES DE REFORMA","DELEGACION":"IZTAPALAPA","ATENDIO":"SSP","ATENDIO_DG":"NO RELEVANTE","FUENTE":"C5","LESIONADOS":0,"FALLECIDOS":0,"LONGITUD":-99.0760141685,"LATITUD":19.3830524594}},{"type":"Feature","id":161,"geometry":{"type":"Point","coordinates":[-99.06341018214503,19.346013302646103]},"properties":{"FID":161,"OBJECTID":2343,"FECHA":1495324800000,"FOLIO":4580,"HORA":"12:00:00 a. m.","FENOMENO":"SOCIO ORGANIZATIVO","TAXONOM\u00cdA":"CONCENTRACIONES MASIVAS DE POBLACION","GRUPO":"NO APLICA","INCIDENTE":"MANIFESTACION O MITIN","CAUSAS":"TERCERA MARCHA DE LA COMUNIDAD LESBICO (LGBTTTI)","CALLE_Y_NU":"EJE 8 SUR ESQ. LAS TORRES","COLONIA":"CONSTITUCION DE 1917","DELEGACION":"IZTAPALAPA","ATENDIO":"SSP","ATENDIO_DG":"NO RELEVANTE","FUENTE":"C5","LESIONADOS":0,"FALLECIDOS":0,"LONGITUD":-99.0634101821,"LATITUD":19.3460133026}},{"type":"Feature","id":162,"geometry":{"type":"Point","coordinates":[-99.19483010501159,19.379050874752878]},"properties":{"FID":162,"OBJECTID":2406,"FECHA":1495584000000,"FOLIO":4684,"HORA":"12:00:00 a. m.","FENOMENO":"SOCIO ORGANIZATIVO","TAXONOM\u00cdA":"CONCENTRACIONES MASIVAS DE POBLACION","GRUPO":"NO APLICA","INCIDENTE":"SIMULACRO","CAUSAS":"PREVENCION","CALLE_Y_NU":"CHILPA No. 111 ESQ. ALFONSO CANO","COLONIA":"SANTA MARIA NONOALCO","DELEGACION":"ALVARO OBREGON","ATENDIO":"UPC, SSP","ATENDIO_DG":"S.-18","FUENTE":"DGEM","LESIONADOS":0,"FALLECIDOS":0,"LONGITUD":-99.194830105,"LATITUD":19.3790508748}},{"type":"Feature","id":163,"geometry":{"type":"Point","coordinates":[-99.14670611327482,19.405801192291058]},"properties":{"FID":163,"OBJECTID":2407,"FECHA":1495584000000,"FOLIO":4685,"HORA":"12:00:00 a. m.","FENOMENO":"SOCIO ORGANIZATIVO","TAXONOM\u00cdA":"CONCENTRACIONES MASIVAS DE POBLACION","GRUPO":"NO APLICA","INCIDENTE":"SIMULACRO","CAUSAS":"PREVENCION","CALLE_Y_NU":"DR. BOLA\u00d1OS CACHO No. 50 ESQ. DR. GUADALUPE GARCIA GARCIA","COLONIA":"BUENOS AIRES","DELEGACION":"CUAUHTEMOC","ATENDIO":"UPC, SSP,","ATENDIO_DG":"S.-20","FUENTE":"DGEM","LESIONADOS":0,"FALLECIDOS":0,"LONGITUD":-99.1467061133,"LATITUD":19.4058011923}},{"type":"Feature","id":164,"geometry":{"type":"Point","coordinates":[-99.0880042549932,19.472217661467052]},"properties":{"FID":164,"OBJECTID":2408,"FECHA":1495584000000,"FOLIO":4686,"HORA":"12:00:00 a. m.","FENOMENO":"SOCIO ORGANIZATIVO","TAXONOM\u00cdA":"CONCENTRACIONES MASIVAS DE POBLACION","GRUPO":"NO APLICA","INCIDENTE":"SIMULACRO","CAUSAS":"PREVENCION","CALLE_Y_NU":"CALZADA SAN JUAN DE ARAGON No. 533 ESQ. CERRADA ALVARO OBREGON","COLONIA":"PUEBLO DE SAN JUAN DE ARAGON","DELEGACION":"GUSTAVO A. MADERO","ATENDIO":"UPC, SSP, PROCSOC","ATENDIO_DG":"S.-5","FUENTE":"DGEM","LESIONADOS":0,"FALLECIDOS":0,"LONGITUD":-99.088004255,"LATITUD":19.4722176615}},{"type":"Feature","id":165,"geometry":{"type":"Point","coordinates":[-99.19323961867879,19.37891701177208]},"properties":{"FID":165,"OBJECTID":2409,"FECHA":1495584000000,"FOLIO":4687,"HORA":"12:00:00 a. m.","FENOMENO":"SOCIO ORGANIZATIVO","TAXONOM\u00cdA":"CONCENTRACIONES MASIVAS DE POBLACION","GRUPO":"NO APLICA","INCIDENTE":"SIMULACRO","CAUSAS":"PREVENCION","CALLE_Y_NU":"VAN DICK No. 118 ESQ. CERRADA DE AMBROSSI","COLONIA":"SANTA MARIA NONOALCO","DELEGACION":"ALVARO OBREGON","ATENDIO":"UPC, SSP, PROCSOC","ATENDIO_DG":"S.-11","FUENTE":"DGEM","LESIONADOS":0,"FALLECIDOS":0,"LONGITUD":-99.1932396187,"LATITUD":19.3789170118}},{"type":"Feature","id":166,"geometry":{"type":"Point","coordinates":[-99.12262096119782,19.383460804972483]},"properties":{"FID":166,"OBJECTID":2410,"FECHA":1495584000000,"FOLIO":4688,"HORA":"12:00:00 a. m.","FENOMENO":"SOCIO ORGANIZATIVO","TAXONOM\u00cdA":"CONCENTRACIONES MASIVAS DE POBLACION","GRUPO":"NO APLICA","INCIDENTE":"SIMULACRO","CAUSAS":"PREVENCION","CALLE_Y_NU":"PLAYA MOCAMBO No. 402 ESQ. PLAYA ROQUETA","COLONIA":"BARRIO SANTIAGO","DELEGACION":"IZTACALCO","ATENDIO":"UPC, SSP, PROCSOC","ATENDIO_DG":"S.-22","FUENTE":"DGEM","LESIONADOS":0,"FALLECIDOS":0,"LONGITUD":-99.1226209612,"LATITUD":19.383460805}},{"type":"Feature","id":167,"geometry":{"type":"Point","coordinates":[-99.14540397310247,19.34445708783334]},"properties":{"FID":167,"OBJECTID":2411,"FECHA":1495584000000,"FOLIO":4689,"HORA":"12:00:00 a. m.","FENOMENO":"SOCIO ORGANIZATIVO","TAXONOM\u00cdA":"CONCENTRACIONES MASIVAS DE POBLACION","GRUPO":"NO APLICA","INCIDENTE":"SIMULACRO","CAUSAS":"PREVENCION","CALLE_Y_NU":"PUERTO RICO No. 20 ESQ. VIRGINIA Y CALZADA DE TLALPAN","COLONIA":"PARQUE SAN ANDRES","DELEGACION":"COYOACAN","ATENDIO":"UPC, SSP, PROCSOC","ATENDIO_DG":"S.-14","FUENTE":"DGEM","LESIONADOS":0,"FALLECIDOS":0,"LONGITUD":-99.1454039731,"LATITUD":19.3444570878}},{"type":"Feature","id":168,"geometry":{"type":"Point","coordinates":[-99.15984662666833,19.412179449548354]},"properties":{"FID":168,"OBJECTID":2412,"FECHA":1495584000000,"FOLIO":4690,"HORA":"12:00:00 a. m.","FENOMENO":"SOCIO ORGANIZATIVO","TAXONOM\u00cdA":"CONCENTRACIONES MASIVAS DE POBLACION","GRUPO":"NO APLICA","INCIDENTE":"SIMULACRO","CAUSAS":"PREVENCION","CALLE_Y_NU":"GUANAJUATO No. 125 ESQ. ORIZABA","COLONIA":"ROMA NORTE","DELEGACION":"CUAUHTEMOC","ATENDIO":"UPC, SSP, PROCSOC","ATENDIO_DG":"S.-26","FUENTE":"DGEM","LESIONADOS":0,"FALLECIDOS":0,"LONGITUD":-99.1598466267,"LATITUD":19.4121794495}},{"type":"Feature","id":169,"geometry":{"type":"Point","coordinates":[-99.1217417720166,19.39216430394805]},"properties":{"FID":169,"OBJECTID":2413,"FECHA":1495584000000,"FOLIO":4691,"HORA":"12:00:00 a. m.","FENOMENO":"SOCIO ORGANIZATIVO","TAXONOM\u00cdA":"CONCENTRACIONES MASIVAS DE POBLACION","GRUPO":"NO APLICA","INCIDENTE":"SIMULACRO","CAUSAS":"PREVENCION","CALLE_Y_NU":"LECUMBERRI No. 73 ESQ. NICOLAS BRAVO","COLONIA":"CENTRO","DELEGACION":"VENUSTIANO CARRANZA","ATENDIO":"SSP","ATENDIO_DG":"S.-24","FUENTE":"DGEM","LESIONADOS":0,"FALLECIDOS":0,"LONGITUD":-99.121741772,"LATITUD":19.3921643039}},{"type":"Feature","id":170,"geometry":{"type":"Point","coordinates":[-99.16498195020527,19.423028590527647]},"properties":{"FID":170,"OBJECTID":2414,"FECHA":1495584000000,"FOLIO":4692,"HORA":"12:00:00 a. m.","FENOMENO":"SOCIO ORGANIZATIVO","TAXONOM\u00cdA":"CONCENTRACIONES MASIVAS DE POBLACION","GRUPO":"NO APLICA","INCIDENTE":"SIMULACRO","CAUSAS":"PREVENCION","CALLE_Y_NU":"AV. CHAPULTEPEC No. 342 ESQ. MONTERREY","COLONIA":"ROMA NORTE","DELEGACION":"CUAUHTEMOC","ATENDIO":"UPC, SSP","ATENDIO_DG":"REGIONAL CENTRO","FUENTE":"DGEM","LESIONADOS":0,"FALLECIDOS":0,"LONGITUD":-99.1649819502,"LATITUD":19.4230285905}},{"type":"Feature","id":171,"geometry":{"type":"Point","coordinates":[-99.1728880241928,19.485893075886295]},"properties":{"FID":171,"OBJECTID":2415,"FECHA":1495584000000,"FOLIO":4693,"HORA":"12:00:00 a. m.","FENOMENO":"SOCIO ORGANIZATIVO","TAXONOM\u00cdA":"CONCENTRACIONES MASIVAS DE POBLACION","GRUPO":"NO APLICA","INCIDENTE":"SIMULACRO","CAUSAS":"PREVENCION","CALLE_Y_NU":"CERRADA DE ALMACENES No. 36 ESQ. SOLEDAD","COLONIA":"BARRIO JAGUE","DELEGACION":"AZCAPOTZALCO","ATENDIO":"UPC, SSP, PROCSOC","ATENDIO_DG":"JOSE HURTADO","FUENTE":"DGEM","LESIONADOS":0,"FALLECIDOS":0,"LONGITUD":-99.1728880242,"LATITUD":19.4858930759}},{"type":"Feature","id":172,"geometry":{"type":"Point","coordinates":[-99.05126785235726,19.30589123349642]},"properties":{"FID":172,"OBJECTID":2416,"FECHA":1495584000000,"FOLIO":4694,"HORA":"12:00:00 a. m.","FENOMENO":"SOCIO ORGANIZATIVO","TAXONOM\u00cdA":"CONCENTRACIONES MASIVAS DE POBLACION","GRUPO":"NO APLICA","INCIDENTE":"SIMULACRO","CAUSAS":"PREVENCION","CALLE_Y_NU":"SANTA CRUZ No. 127 ESQ. SAUCES","COLONIA":"LAS ARBOLEDAS","DELEGACION":"TLAHUAC","ATENDIO":"UPC, SSP, PROCSOC","ATENDIO_DG":"S.-16","FUENTE":"DGEM","LESIONADOS":0,"FALLECIDOS":0,"LONGITUD":-99.0512678524,"LATITUD":19.3058912335}},{"type":"Feature","id":173,"geometry":{"type":"Point","coordinates":[-99.07731693527792,19.379003197975106]},"properties":{"FID":173,"OBJECTID":2437,"FECHA":1495670400000,"FOLIO":4722,"HORA":"12:00:00 a. m.","FENOMENO":"SOCIO ORGANIZATIVO","TAXONOM\u00cdA":"CONCENTRACIONES MASIVAS DE POBLACION","GRUPO":"NO APLICA","INCIDENTE":"BLOQUEOS","CAUSAS":"POR LA FALTA DE AGUA POTABLE","CALLE_Y_NU":"EJE 5 SUR ESQ. AV. JAVIER ROJO GOMEZ","COLONIA":"GUADALUPE DEL MORAL","DELEGACION":"IZTAPALAPA","ATENDIO":"UPC, SACMEX, SSP","ATENDIO_DG":"S.-9 Y S.-28  (TIEMPO DE RESPUESTA 05 MIN.)","FUENTE":"SSP","LESIONADOS":0,"FALLECIDOS":0,"LONGITUD":-99.0773169353,"LATITUD":19.379003198}},{"type":"Feature","id":174,"geometry":{"type":"Point","coordinates":[-99.13424748629429,19.416700722194207]},"properties":{"FID":174,"OBJECTID":2438,"FECHA":1495670400000,"FOLIO":4723,"HORA":"12:00:00 a. m.","FENOMENO":"SOCIO ORGANIZATIVO","TAXONOM\u00cdA":"CONCENTRACIONES MASIVAS DE POBLACION","GRUPO":"NO APLICA","INCIDENTE":"MANIFESTACION O MITIN","CAUSAS":"NO PAGO POR SERVICIOS AMBIENTALES","CALLE_Y_NU":"AV. SAN ANTONIO ABAD ESQ. ALFREDO CHAVERO","COLONIA":"TRANSITO","DELEGACION":"CUAUHTEMOC","ATENDIO":"UPC, SSP","ATENDIO_DG":"NO RELEVANTE","FUENTE":"REDES SOCIALES","LESIONADOS":0,"FALLECIDOS":0,"LONGITUD":-99.1342474863,"LATITUD":19.4167007222}},{"type":"Feature","id":175,"geometry":{"type":"Point","coordinates":[-99.17001402938666,19.425545338399484]},"properties":{"FID":175,"OBJECTID":2439,"FECHA":1495670400000,"FOLIO":4724,"HORA":"12:00:00 a. m.","FENOMENO":"SOCIO ORGANIZATIVO","TAXONOM\u00cdA":"CONCENTRACIONES MASIVAS DE POBLACION","GRUPO":"NO APLICA","INCIDENTE":"SIMULACRO","CAUSAS":"PREVENCION","CALLE_Y_NU":"PASEO DE LA REFORMA NO. 390 ESQ. OXFORD","COLONIA":"JUAREZ","DELEGACION":"CUAUHTEMOC","ATENDIO":"HCB, SSP","ATENDIO_DG":"S.-26 (TIEMPO DE RESPUESTA 18 MIN.)","FUENTE":"SSP","LESIONADOS":0,"FALLECIDOS":0,"LONGITUD":-99.1700140294,"LATITUD":19.4255453384}},{"type":"Feature","id":176,"geometry":{"type":"Point","coordinates":[-99.14683951029271,19.43767545537321]},"properties":{"FID":176,"OBJECTID":2479,"FECHA":1495929600000,"FOLIO":4805,"HORA":"12:00:00 a. m.","FENOMENO":"SOCIO ORGANIZATIVO","TAXONOM\u00cdA":"CONCENTRACIONES MASIVAS DE POBLACION","GRUPO":"NO APLICA","INCIDENTE":"FIESTAS RELIGIOSAS Y\/O PATRONALES","CAUSAS":"CELEBRACION DE MISAS EN LA IGLESIA SAN HIPOLITO","CALLE_Y_NU":"PASEO DE LA REFORMA ESQ. AV. HIDALGO","COLONIA":"GUERRERO","DELEGACION":"CUAUHTEMOC","ATENDIO":"SSP","ATENDIO_DG":"S.-26","FUENTE":"C5","LESIONADOS":0,"FALLECIDOS":0,"LONGITUD":-99.1468395103,"LATITUD":19.4376754554}},{"type":"Feature","id":177,"geometry":{"type":"Point","coordinates":[-99.16775787380772,19.426930133812053]},"properties":{"FID":177,"OBJECTID":2485,"FECHA":1495929600000,"FOLIO":4821,"HORA":"12:00:00 a. m.","FENOMENO":"SOCIO ORGANIZATIVO","TAXONOM\u00cdA":"CONCENTRACIONES MASIVAS DE POBLACION","GRUPO":"NO APLICA","INCIDENTE":"EVENTO MASIVO","CAUSAS":"AFICIONADOS DEL EQUIPO DE FUTBOL DE CHIVAS","CALLE_Y_NU":"PASEO DE LA REFORMA ESQ. RIO TIBER","COLONIA":"JUAREZ","DELEGACION":"CUAUHTEMOC","ATENDIO":"UPC, SSP","ATENDIO_DG":"NO RELEVANTE","FUENTE":"C5","LESIONADOS":0,"FALLECIDOS":0,"LONGITUD":-99.1677578738,"LATITUD":19.4269301338}},{"type":"Feature","id":178,"geometry":{"type":"Point","coordinates":[-99.07700301451835,19.48078994462577]},"properties":{"FID":178,"OBJECTID":2559,"FECHA":-2209161600000,"FOLIO":0,"HORA":"12:00:00 a. m.","FENOMENO":"SOCIO ORGANIZATIVO","TAXONOM\u00cdA":"CONCENTRACIONES MASIVAS DE POBLACION","GRUPO":"NO APLICA","INCIDENTE":"EVENTO MASIVO","CAUSAS":"TU CIUDAD TE REQUIERE","CALLE_Y_NU":"CAMINO DE LA UNION A ESQ. FRANCISCO MORAZAN","COLONIA":"CAMPESTRE ARGON","DELEGACION":"GUSTAVO A. MADERO","ATENDIO":"SSP","ATENDIO_DG":"S.-24 Y S.-8 (TIEMPO DE RESPUESTA 01 MIN.)","FUENTE":"C5","LESIONADOS":0,"FALLECIDOS":0,"LONGITUD":-99.0770030145,"LATITUD":19.4807899446}},{"type":"Feature","id":179,"geometry":{"type":"Point","coordinates":[-99.22324008865623,19.283249899991922]},"properties":{"FID":179,"OBJECTID":2568,"FECHA":-2209161600000,"FOLIO":0,"HORA":"12:00:00 a. m.","FENOMENO":"SOCIO ORGANIZATIVO","TAXONOM\u00cdA":"CONCENTRACIONES MASIVAS DE POBLACION","GRUPO":"NO APLICA","INCIDENTE":"EVENTO MASIVO","CAUSAS":"TU CIUDAD TE REQUIERE","CALLE_Y_NU":"IZAMAL ESQ. TEKAL","COLONIA":"HEROES DE PADIERNA","DELEGACION":"TLALPAN","ATENDIO":"SSP, JGCDMX","ATENDIO_DG":"FENIX, S.-10, S.- 28 Y NADIA CARAVANTES","FUENTE":"C5","LESIONADOS":0,"FALLECIDOS":0,"LONGITUD":-99.2232400887,"LATITUD":19.2832499}},{"type":"Feature","id":180,"geometry":{"type":"Point","coordinates":[-99.0886937417762,19.461029250293286]},"properties":{"FID":180,"OBJECTID":2593,"FECHA":-2209161600000,"FOLIO":0,"HORA":"12:00:00 a. m.","FENOMENO":"SOCIO ORGANIZATIVO","TAXONOM\u00cdA":"CONCENTRACIONES MASIVAS DE POBLACION","GRUPO":"NO APLICA","INCIDENTE":"BLOQUEOS","CAUSAS":"EN DEMANDA DE LA DESTITUCION DE LA DIRECTORA","CALLE_Y_NU":"AV. 505 ESQ. AV. 508","COLONIA":"SAN JUAN DE ARAGON 1ra. SECCION","DELEGACION":"GUSTAVO A. MADERO","ATENDIO":"SSP, SEP","ATENDIO_DG":"S.-5 (TIEMPO DE RESPUESTA 17 MIN.)","FUENTE":"C5","LESIONADOS":0,"FALLECIDOS":0,"LONGITUD":-99.0886937418,"LATITUD":19.4610292503}},{"type":"Feature","id":181,"geometry":{"type":"Point","coordinates":[-99.17932944407622,19.30302683769373]},"properties":{"FID":181,"OBJECTID":2611,"FECHA":-2209161600000,"FOLIO":0,"HORA":"12:00:00 a. m.","FENOMENO":"SOCIO ORGANIZATIVO","TAXONOM\u00cdA":"CONCENTRACIONES MASIVAS DE POBLACION","GRUPO":"NO APLICA","INCIDENTE":"SIMULACRO","CAUSAS":"PREVENCION","CALLE_Y_NU":"PERIFERICO SUR ESQ. ZAPOTE","COLONIA":"ISIDRO FABELA","DELEGACION":"TLALPAN","ATENDIO":"UPC, SSP-FUUERZA DE TAREA","ATENDIO_DG":"REGIONAL SUR","FUENTE":"DGEM","LESIONADOS":0,"FALLECIDOS":0,"LONGITUD":-99.1793294441,"LATITUD":19.3030268377}},{"type":"Feature","id":182,"geometry":{"type":"Point","coordinates":[-99.17931169679592,19.286732492532213]},"properties":{"FID":182,"OBJECTID":2613,"FECHA":-2209161600000,"FOLIO":0,"HORA":"12:00:00 a. m.","FENOMENO":"SOCIO ORGANIZATIVO","TAXONOM\u00cdA":"CONCENTRACIONES MASIVAS DE POBLACION","GRUPO":"NO APLICA","INCIDENTE":"SIMULACRO","CAUSAS":"PREVENCION","CALLE_Y_NU":"AV. DE LAS FUENTES S\/N","COLONIA":"FUENTES BROTANTES","DELEGACION":"TLALPAN","ATENDIO":"UPC, SSP","ATENDIO_DG":"PAULINO MANCILLA Y S.-10","FUENTE":"DGEM","LESIONADOS":0,"FALLECIDOS":0,"LONGITUD":-99.1793116968,"LATITUD":19.2867324925}},{"type":"Feature","id":183,"geometry":{"type":"Point","coordinates":[-99.26416837585616,19.3743724992762]},"properties":{"FID":183,"OBJECTID":2614,"FECHA":-2209161600000,"FOLIO":0,"HORA":"12:00:00 a. m.","FENOMENO":"SOCIO ORGANIZATIVO","TAXONOM\u00cdA":"CONCENTRACIONES MASIVAS DE POBLACION","GRUPO":"NO APLICA","INCIDENTE":"SIMULACRO","CAUSAS":"PREVENCION","CALLE_Y_NU":"CARRETERA MEXICO-TOLUCA No. 3655","COLONIA":"SANTA FE","DELEGACION":"ALVARO OBREGON","ATENDIO":"UPC, SSP-FUUERZA DE TAREA","ATENDIO_DG":"S.-18","FUENTE":"DGEM","LESIONADOS":0,"FALLECIDOS":0,"LONGITUD":-99.2641683759,"LATITUD":19.3743724993}},{"type":"Feature","id":184,"geometry":{"type":"Point","coordinates":[-99.11817331703672,19.356613910322988]},"properties":{"FID":184,"OBJECTID":2615,"FECHA":-2209161600000,"FOLIO":0,"HORA":"12:00:00 a. m.","FENOMENO":"SOCIO ORGANIZATIVO","TAXONOM\u00cdA":"CONCENTRACIONES MASIVAS DE POBLACION","GRUPO":"NO APLICA","INCIDENTE":"SIMULACRO","CAUSAS":"PREVENCION","CALLE_Y_NU":"CALZADA ERMITA IZTAPALAPA No. 557 ESQ. AVENA","COLONIA":"GRANJAS ESMERALDA","DELEGACION":"IZTAPALAPA","ATENDIO":"UPC, SSP-FUUERZA DE TAREA","ATENDIO_DG":"FENIX Y NADIA CHAVEZ CARABANTES","FUENTE":"DGEM","LESIONADOS":0,"FALLECIDOS":0,"LONGITUD":-99.118173317,"LATITUD":19.3566139103}},{"type":"Feature","id":185,"geometry":{"type":"Point","coordinates":[-99.14641319597271,19.30170963734051]},"properties":{"FID":185,"OBJECTID":2616,"FECHA":-2209161600000,"FOLIO":0,"HORA":"12:00:00 a. m.","FENOMENO":"SOCIO ORGANIZATIVO","TAXONOM\u00cdA":"CONCENTRACIONES MASIVAS DE POBLACION","GRUPO":"NO APLICA","INCIDENTE":"SIMULACRO","CAUSAS":"PREVENCION","CALLE_Y_NU":"CALZADA DE TLALPAN No. 3463 ESQ. CALZAD ACOXPA","COLONIA":"EJIDO VIEJO DE SANTA URSULA COAPA","DELEGACION":"COYOACAN","ATENDIO":"UPC","ATENDIO_DG":"PAULINO MANCILLA","FUENTE":"DGEM","LESIONADOS":0,"FALLECIDOS":0,"LONGITUD":-99.146413196,"LATITUD":19.3017096373}},{"type":"Feature","id":186,"geometry":{"type":"Point","coordinates":[-99.13156356576833,19.41939578796634]},"properties":{"FID":186,"OBJECTID":2630,"FECHA":-2209161600000,"FOLIO":0,"HORA":"12:00:00 a. m.","FENOMENO":"SOCIO ORGANIZATIVO","TAXONOM\u00cdA":"CONCENTRACIONES MASIVAS DE POBLACION","GRUPO":"NO APLICA","INCIDENTE":"SIMULACRO","CAUSAS":"PREVENCION","CALLE_Y_NU":"XOCONGO No. 138 ESQ. FERNANDO ALVA IXTLIXOCHITL","COLONIA":"TRANSITO","DELEGACION":"CUAUHTEMOC","ATENDIO":"UPC","ATENDIO_DG":"REGIONAL CENTRO","FUENTE":"DGEM","LESIONADOS":0,"FALLECIDOS":0,"LONGITUD":-99.1315635658,"LATITUD":19.419395788}},{"type":"Feature","id":187,"geometry":{"type":"Point","coordinates":[-99.1454470229037,19.42513289028896]},"properties":{"FID":187,"OBJECTID":2648,"FECHA":-2209161600000,"FOLIO":0,"HORA":"12:00:00 a. m.","FENOMENO":"SOCIO ORGANIZATIVO","TAXONOM\u00cdA":"CONCENTRACIONES MASIVAS DE POBLACION","GRUPO":"NO APLICA","INCIDENTE":"MANIFESTACION O MITIN","CAUSAS":"EN DEMANDA DE AUTORIZACION DE PRESUPUESTO PARA RENOVAR LAS CAMIONETAS","CALLE_Y_NU":"DR. RIO DE LA LOZA No. 68 ESQ. DR. PEREZ VALENZUELA","COLONIA":"DOCTORES","DELEGACION":"CUAUHTEMOC","ATENDIO":"SSP","ATENDIO_DG":"NO RELEVANTE","FUENTE":"REDES SOCIALES","LESIONADOS":0,"FALLECIDOS":0,"LONGITUD":-99.1454470229,"LATITUD":19.4251328903}},{"type":"Feature","id":188,"geometry":{"type":"Point","coordinates":[-99.15430610939772,19.43549128831384]},"properties":{"FID":188,"OBJECTID":2649,"FECHA":-2209161600000,"FOLIO":0,"HORA":"12:00:00 a. m.","FENOMENO":"SOCIO ORGANIZATIVO","TAXONOM\u00cdA":"CONCENTRACIONES MASIVAS DE POBLACION","GRUPO":"NO APLICA","INCIDENTE":"EVENTO MASIVO","CAUSAS":"RODADA NUDISTA CDMX","CALLE_Y_NU":"IGNACIO RAMIREZ ESQ. PLAZA DE LA REPUBLICA","COLONIA":"TABACALERA","DELEGACION":"CUAUHTEMOC","ATENDIO":"SSP","ATENDIO_DG":"NO RELEVANTE","FUENTE":"C5","LESIONADOS":0,"FALLECIDOS":0,"LONGITUD":-99.1543061094,"LATITUD":19.4354912883}},{"type":"Feature","id":189,"geometry":{"type":"Point","coordinates":[-99.1150152259242,19.265745219280408]},"properties":{"FID":189,"OBJECTID":2655,"FECHA":-2209161600000,"FOLIO":0,"HORA":"12:00:00 a. m.","FENOMENO":"SOCIO ORGANIZATIVO","TAXONOM\u00cdA":"CONCENTRACIONES MASIVAS DE POBLACION","GRUPO":"NO APLICA","INCIDENTE":"BLOQUEOS","CAUSAS":"EN PROTESTA POR LOS OPERATIVOS DEL INVEA","CALLE_Y_NU":"AV. GUADALUPE I. RAMIREZ ESQ. AV. PROLONGACION DIVISION DEL NORTE","COLONIA":"AMPLIACION SAN MARCOS","DELEGACION":"XOCHIMILCO","ATENDIO":"UPC, SSP, SEMOVI","ATENDIO_DG":"S.-12","FUENTE":"C5","LESIONADOS":0,"FALLECIDOS":0,"LONGITUD":-99.1150152259,"LATITUD":19.2657452193}},{"type":"Feature","id":190,"geometry":{"type":"Point","coordinates":[-99.0122619110173,19.201940389351748]},"properties":{"FID":190,"OBJECTID":2660,"FECHA":-2209161600000,"FOLIO":0,"HORA":"12:00:00 a. m.","FENOMENO":"SOCIO ORGANIZATIVO","TAXONOM\u00cdA":"CONCENTRACIONES MASIVAS DE POBLACION","GRUPO":"NO APLICA","INCIDENTE":"SIMULACRO","CAUSAS":"PREVENCION","CALLE_Y_NU":"CERRADA DE NUEVO LEON ESQ. NUEVO LEON","COLONIA":"SANTA CRUZ","DELEGACION":"MILPA ALTA","ATENDIO":"UPC, SSP","ATENDIO_DG":"S.-13 Y S.-15","FUENTE":"DGEM","LESIONADOS":0,"FALLECIDOS":0,"LONGITUD":-99.012261911,"LATITUD":19.2019403894}},{"type":"Feature","id":191,"geometry":{"type":"Point","coordinates":[-99.16733790957213,19.44471578256944]},"properties":{"FID":191,"OBJECTID":2662,"FECHA":-2209161600000,"FOLIO":0,"HORA":"12:00:00 a. m.","FENOMENO":"SOCIO ORGANIZATIVO","TAXONOM\u00cdA":"CONCENTRACIONES MASIVAS DE POBLACION","GRUPO":"NO APLICA","INCIDENTE":"MANIFESTACION O MITIN","CAUSAS":"MARCHA 10 DE JUNIO DE 1971","CALLE_Y_NU":"CALZ. MEXICO-TACUBA ESQ. AV. DE LOS MAESTROS","COLONIA":"UN HOGAR PARA NOSOTROS","DELEGACION":"MIGUEL HIDALGO","ATENDIO":"SSP","ATENDIO_DG":"NO RELEVANTE","FUENTE":"C5","LESIONADOS":0,"FALLECIDOS":0,"LONGITUD":-99.1673379096,"LATITUD":19.4447157826}},{"type":"Feature","id":192,"geometry":{"type":"Point","coordinates":[-98.98616170080376,19.282951959096543]},"properties":{"FID":192,"OBJECTID":2684,"FECHA":-2209161600000,"FOLIO":0,"HORA":"12:00:00 a. m.","FENOMENO":"SOCIO ORGANIZATIVO","TAXONOM\u00cdA":"CONCENTRACIONES MASIVAS DE POBLACION","GRUPO":"NO APLICA","INCIDENTE":"SIMULACRO","CAUSAS":"PREVENCION","CALLE_Y_NU":"MAR DE LA FECUNDIDAD ESQ. RAFAEL CASTILLO","COLONIA":"AMPLIACION SELENE","DELEGACION":"TLAHUAC","ATENDIO":"UPC, SSP","ATENDIO_DG":"S.-16 Y S.-27","FUENTE":"DGEM","LESIONADOS":0,"FALLECIDOS":0,"LONGITUD":-98.9861617008,"LATITUD":19.2829519591}},{"type":"Feature","id":193,"geometry":{"type":"Point","coordinates":[-99.17342680491208,19.49072744767416]},"properties":{"FID":193,"OBJECTID":2687,"FECHA":-2209161600000,"FOLIO":0,"HORA":"12:00:00 a. m.","FENOMENO":"SOCIO ORGANIZATIVO","TAXONOM\u00cdA":"CONCENTRACIONES MASIVAS DE POBLACION","GRUPO":"NO APLICA","INCIDENTE":"BLOQUEOS","CAUSAS":"EN DEMANDA DE LA DESTITUCION DEL DIRECTOR","CALLE_Y_NU":"AV. DE LAS GRANJAS ESQ. CALZADA AZCAPOTZALCO-LA VILLA","COLONIA":"SANTA CATARINA","DELEGACION":"AZCAPOTZALCO","ATENDIO":"SSP","ATENDIO_DG":"S.-6","FUENTE":"DGEM","LESIONADOS":0,"FALLECIDOS":0,"LONGITUD":-99.1734268049,"LATITUD":19.4907274477}},{"type":"Feature","id":194,"geometry":{"type":"Point","coordinates":[-99.15583127856898,19.436511192304398]},"properties":{"FID":194,"OBJECTID":2830,"FECHA":-2209161600000,"FOLIO":0,"HORA":"12:00:00 a. m.","FENOMENO":"SOCIO ORGANIZATIVO","TAXONOM\u00cdA":"CONCENTRACIONES MASIVAS DE POBLACION","GRUPO":"GESTION DE SERVICIOS DE EMERGENCIA","INCIDENTE":"SOLICITUD DE SERVICIOS DGEM","CAUSAS":"TRASLADO DE MUSEO MOVIL","CALLE_Y_NU":"VALENTIN GOMEZ FARIAS  Y DE LA REPUBLICA","COLONIA":"TABACALERA","DELEGACION":"CUAUHTEMOC","ATENDIO":"SSP","ATENDIO_DG":"S.-20, S.-21, S.-24 Y S.-26","FUENTE":"DGEM","LESIONADOS":0,"FALLECIDOS":0,"LONGITUD":-99.1558312786,"LATITUD":19.4365111923}},{"type":"Feature","id":195,"geometry":{"type":"Point","coordinates":[-99.15745553713,19.372200641558273]},"properties":{"FID":195,"OBJECTID":2837,"FECHA":-2209161600000,"FOLIO":0,"HORA":"12:00:00 a. m.","FENOMENO":"SOCIO ORGANIZATIVO","TAXONOM\u00cdA":"CONCENTRACIONES MASIVAS DE POBLACION","GRUPO":"GESTION DE SERVICIOS DE EMERGENCIA","INCIDENTE":"SOLICITUD DE SERVICIOS DGEM","CAUSAS":"TRASLADO DEL MUSEO MOVIL","CALLE_Y_NU":"DIVISION DEL NORTE ESQ. UXMAL","COLONIA":"LETRAN VALLE","DELEGACION":"BENITO JUAREZ","ATENDIO":"SSP","ATENDIO_DG":"S.-11, S.-18, S.-19, S.-22 Y S.-23","FUENTE":"DGEM","LESIONADOS":0,"FALLECIDOS":0,"LONGITUD":-99.1574555371,"LATITUD":19.3722006416}},{"type":"Feature","id":196,"geometry":{"type":"Point","coordinates":[-99.23328471320511,19.30609277774634]},"properties":{"FID":196,"OBJECTID":2874,"FECHA":1497657600000,"FOLIO":5409,"HORA":"12:00:00 a. m.","FENOMENO":"SOCIO ORGANIZATIVO","TAXONOM\u00cdA":"CONCENTRACIONES MASIVAS DE POBLACION","GRUPO":"NO APLICA","INCIDENTE":"EVENTO MASIVO","CAUSAS":"TU CIUDAD TE REQUIERE","CALLE_Y_NU":"CASTREJON ESQ. FRANCISCO SARABIA","COLONIA":"LA GUADALUPE","DELEGACION":"MAGDALENA CONTRERAS","ATENDIO":"S\/D","ATENDIO_DG":"DELTA-7, OMEGA Y ALEJANDRO PALACIOS","FUENTE":"DGEM","LESIONADOS":0,"FALLECIDOS":0,"LONGITUD":-99.2332847132,"LATITUD":19.3060927777}},{"type":"Feature","id":197,"geometry":{"type":"Point","coordinates":[-99.16734760185805,19.426279831452316]},"properties":{"FID":197,"OBJECTID":2877,"FECHA":1497657600000,"FOLIO":5415,"HORA":"12:00:00 a. m.","FENOMENO":"SOCIO ORGANIZATIVO","TAXONOM\u00cdA":"CONCENTRACIONES MASIVAS DE POBLACION","GRUPO":"NO APLICA","INCIDENTE":"MANIFESTACION O MITIN","CAUSAS":"EN CONTRA DE LA VERIFICACION AMBIENTAL","CALLE_Y_NU":"PASEO DE LA REFORMA ESQ. FLORENCIA","COLONIA":"CUAUHTEMOC","DELEGACION":"CUAUHTEMOC","ATENDIO":"S\/D","ATENDIO_DG":"NO RELEVANTE","FUENTE":"C5","LESIONADOS":0,"FALLECIDOS":0,"LONGITUD":-99.1673476019,"LATITUD":19.4262798315}},{"type":"Feature","id":198,"geometry":{"type":"Point","coordinates":[-99.17540896882173,19.499609070799682]},"properties":{"FID":198,"OBJECTID":2880,"FECHA":1497657600000,"FOLIO":5421,"HORA":"12:00:00 a. m.","FENOMENO":"SOCIO ORGANIZATIVO","TAXONOM\u00cdA":"CONCENTRACIONES MASIVAS DE POBLACION","GRUPO":"NO APLICA","INCIDENTE":"SIMULACRO","CAUSAS":"PREVENCION","CALLE_Y_NU":"AV. DE LAS GRANJAS No. 800 ESQ. PONIENTE 140","COLONIA":"SANTA BARBARA","DELEGACION":"AZCAPOTZALCO","ATENDIO":"S\/D","ATENDIO_DG":"S.-5, S.-7, S.-22 Y ARQ. VLADIMIR PEREZ TOVAR","FUENTE":"C5","LESIONADOS":0,"FALLECIDOS":0,"LONGITUD":-99.1754089688,"LATITUD":19.4996090708}},{"type":"Feature","id":199,"geometry":{"type":"Point","coordinates":[-99.1893704429901,19.30212200033761]},"properties":{"FID":199,"OBJECTID":2886,"FECHA":1497744000000,"FOLIO":5430,"HORA":"12:00:00 a. m.","FENOMENO":"SOCIO ORGANIZATIVO","TAXONOM\u00cdA":"CONCENTRACIONES MASIVAS DE POBLACION","GRUPO":"NO APLICA","INCIDENTE":"EVENTO MASIVO","CAUSAS":"XXXVII CARRERA DE DIA DEL PADRE","CALLE_Y_NU":"PERIFERICO SUR ESQ. CUSPIDE","COLONIA":"PARQUES DEL PEDREGAL","DELEGACION":"TLALPAN","ATENDIO":"SSP","ATENDIO_DG":"NO RELEVANTE","FUENTE":"C5","LESIONADOS":0,"FALLECIDOS":0,"LONGITUD":-99.189370443,"LATITUD":19.3021220003}},{"type":"Feature","id":200,"geometry":{"type":"Point","coordinates":[-99.05295557933816,19.373978135977154]},"properties":{"FID":200,"OBJECTID":2962,"FECHA":1498089600000,"FOLIO":5518,"HORA":"12:00:00 a. m.","FENOMENO":"SOCIO ORGANIZATIVO","TAXONOM\u00cdA":"CONCENTRACIONES MASIVAS DE POBLACION","GRUPO":"NO APLICA","INCIDENTE":"BLOQUEOS","CAUSAS":"FALTA DE AGUA POTABLE","CALLE_Y_NU":"EJE 5 SUR ESQ. CADENA AZUL","COLONIA":"CHINAMPAC DE JUAREZ","DELEGACION":"IZTAPALAPA","ATENDIO":"UPC, SSP, SACMEX","ATENDIO_DG":"S.-13 (TIEMPO DE RESPUESTA 24 MIN.)","FUENTE":"C5","LESIONADOS":0,"FALLECIDOS":0,"LONGITUD":-99.0529555793,"LATITUD":19.373978136}},{"type":"Feature","id":201,"geometry":{"type":"Point","coordinates":[-99.11509150839578,19.265962069135423]},"properties":{"FID":201,"OBJECTID":2963,"FECHA":1498089600000,"FOLIO":5523,"HORA":"12:00:00 a. m.","FENOMENO":"SOCIO ORGANIZATIVO","TAXONOM\u00cdA":"CONCENTRACIONES MASIVAS DE POBLACION","GRUPO":"NO APLICA","INCIDENTE":"BLOQUEOS","CAUSAS":"EN DEMANDA DE QUE SE LES LIBERE UN PREDIO","CALLE_Y_NU":"GUADALUPE I. RAMIREZ No. 265 ESQ. PROLONGACION DIVISION DEL NORTE","COLONIA":"AMPLIACION SAN MARCOS","DELEGACION":"XOCHIMILCO","ATENDIO":"UPC, SSP","ATENDIO_DG":"S.-12 (TIEMPO DE RESPUESTA 32 MIN.)","FUENTE":"REDES SOCIALES","LESIONADOS":0,"FALLECIDOS":0,"LONGITUD":-99.1150915084,"LATITUD":19.2659620691}},{"type":"Feature","id":202,"geometry":{"type":"Point","coordinates":[-99.03257106908663,19.343789200552457]},"properties":{"FID":202,"OBJECTID":2985,"FECHA":1498176000000,"FOLIO":5552,"HORA":"12:00:00 a. m.","FENOMENO":"SOCIO ORGANIZATIVO","TAXONOM\u00cdA":"CONCENTRACIONES MASIVAS DE POBLACION","GRUPO":"NO APLICA","INCIDENTE":"BLOQUEOS","CAUSAS":"EN DEMANDA DE MAYOR SEGURIDAD PUBLICA","CALLE_Y_NU":"CALZADA ERMITA IZTAPALAPA ESQ. REFORMA ECONOMICA","COLONIA":"REFORMA POLITICA","DELEGACION":"IZTAPALAPA","ATENDIO":"UPC, SSP, SACMEX","ATENDIO_DG":"S.-13 (TIEMPO DE RESPUESTA 35 MIN.)","FUENTE":"C5","LESIONADOS":0,"FALLECIDOS":0,"LONGITUD":-99.0325710691,"LATITUD":19.3437892006}},{"type":"Feature","id":203,"geometry":{"type":"Point","coordinates":[-99.12613676448528,19.42278860792554]},"properties":{"FID":203,"OBJECTID":2987,"FECHA":1498176000000,"FOLIO":5554,"HORA":"12:00:00 a. m.","FENOMENO":"SOCIO ORGANIZATIVO","TAXONOM\u00cdA":"CONCENTRACIONES MASIVAS DE POBLACION","GRUPO":"NO APLICA","INCIDENTE":"MANIFESTACION O MITIN","CAUSAS":"TENIAN AGENDADA UNA REUNION","CALLE_Y_NU":"AV. CANAL ESQ. AV. FRAY SERVANDO TERESA DE MIER","COLONIA":"MERCED BALBUENA","DELEGACION":"VENUSTIANO CARRANZA","ATENDIO":"SSP","ATENDIO_DG":"S.-20","FUENTE":"C5","LESIONADOS":0,"FALLECIDOS":0,"LONGITUD":-99.1261367645,"LATITUD":19.4227886079}},{"type":"Feature","id":204,"geometry":{"type":"Point","coordinates":[-99.15047327044377,19.29699786776197]},"properties":{"FID":204,"OBJECTID":2991,"FECHA":1498262400000,"FOLIO":5580,"HORA":"12:00:00 a. m.","FENOMENO":"SOCIO ORGANIZATIVO","TAXONOM\u00cdA":"CONCENTRACIONES MASIVAS DE POBLACION","GRUPO":"GESTION DE SERVICIOS DE EMERGENCIA","INCIDENTE":"SOLICITUD DE SEGURIDAD PUBLICA","CAUSAS":"APOYO DE ABANDERAMIENTO","CALLE_Y_NU":"SAN JUAN DE DIOS ENTRE AV. ACUEDUCTO Y VIADUCTO TLALPAN","COLONIA":"HUIPULCO","DELEGACION":"TLALPAN","ATENDIO":"SSP","ATENDIO_DG":"OMEGA","FUENTE":"DGEM","LESIONADOS":0,"FALLECIDOS":0,"LONGITUD":-99.1504732704,"LATITUD":19.2969978678}},{"type":"Feature","id":205,"geometry":{"type":"Point","coordinates":[-99.11816998791708,19.29902792774605]},"properties":{"FID":205,"OBJECTID":2992,"FECHA":1498262400000,"FOLIO":5581,"HORA":"12:00:00 a. m.","FENOMENO":"SOCIO ORGANIZATIVO","TAXONOM\u00cdA":"CONCENTRACIONES MASIVAS DE POBLACION","GRUPO":"GESTION DE SERVICIOS DE EMERGENCIA","INCIDENTE":"SOLICITUD DE SERVICIOS DGEM","CAUSAS":"EXAMEN PARA ASPIRANTES PARA LA EDUCACION MEDIA SUPERIOR","CALLE_Y_NU":"CACAHUATES No. 77 ESQ. TRIGALES","COLONIA":"EX-HACIENDA COAPA","DELEGACION":"TLALPAN","ATENDIO":"SSP, UNAM","ATENDIO_DG":"REGIONAL SUR","FUENTE":"DGEM","LESIONADOS":0,"FALLECIDOS":0,"LONGITUD":-99.1181699879,"LATITUD":19.2990279277}},{"type":"Feature","id":206,"geometry":{"type":"Point","coordinates":[-99.22246872789502,19.31108584910207]},"properties":{"FID":206,"OBJECTID":2993,"FECHA":1498262400000,"FOLIO":5582,"HORA":"12:00:00 a. m.","FENOMENO":"SOCIO ORGANIZATIVO","TAXONOM\u00cdA":"CONCENTRACIONES MASIVAS DE POBLACION","GRUPO":"GESTION DE SERVICIOS DE EMERGENCIA","INCIDENTE":"SOLICITUD DE SERVICIOS DGEM","CAUSAS":"EXAMEN PARA ASPIRANTES PARA LA EDUCACION MEDIA SUPERIOR","CALLE_Y_NU":"AV. SANTA TERESA No. 950 ESQ. CDA. DE LOS ANGELES","COLONIA":"UH. SANTA TERESA","DELEGACION":"MAGDALENA CONTRERAS","ATENDIO":"UNAM, DGJyG","ATENDIO_DG":"S.-11","FUENTE":"DGEM","LESIONADOS":0,"FALLECIDOS":0,"LONGITUD":-99.2224687279,"LATITUD":19.3110858491}},{"type":"Feature","id":207,"geometry":{"type":"Point","coordinates":[-99.13605485740598,19.287465707949334]},"properties":{"FID":207,"OBJECTID":2994,"FECHA":1498262400000,"FOLIO":5583,"HORA":"12:00:00 a. m.","FENOMENO":"SOCIO ORGANIZATIVO","TAXONOM\u00cdA":"CONCENTRACIONES MASIVAS DE POBLACION","GRUPO":"GESTION DE SERVICIOS DE EMERGENCIA","INCIDENTE":"SOLICITUD DE SERVICIOS DGEM","CAUSAS":"EXAMEN PARA ASPIRANTES PARA LA EDUCACION MEDIA SUPERIOR","CALLE_Y_NU":"PUENTE No. 224 ESQ. ESCUELA","COLONIA":"COLORINES","DELEGACION":"TLALPAN","ATENDIO":"SSP, UNAM","ATENDIO_DG":"S.-17","FUENTE":"DGEM","LESIONADOS":0,"FALLECIDOS":0,"LONGITUD":-99.1360548574,"LATITUD":19.2874657079}},{"type":"Feature","id":208,"geometry":{"type":"Point","coordinates":[-99.16650409487619,19.364935642112084]},"properties":{"FID":208,"OBJECTID":2995,"FECHA":1498262400000,"FOLIO":5584,"HORA":"12:00:00 a. m.","FENOMENO":"SOCIO ORGANIZATIVO","TAXONOM\u00cdA":"CONCENTRACIONES MASIVAS DE POBLACION","GRUPO":"GESTION DE SERVICIOS DE EMERGENCIA","INCIDENTE":"SOLICITUD DE SERVICIOS DGEM","CAUSAS":"EXAMEN PARA ASPIRANTES PARA LA EDUCACION MEDIA SUPERIOR","CALLE_Y_NU":"MAYORAZGO DE SOLIS No. 65 ESQ. EJE 8 SUR","COLONIA":"XOCO","DELEGACION":"BENITO JUAREZ","ATENDIO":"SSP, UNAM, DGJyG","ATENDIO_DG":"S.-21","FUENTE":"DGEM","LESIONADOS":0,"FALLECIDOS":0,"LONGITUD":-99.1665040949,"LATITUD":19.3649356421}},{"type":"Feature","id":209,"geometry":{"type":"Point","coordinates":[-99.20471169731768,19.39934674305495]},"properties":{"FID":209,"OBJECTID":2996,"FECHA":1498262400000,"FOLIO":5585,"HORA":"12:00:00 a. m.","FENOMENO":"SOCIO ORGANIZATIVO","TAXONOM\u00cdA":"CONCENTRACIONES MASIVAS DE POBLACION","GRUPO":"GESTION DE SERVICIOS DE EMERGENCIA","INCIDENTE":"SOLICITUD DE SERVICIOS DGEM","CAUSAS":"EXAMEN PARA ASPIRANTES PARA LA EDUCACION MEDIA SUPERIOR","CALLE_Y_NU":"BONDOJITO No. 290 ENTRE SUR 138 Y FLORENCIO MIRANDA","COLONIA":"HIDALGO","DELEGACION":"ALVARO OBREGON","ATENDIO":"S\/D","ATENDIO_DG":"S.-19","FUENTE":"DGEM","LESIONADOS":0,"FALLECIDOS":0,"LONGITUD":-99.2047116973,"LATITUD":19.3993467431}},{"type":"Feature","id":210,"geometry":{"type":"Point","coordinates":[-99.11029210996313,19.36065853547556]},"properties":{"FID":210,"OBJECTID":2997,"FECHA":1498262400000,"FOLIO":5586,"HORA":"12:00:00 a. m.","FENOMENO":"SOCIO ORGANIZATIVO","TAXONOM\u00cdA":"CONCENTRACIONES MASIVAS DE POBLACION","GRUPO":"GESTION DE SERVICIOS DE EMERGENCIA","INCIDENTE":"SOLICITUD DE SERVICIOS DGEM","CAUSAS":"EXAMEN PARA ASPIRANTES PARA LA EDUCACION MEDIA SUPERIOR","CALLE_Y_NU":"AV. 5 (EJE 3 ORIENTE) No. 89 ESQ. ATANASIO G. SARABIA","COLONIA":"GRANJAS SAN ANTONIO","DELEGACION":"IZTAPALAPA","ATENDIO":"SSP","ATENDIO_DG":"S.-10","FUENTE":"DGEM","LESIONADOS":0,"FALLECIDOS":0,"LONGITUD":-99.11029211,"LATITUD":19.3606585355}},{"type":"Feature","id":211,"geometry":{"type":"Point","coordinates":[-99.11922622728652,19.351118532051874]},"properties":{"FID":211,"OBJECTID":2998,"FECHA":1498262400000,"FOLIO":5587,"HORA":"12:00:00 a. m.","FENOMENO":"SOCIO ORGANIZATIVO","TAXONOM\u00cdA":"CONCENTRACIONES MASIVAS DE POBLACION","GRUPO":"GESTION DE SERVICIOS DE EMERGENCIA","INCIDENTE":"SOLICITUD DE SERVICIOS DGEM","CAUSAS":"EXAMEN PARA ASPIRANTES PARA LA EDUCACION MEDIA SUPERIOR","CALLE_Y_NU":"AVENA No. 196 ESQ. GANADEROS","COLONIA":"GRANJAS ESMERALDA","DELEGACION":"IZTAPALAPA","ATENDIO":"SSP","ATENDIO_DG":"S.-28","FUENTE":"DGEM","LESIONADOS":0,"FALLECIDOS":0,"LONGITUD":-99.1192262273,"LATITUD":19.3511185321}},{"type":"Feature","id":212,"geometry":{"type":"Point","coordinates":[-99.0824766759788,19.356687797563993]},"properties":{"FID":212,"OBJECTID":2999,"FECHA":1498262400000,"FOLIO":5588,"HORA":"12:00:00 a. m.","FENOMENO":"SOCIO ORGANIZATIVO","TAXONOM\u00cdA":"CONCENTRACIONES MASIVAS DE POBLACION","GRUPO":"GESTION DE SERVICIOS DE EMERGENCIA","INCIDENTE":"SOLICITUD DE SERVICIOS DGEM","CAUSAS":"EXAMEN PARA ASPIRANTES PARA LA EDUCACION MEDIA SUPERIOR","CALLE_Y_NU":"AV. HIDALGO No. 256","COLONIA":"BARRIO SAN MIGUEL","DELEGACION":"IZTAPALAPA","ATENDIO":"SSP, UNAM","ATENDIO_DG":"S.-13","FUENTE":"DGEM","LESIONADOS":0,"FALLECIDOS":0,"LONGITUD":-99.082476676,"LATITUD":19.3566877976}},{"type":"Feature","id":213,"geometry":{"type":"Point","coordinates":[-99.16186233260868,19.389313389561952]},"properties":{"FID":213,"OBJECTID":3000,"FECHA":1498262400000,"FOLIO":5589,"HORA":"12:00:00 a. m.","FENOMENO":"SOCIO ORGANIZATIVO","TAXONOM\u00cdA":"CONCENTRACIONES MASIVAS DE POBLACION","GRUPO":"GESTION DE SERVICIOS DE EMERGENCIA","INCIDENTE":"SOLICITUD DE SERVICIOS DGEM","CAUSAS":"EXAMEN PARA ASPIRANTES PARA LA EDUCACION MEDIA SUPERIOR","CALLE_Y_NU":"NICOLAS SAN JUAN No. 728","COLONIA":"NARVARTE PONIENTE","DELEGACION":"BENITO JUAREZ","ATENDIO":"SSP","ATENDIO_DG":"S.-22","FUENTE":"DGEM","LESIONADOS":0,"FALLECIDOS":0,"LONGITUD":-99.1618623326,"LATITUD":19.3893133896}},{"type":"Feature","id":214,"geometry":{"type":"Point","coordinates":[-99.0824766759788,19.356687797563993]},"properties":{"FID":214,"OBJECTID":3001,"FECHA":1498262400000,"FOLIO":5590,"HORA":"12:00:00 a. m.","FENOMENO":"SOCIO ORGANIZATIVO","TAXONOM\u00cdA":"CONCENTRACIONES MASIVAS DE POBLACION","GRUPO":"GESTION DE SERVICIOS DE EMERGENCIA","INCIDENTE":"SOLICITUD DE SERVICIOS DGEM","CAUSAS":"EXAMEN PARA ASPIRANTES PARA LA EDUCACION MEDIA SUPERIOR","CALLE_Y_NU":"PEDRO ENRIQUEZ URE\u00d1A No. 173 ESQ. PLAZUELA DE LOS REYES","COLONIA":"LOS REYES COYOACAN","DELEGACION":"COYOACAN","ATENDIO":"SSP","ATENDIO_DG":"FENIX","FUENTE":"DGEM","LESIONADOS":0,"FALLECIDOS":0,"LONGITUD":-99.082476676,"LATITUD":19.3566877976}},{"type":"Feature","id":215,"geometry":{"type":"Point","coordinates":[-99.15929888551192,19.417005822197815]},"properties":{"FID":215,"OBJECTID":3002,"FECHA":1498262400000,"FOLIO":5591,"HORA":"12:00:00 a. m.","FENOMENO":"SOCIO ORGANIZATIVO","TAXONOM\u00cdA":"CONCENTRACIONES MASIVAS DE POBLACION","GRUPO":"GESTION DE SERVICIOS DE EMERGENCIA","INCIDENTE":"SOLICITUD DE SERVICIOS DGEM","CAUSAS":"EXAMEN PARA ASPIRANTES PARA LA EDUCACION MEDIA SUPERIOR","CALLE_Y_NU":"ORIZABA No. 136 ESQ. GUANAJUATO","COLONIA":"ROMA NORTE","DELEGACION":"CUAUHTEMOC","ATENDIO":"S.-26","ATENDIO_DG":"SSP, UNAM","FUENTE":"DGEM","LESIONADOS":0,"FALLECIDOS":0,"LONGITUD":-99.1592988855,"LATITUD":19.4170058222}},{"type":"Feature","id":216,"geometry":{"type":"Point","coordinates":[-99.19315041258263,19.448539989060865]},"properties":{"FID":216,"OBJECTID":3014,"FECHA":1498262400000,"FOLIO":5592,"HORA":"12:00:00 a. m.","FENOMENO":"SOCIO ORGANIZATIVO","TAXONOM\u00cdA":"CONCENTRACIONES MASIVAS DE POBLACION","GRUPO":"NO APLICA","INCIDENTE":"EVENTO MASIVO","CAUSAS":"TU CIUDAD TE REQUIERE","CALLE_Y_NU":"LAGO TRASIMENO ESQ. LAGO WETTER","COLONIA":"REFORMA PENSIL","DELEGACION":"MIGUEL HIDALGO","ATENDIO":"S\/D","ATENDIO_DG":"OMEGA Y ALEJANDRO MARTINEZ PALACIOS","FUENTE":"DGEM","LESIONADOS":0,"FALLECIDOS":0,"LONGITUD":-99.1931504126,"LATITUD":19.4485399891}},{"type":"Feature","id":217,"geometry":{"type":"Point","coordinates":[-99.16766230145234,19.426622956092995]},"properties":{"FID":217,"OBJECTID":3017,"FECHA":1498262400000,"FOLIO":5596,"HORA":"12:00:00 a. m.","FENOMENO":"SOCIO ORGANIZATIVO","TAXONOM\u00cdA":"CONCENTRACIONES MASIVAS DE POBLACION","GRUPO":"NO APLICA","INCIDENTE":"EVENTO MASIVO","CAUSAS":"XXXIX MARCHA DEL ORGULLO LGBTTTI","CALLE_Y_NU":"PASEO DE LA REFORMA ESQ. FLORENCIA","COLONIA":"JUAREZ","DELEGACION":"CUAUHTEMOC","ATENDIO":"SSP","ATENDIO_DG":"REGIONAL CENTRO, S.-20, S.-8, S.-16, DELTA-9, DELTA-12, RAFAEL SOSA Y VERONICA SOTO","FUENTE":"DGEM","LESIONADOS":0,"FALLECIDOS":0,"LONGITUD":-99.1676623015,"LATITUD":19.4266229561}},{"type":"Feature","id":218,"geometry":{"type":"Point","coordinates":[-99.11816998791708,19.29902792774605]},"properties":{"FID":218,"OBJECTID":3022,"FECHA":1498348800000,"FOLIO":5618,"HORA":"12:00:00 a. m.","FENOMENO":"SOCIO ORGANIZATIVO","TAXONOM\u00cdA":"CONCENTRACIONES MASIVAS DE POBLACION","GRUPO":"GESTION DE SERVICIOS DE EMERGENCIA","INCIDENTE":"SOLICITUD DE SERVICIOS DGEM","CAUSAS":"EXAMEN PARA ASPIRANTES PARA LA EDUCACION MEDIA SUPERIOR","CALLE_Y_NU":"CACAHUATES No. 77 ESQ. TRIGALES","COLONIA":"EX-HACIENDA COAPA","DELEGACION":"TLALPAN","ATENDIO":"S\/D","ATENDIO_DG":"REGIONAL SUR","FUENTE":"DGEM","LESIONADOS":0,"FALLECIDOS":0,"LONGITUD":-99.1181699879,"LATITUD":19.2990279277}},{"type":"Feature","id":219,"geometry":{"type":"Point","coordinates":[-99.22246872789502,19.31108584910207]},"properties":{"FID":219,"OBJECTID":3023,"FECHA":1498348800000,"FOLIO":5619,"HORA":"12:00:00 a. m.","FENOMENO":"SOCIO ORGANIZATIVO","TAXONOM\u00cdA":"CONCENTRACIONES MASIVAS DE POBLACION","GRUPO":"GESTION DE SERVICIOS DE EMERGENCIA","INCIDENTE":"SOLICITUD DE SERVICIOS DGEM","CAUSAS":"EXAMEN PARA ASPIRANTES PARA LA EDUCACION MEDIA SUPERIOR","CALLE_Y_NU":"AV. SANTA TERESA No. 950 ESQ. CDA DE LOS ANGELES","COLONIA":"UH. SANTA TERESA","DELEGACION":"MAGDALENA CONTRERAS","ATENDIO":"SSP, UNAM, DGJyG","ATENDIO_DG":"S.-11","FUENTE":"DGEM","LESIONADOS":0,"FALLECIDOS":0,"LONGITUD":-99.2224687279,"LATITUD":19.3110858491}},{"type":"Feature","id":220,"geometry":{"type":"Point","coordinates":[-99.13605485740598,19.287465707949334]},"properties":{"FID":220,"OBJECTID":3024,"FECHA":1498348800000,"FOLIO":5620,"HORA":"12:00:00 a. m.","FENOMENO":"SOCIO ORGANIZATIVO","TAXONOM\u00cdA":"CONCENTRACIONES MASIVAS DE POBLACION","GRUPO":"GESTION DE SERVICIOS DE EMERGENCIA","INCIDENTE":"SOLICITUD DE SERVICIOS DGEM","CAUSAS":"EXAMEN PARA ASPIRANTES PARA LA EDUCACION MEDIA SUPERIOR","CALLE_Y_NU":"PUENTE No. 224 ESQ. ESCUELA","COLONIA":"LOS COLORINES","DELEGACION":"TLALPAN","ATENDIO":"SSP, UNAM","ATENDIO_DG":"S.-17","FUENTE":"DGEM","LESIONADOS":0,"FALLECIDOS":0,"LONGITUD":-99.1360548574,"LATITUD":19.2874657079}},{"type":"Feature","id":221,"geometry":{"type":"Point","coordinates":[-99.16650409487619,19.364935642112084]},"properties":{"FID":221,"OBJECTID":3025,"FECHA":1498348800000,"FOLIO":5621,"HORA":"12:00:00 a. m.","FENOMENO":"SOCIO ORGANIZATIVO","TAXONOM\u00cdA":"CONCENTRACIONES MASIVAS DE POBLACION","GRUPO":"GESTION DE SERVICIOS DE EMERGENCIA","INCIDENTE":"SOLICITUD DE SERVICIOS DGEM","CAUSAS":"EXAMEN PARA ASPIRANTES PARA LA EDUCACION MEDIA SUPERIOR","CALLE_Y_NU":"MAYORAZGO DE SOLIS No. 65 ESQ. EJE 8 SUR","COLONIA":"XOCO","DELEGACION":"BENITO JUAREZ","ATENDIO":"SSP, UNAM","ATENDIO_DG":"S.-21","FUENTE":"DGEM","LESIONADOS":0,"FALLECIDOS":0,"LONGITUD":-99.1665040949,"LATITUD":19.3649356421}},{"type":"Feature","id":222,"geometry":{"type":"Point","coordinates":[-99.20471169731768,19.39934674305495]},"properties":{"FID":222,"OBJECTID":3026,"FECHA":1498348800000,"FOLIO":5622,"HORA":"12:00:00 a. m.","FENOMENO":"SOCIO ORGANIZATIVO","TAXONOM\u00cdA":"CONCENTRACIONES MASIVAS DE POBLACION","GRUPO":"GESTION DE SERVICIOS DE EMERGENCIA","INCIDENTE":"SOLICITUD DE SERVICIOS DGEM","CAUSAS":"EXAMEN PARA ASPIRANTES PARA LA EDUCACION MEDIA SUPERIOR","CALLE_Y_NU":"BONDOJITO No. 290 ENTRE SUR 138 Y FLORENCIO MIRANDA","COLONIA":"HIDALGO","DELEGACION":"ALVARO OBREGON","ATENDIO":"S\/D","ATENDIO_DG":"S.-18","FUENTE":"DGEM","LESIONADOS":0,"FALLECIDOS":0,"LONGITUD":-99.2047116973,"LATITUD":19.3993467431}},{"type":"Feature","id":223,"geometry":{"type":"Point","coordinates":[-99.11029210996313,19.36065853547556]},"properties":{"FID":223,"OBJECTID":3027,"FECHA":1498348800000,"FOLIO":5623,"HORA":"12:00:00 a. m.","FENOMENO":"SOCIO ORGANIZATIVO","TAXONOM\u00cdA":"CONCENTRACIONES MASIVAS DE POBLACION","GRUPO":"GESTION DE SERVICIOS DE EMERGENCIA","INCIDENTE":"SOLICITUD DE SERVICIOS DGEM","CAUSAS":"EXAMEN PARA ASPIRANTES PARA LA EDUCACION MEDIA SUPERIOR","CALLE_Y_NU":"AVENIDA 5 (EJE 3 ORIENTE) No. 89 ESQ. ATANASIO G. SARABIA","COLONIA":"GRANJAS SAN ANTONIO","DELEGACION":"IZTAPALAPA","ATENDIO":"SSP","ATENDIO_DG":"S.-10","FUENTE":"DGEM","LESIONADOS":0,"FALLECIDOS":0,"LONGITUD":-99.11029211,"LATITUD":19.3606585355}},{"type":"Feature","id":224,"geometry":{"type":"Point","coordinates":[-99.11922622728652,19.351118532051874]},"properties":{"FID":224,"OBJECTID":3028,"FECHA":1498348800000,"FOLIO":5624,"HORA":"12:00:00 a. m.","FENOMENO":"SOCIO ORGANIZATIVO","TAXONOM\u00cdA":"CONCENTRACIONES MASIVAS DE POBLACION","GRUPO":"GESTION DE SERVICIOS DE EMERGENCIA","INCIDENTE":"SOLICITUD DE SERVICIOS DGEM","CAUSAS":"EXAMEN PARA ASPIRANTES PARA LA EDUCACION MEDIA SUPERIOR","CALLE_Y_NU":"AVENA No. 196 ESQ. GANADEROS","COLONIA":"GRANJAS ESMERALDA","DELEGACION":"IZTAPALAPA","ATENDIO":"SSP","ATENDIO_DG":"S.-28","FUENTE":"DGEM","LESIONADOS":0,"FALLECIDOS":0,"LONGITUD":-99.1192262273,"LATITUD":19.3511185321}},{"type":"Feature","id":225,"geometry":{"type":"Point","coordinates":[-99.0824766759788,19.356687797563993]},"properties":{"FID":225,"OBJECTID":3029,"FECHA":1498348800000,"FOLIO":5625,"HORA":"12:00:00 a. m.","FENOMENO":"SOCIO ORGANIZATIVO","TAXONOM\u00cdA":"CONCENTRACIONES MASIVAS DE POBLACION","GRUPO":"GESTION DE SERVICIOS DE EMERGENCIA","INCIDENTE":"SOLICITUD DE SERVICIOS DGEM","CAUSAS":"EXAMEN PARA ASPIRANTES PARA LA EDUCACION MEDIA SUPERIOR","CALLE_Y_NU":"AV. HIDALGO No. 256","COLONIA":"BARRIO SAN MIGUEL","DELEGACION":"IZTAPALAPA","ATENDIO":"SSP, UNAM","ATENDIO_DG":"S.-13","FUENTE":"DGEM","LESIONADOS":0,"FALLECIDOS":0,"LONGITUD":-99.082476676,"LATITUD":19.3566877976}},{"type":"Feature","id":226,"geometry":{"type":"Point","coordinates":[-99.16186233260868,19.389313389561952]},"properties":{"FID":226,"OBJECTID":3030,"FECHA":1498348800000,"FOLIO":5626,"HORA":"12:00:00 a. m.","FENOMENO":"SOCIO ORGANIZATIVO","TAXONOM\u00cdA":"CONCENTRACIONES MASIVAS DE POBLACION","GRUPO":"GESTION DE SERVICIOS DE EMERGENCIA","INCIDENTE":"SOLICITUD DE SERVICIOS DGEM","CAUSAS":"EXAMEN PARA ASPIRANTES PARA LA EDUCACION MEDIA SUPERIOR","CALLE_Y_NU":"NICOLAS SAN JUAN No. 728","COLONIA":"NARVARTE PONIENTE","DELEGACION":"BENITO JUAREZ","ATENDIO":"SSP, USE","ATENDIO_DG":"S.-22","FUENTE":"DGEM","LESIONADOS":0,"FALLECIDOS":0,"LONGITUD":-99.1618623326,"LATITUD":19.3893133896}},{"type":"Feature","id":227,"geometry":{"type":"Point","coordinates":[-99.0824766759788,19.356687797563993]},"properties":{"FID":227,"OBJECTID":3031,"FECHA":1498348800000,"FOLIO":5627,"HORA":"12:00:00 a. m.","FENOMENO":"SOCIO ORGANIZATIVO","TAXONOM\u00cdA":"CONCENTRACIONES MASIVAS DE POBLACION","GRUPO":"GESTION DE SERVICIOS DE EMERGENCIA","INCIDENTE":"SOLICITUD DE SERVICIOS DGEM","CAUSAS":"EXAMEN PARA ASPIRANTES PARA LA EDUCACION MEDIA SUPERIOR","CALLE_Y_NU":"PEDRO ENRIQUEZ URE\u00d1A No. 173 ESQ. PLAZUELA DE LOS REYES","COLONIA":"LOS REYES COYOACAN","DELEGACION":"COYOACAN","ATENDIO":"SSP","ATENDIO_DG":"FENIX","FUENTE":"DGEM","LESIONADOS":0,"FALLECIDOS":0,"LONGITUD":-99.082476676,"LATITUD":19.3566877976}},{"type":"Feature","id":228,"geometry":{"type":"Point","coordinates":[-99.15929888551192,19.417005822197815]},"properties":{"FID":228,"OBJECTID":3032,"FECHA":1498348800000,"FOLIO":5628,"HORA":"12:00:00 a. m.","FENOMENO":"SOCIO ORGANIZATIVO","TAXONOM\u00cdA":"CONCENTRACIONES MASIVAS DE POBLACION","GRUPO":"GESTION DE SERVICIOS DE EMERGENCIA","INCIDENTE":"SOLICITUD DE SERVICIOS DGEM","CAUSAS":"EXAMEN PARA ASPIRANTES PARA LA EDUCACION MEDIA SUPERIOR","CALLE_Y_NU":"ORIZABA No. 136 ESQ. GUANAJUATO","COLONIA":"ROMA NORTE","DELEGACION":"CUAUHTEMOC","ATENDIO":"SSP, UNAM","ATENDIO_DG":"S.-26","FUENTE":"DGEM","LESIONADOS":0,"FALLECIDOS":0,"LONGITUD":-99.1592988855,"LATITUD":19.4170058222}},{"type":"Feature","id":229,"geometry":{"type":"Point","coordinates":[-99.14980331613758,19.501105131897056]},"properties":{"FID":229,"OBJECTID":3033,"FECHA":1498348800000,"FOLIO":5629,"HORA":"12:00:00 a. m.","FENOMENO":"SOCIO ORGANIZATIVO","TAXONOM\u00cdA":"CONCENTRACIONES MASIVAS DE POBLACION","GRUPO":"GESTION DE SERVICIOS DE EMERGENCIA","INCIDENTE":"SOLICITUD DE SERVICIOS DGEM","CAUSAS":"EXAMEN PARA ASPIRANTES PARA LA EDUCACION MEDIA SUPERIOR","CALLE_Y_NU":"EJE CENTRAL LAZARO CARDENAS S\/N ENTRE AV. DE LAS TORRES Y PONIENTE 152","COLONIA":"INDUSTRIAL VALLEJO","DELEGACION":"GUSTAVO A. MADERO","ATENDIO":"SSP","ATENDIO_DG":"S.-5","FUENTE":"DGEM","LESIONADOS":0,"FALLECIDOS":0,"LONGITUD":-99.1498033161,"LATITUD":19.5011051319}},{"type":"Feature","id":230,"geometry":{"type":"Point","coordinates":[-99.19621697197482,19.510911253958852]},"properties":{"FID":230,"OBJECTID":3034,"FECHA":1498348800000,"FOLIO":5630,"HORA":"12:00:00 a. m.","FENOMENO":"SOCIO ORGANIZATIVO","TAXONOM\u00cdA":"CONCENTRACIONES MASIVAS DE POBLACION","GRUPO":"GESTION DE SERVICIOS DE EMERGENCIA","INCIDENTE":"SOLICITUD DE SERVICIOS DGEM","CAUSAS":"EXAMEN PARA ASPIRANTES PARA LA EDUCACION MEDIA SUPERIOR","CALLE_Y_NU":"AV. DE LAS CULTURAS S\/N ENTRE MECANICOS Y CULTURA GRIEGA","COLONIA":"U. INFONAVIT EL ROSARIO","DELEGACION":"AZCAPOTZALCO","ATENDIO":"S\/D","ATENDIO_DG":"S.-6","FUENTE":"DGEM","LESIONADOS":0,"FALLECIDOS":0,"LONGITUD":-99.196216972,"LATITUD":19.510911254}},{"type":"Feature","id":231,"geometry":{"type":"Point","coordinates":[-99.06569786272834,19.185399458200074]},"properties":{"FID":231,"OBJECTID":3035,"FECHA":1498348800000,"FOLIO":5631,"HORA":"12:00:00 a. m.","FENOMENO":"SOCIO ORGANIZATIVO","TAXONOM\u00cdA":"CONCENTRACIONES MASIVAS DE POBLACION","GRUPO":"GESTION DE SERVICIOS DE EMERGENCIA","INCIDENTE":"SOLICITUD DE SERVICIOS DGEM","CAUSAS":"EXAMEN PARA ASPIRANTES PARA LA EDUCACION MEDIA SUPERIOR","CALLE_Y_NU":"PROL. ZARAGOZA S\/N, BARRIO SAN JUAN","COLONIA":"SAN PABLO OZTOTEPEC","DELEGACION":"MILPA ALTA","ATENDIO":"SSP","ATENDIO_DG":"S.-15","FUENTE":"DGEM","LESIONADOS":0,"FALLECIDOS":0,"LONGITUD":-99.0656978627,"LATITUD":19.1853994582}},{"type":"Feature","id":232,"geometry":{"type":"Point","coordinates":[-99.1182550191322,19.417037178390178]},"properties":{"FID":232,"OBJECTID":3036,"FECHA":1498348800000,"FOLIO":5632,"HORA":"12:00:00 a. m.","FENOMENO":"SOCIO ORGANIZATIVO","TAXONOM\u00cdA":"CONCENTRACIONES MASIVAS DE POBLACION","GRUPO":"GESTION DE SERVICIOS DE EMERGENCIA","INCIDENTE":"SOLICITUD DE SERVICIOS DGEM","CAUSAS":"EXAMEN PARA ASPIRANTES PARA LA EDUCACION MEDIA SUPERIOR","CALLE_Y_NU":"MAR DE LOS VAPORES MZ. 181 LT. 4","COLONIA":"AMPLIACION SELENE","DELEGACION":"TLAHUAC","ATENDIO":"SSP","ATENDIO_DG":"S.-16","FUENTE":"DGEM","LESIONADOS":0,"FALLECIDOS":0,"LONGITUD":-99.1182550191,"LATITUD":19.4170371784}},{"type":"Feature","id":233,"geometry":{"type":"Point","coordinates":[-99.11162411108236,19.387064727697243]},"properties":{"FID":233,"OBJECTID":3037,"FECHA":1498348800000,"FOLIO":5633,"HORA":"12:00:00 a. m.","FENOMENO":"SOCIO ORGANIZATIVO","TAXONOM\u00cdA":"CONCENTRACIONES MASIVAS DE POBLACION","GRUPO":"GESTION DE SERVICIOS DE EMERGENCIA","INCIDENTE":"SOLICITUD DE SERVICIOS DGEM","CAUSAS":"EXAMEN PARA ASPIRANTES PARA LA EDUCACION MEDIA SUPERIOR","CALLE_Y_NU":"PROL. FRANCISCO DEL PASO Y TRONCOSO ESQ. TEZONTLE","COLONIA":"UH. INFONAVIT IZTACALCO","DELEGACION":"IZTACALCO","ATENDIO":"SSP","ATENDIO_DG":"S.-23","FUENTE":"DGEM","LESIONADOS":0,"FALLECIDOS":0,"LONGITUD":-99.1116241111,"LATITUD":19.3870647277}},{"type":"Feature","id":234,"geometry":{"type":"Point","coordinates":[-99.17188081548235,19.425317650107456]},"properties":{"FID":234,"OBJECTID":3045,"FECHA":1498348800000,"FOLIO":5616,"HORA":"12:00:00 a. m.","FENOMENO":"SOCIO ORGANIZATIVO","TAXONOM\u00cdA":"CONCENTRACIONES MASIVAS DE POBLACION","GRUPO":"NO APLICA","INCIDENTE":"EVENTO MASIVO","CAUSAS":"CARRERA ATLETICA","CALLE_Y_NU":"PASEO DE LA REFORMA ESQ. RIO MISISIPI","COLONIA":"CUAUHTEMOC","DELEGACION":"CUAUHTEMOC","ATENDIO":"S\/D","ATENDIO_DG":"NO RELEVANTE","FUENTE":"C5","LESIONADOS":0,"FALLECIDOS":0,"LONGITUD":-99.1718808155,"LATITUD":19.4253176501}},{"type":"Feature","id":235,"geometry":{"type":"Point","coordinates":[-99.146906121584,19.437594066385074]},"properties":{"FID":235,"OBJECTID":3108,"FECHA":1498608000000,"FOLIO":5736,"HORA":"12:00:00 a. m.","FENOMENO":"SOCIO ORGANIZATIVO","TAXONOM\u00cdA":"CONCENTRACIONES MASIVAS DE POBLACION","GRUPO":"NO APLICA","INCIDENTE":"FIESTAS RELIGIOSAS Y\/O PATRONALES","CAUSAS":"CELEBRACION MENSUAL DE SAN JUDAS TADEO","CALLE_Y_NU":"PUENTE DE ALVARADO ESQ. AV. PASEO DE LA REFORMA","COLONIA":"TABACALERA","DELEGACION":"CUAUHTEMOC","ATENDIO":"UPC, SSP","ATENDIO_DG":"S.-26","FUENTE":"DGEM","LESIONADOS":0,"FALLECIDOS":0,"LONGITUD":-99.1469061216,"LATITUD":19.4375940664}},{"type":"Feature","id":236,"geometry":{"type":"Point","coordinates":[-99.12602215205753,19.42239104838564]},"properties":{"FID":236,"OBJECTID":3130,"FECHA":1498780800000,"FOLIO":5813,"HORA":"12:00:00 a. m.","FENOMENO":"SOCIO ORGANIZATIVO","TAXONOM\u00cdA":"CONCENTRACIONES MASIVAS DE POBLACION","GRUPO":"NO APLICA","INCIDENTE":"MANIFESTACION O MITIN","CAUSAS":"MARCHA DE BOMBEROS","CALLE_Y_NU":"CALZADA DE LA VIGA ESQ. FRAY SERVANDO TERESA DE MIER","COLONIA":"MERCED BALBUENA","DELEGACION":"VENUSTIANO CARRANZA","ATENDIO":"SSP","ATENDIO_DG":"NO RELEVANTE","FUENTE":"SSP","LESIONADOS":0,"FALLECIDOS":0,"LONGITUD":-99.1260221521,"LATITUD":19.4223910484}},{"type":"Feature","id":237,"geometry":{"type":"Point","coordinates":[-99.13344071910716,19.431883894436886]},"properties":{"FID":237,"OBJECTID":3187,"FECHA":1501718400000,"FOLIO":6880,"HORA":"S\/D","FENOMENO":"SOCIO ORGANIZATIVO","TAXONOM\u00cdA":"CONCENTRACIONES MASIVAS DE POBLACION","GRUPO":"GESTION DE SERVICIOS DE EMERGENCIA","INCIDENTE":"SOLICITUD DE SERVICIOS DGEM","CAUSAS":"APOYO A LA SECRETARIA DE GOBIERNO DE LA CDMX","CALLE_Y_NU":"PLAZA DE LA CONSTITUCION ESQ. AV. 20 DE NOVIEMBRE","COLONIA":"CENTRO","DELEGACION":"CUAUHTEMOC","ATENDIO":"SSP","ATENDIO_DG":"REGIONAL CENTRO, S.-20, S.-21, S.-22, S.-24 Y S.-26","FUENTE":"DGEM","LESIONADOS":0,"FALLECIDOS":0,"LONGITUD":-99.1334407191,"LATITUD":19.4318838944}},{"type":"Feature","id":238,"geometry":{"type":"Point","coordinates":[-99.07314484861877,19.398019397310165]},"properties":{"FID":238,"OBJECTID":3220,"FECHA":1501891200000,"FOLIO":6909,"HORA":"S\/D","FENOMENO":"SOCIO ORGANIZATIVO","TAXONOM\u00cdA":"CONCENTRACIONES MASIVAS DE POBLACION","GRUPO":"NO APLICA","INCIDENTE":"EVENTO MASIVO","CAUSAS":"TU CIUDAD TE REQUIERE","CALLE_Y_NU":"EJE 5 ORIENTE ESQ. SUR 12","COLONIA":"AGRICOLA ORIENTAL","DELEGACION":"IZTACALCO","ATENDIO":"S\/D","ATENDIO_DG":"OMEGA, ALEJANDRO MARTINEZ PALACIOS Y DELTA-9","FUENTE":"DGEM","LESIONADOS":0,"FALLECIDOS":0,"LONGITUD":-99.0731448486,"LATITUD":19.3980193973}},{"type":"Feature","id":239,"geometry":{"type":"Point","coordinates":[-99.1498256042982,19.24416578391456]},"properties":{"FID":239,"OBJECTID":3223,"FECHA":1501891200000,"FOLIO":6915,"HORA":"S\/D","FENOMENO":"SOCIO ORGANIZATIVO","TAXONOM\u00cdA":"CONCENTRACIONES MASIVAS DE POBLACION","GRUPO":"NO APLICA","INCIDENTE":"MANIFESTACION O MITIN","CAUSAS":"JOVENES RECHAZADOS EN EL NIVEL UNIVERSITARIO","CALLE_Y_NU":"CAMINO A SANTIAGO ESQ. PROL. MANZANO","COLONIA":"VALLE VERDE","DELEGACION":"TLALPAN","ATENDIO":"SSP","ATENDIO_DG":"NO RELEVANTE","FUENTE":"C5","LESIONADOS":0,"FALLECIDOS":0,"LONGITUD":-99.1498256043,"LATITUD":19.2441657839}},{"type":"Feature","id":240,"geometry":{"type":"Point","coordinates":[-99.18040540299646,19.42455025360414]},"properties":{"FID":240,"OBJECTID":3240,"FECHA":1501977600000,"FOLIO":6933,"HORA":"S\/D","FENOMENO":"SOCIO ORGANIZATIVO","TAXONOM\u00cdA":"CONCENTRACIONES MASIVAS DE POBLACION","GRUPO":"NO APLICA","INCIDENTE":"EVENTO MASIVO","CAUSAS":"CARRERA ATLETICA ADIDAS SPLIT 30 KM","CALLE_Y_NU":"PASEO DE LA REFORMA ESQ. MAHATMA GANDHI","COLONIA":"BOSQUE DE CAHPULTEPEC 1ra. SECCION","DELEGACION":"MIGUEL HIDALGO","ATENDIO":"SSP","ATENDIO_DG":"NO RELEVANTE","FUENTE":"C5","LESIONADOS":0,"FALLECIDOS":0,"LONGITUD":-99.180405403,"LATITUD":19.4245502536}},{"type":"Feature","id":241,"geometry":{"type":"Point","coordinates":[-99.15391910932597,19.429174590087015]},"properties":{"FID":241,"OBJECTID":3293,"FECHA":1502236800000,"FOLIO":7008,"HORA":"S\/D","FENOMENO":"SOCIO ORGANIZATIVO","TAXONOM\u00cdA":"CONCENTRACIONES MASIVAS DE POBLACION","GRUPO":"NO APLICA","INCIDENTE":"BLOQUEOS","CAUSAS":"SOLICITUD DE APOYOS PARA EL CAMPO","CALLE_Y_NU":"ABRAHAM GONZALEZ ESQ. LUCERNA","COLONIA":"JUAREZ","DELEGACION":"CUAUHTEMOC","ATENDIO":"SSP","ATENDIO_DG":"NO RELEVANTE","FUENTE":"SIN FUENTE","LESIONADOS":0,"FALLECIDOS":0,"LONGITUD":-99.1539191093,"LATITUD":19.4291745901}},{"type":"Feature","id":242,"geometry":{"type":"Point","coordinates":[-99.13344071910716,19.431883894436886]},"properties":{"FID":242,"OBJECTID":3294,"FECHA":1502236800000,"FOLIO":7009,"HORA":"S\/D","FENOMENO":"SOCIO ORGANIZATIVO","TAXONOM\u00cdA":"CONCENTRACIONES MASIVAS DE POBLACION","GRUPO":"NO APLICA","INCIDENTE":"MANIFESTACION O MITIN","CAUSAS":"EN LA DEFENSA DEL DERECHO AL TRABAJO","CALLE_Y_NU":"PLAZA DE LA CONSTITUCION","COLONIA":"CENTRO","DELEGACION":"CUAUHTEMOC","ATENDIO":"SSP","ATENDIO_DG":"NO RELEVANTE","FUENTE":"C5","LESIONADOS":0,"FALLECIDOS":0,"LONGITUD":-99.1334407191,"LATITUD":19.4318838944}},{"type":"Feature","id":243,"geometry":{"type":"Point","coordinates":[-99.1500298570803,19.32219438475799]},"properties":{"FID":243,"OBJECTID":3346,"FECHA":1502496000000,"FOLIO":7078,"HORA":"S\/D","FENOMENO":"SOCIO ORGANIZATIVO","TAXONOM\u00cdA":"CONCENTRACIONES MASIVAS DE POBLACION","GRUPO":"NO APLICA","INCIDENTE":"EVENTO MASIVO","CAUSAS":"TU CIUDAD TE REQUIERE","CALLE_Y_NU":"REY NEZAHUALCOYOTL No. 248 ESQ. YAQUIS","COLONIA":"AJUSCO HUAYAMILPAS","DELEGACION":"COYOACAN","ATENDIO":"S\/D","ATENDIO_DG":"OMEGA, ALEJANDRO MARTINEZ PALACIOS Y DELTA-9","FUENTE":"DGEM","LESIONADOS":0,"FALLECIDOS":0,"LONGITUD":-99.1500298571,"LATITUD":19.3221943848}},{"type":"Feature","id":244,"geometry":{"type":"Point","coordinates":[-99.15380171331284,19.43601587581558]},"properties":{"FID":244,"OBJECTID":3351,"FECHA":1502496000000,"FOLIO":7087,"HORA":"S\/D","FENOMENO":"SOCIO ORGANIZATIVO","TAXONOM\u00cdA":"CONCENTRACIONES MASIVAS DE POBLACION","GRUPO":"NO APLICA","INCIDENTE":"MANIFESTACION O MITIN","CAUSAS":"DIA INTERNACIONAL DE LA JUVENTUD","CALLE_Y_NU":"PLAZA DE LA REPUBLICA S\/N","COLONIA":"TABACALERA","DELEGACION":"CUAUHTEMOC","ATENDIO":"SSP","ATENDIO_DG":"NO RELEVANTE","FUENTE":"C5","LESIONADOS":0,"FALLECIDOS":0,"LONGITUD":-99.1538017133,"LATITUD":19.4360158758}},{"type":"Feature","id":245,"geometry":{"type":"Point","coordinates":[-99.11983658019908,19.274083648184]},"properties":{"FID":245,"OBJECTID":3447,"FECHA":1502928000000,"FOLIO":7215,"HORA":"S\/D","FENOMENO":"SOCIO ORGANIZATIVO","TAXONOM\u00cdA":"CONCENTRACIONES MASIVAS DE POBLACION","GRUPO":"NO APLICA","INCIDENTE":"MANIFESTACION O MITIN","CAUSAS":"SOLICITANDO AUDIENCIA CON EL JEFE DELEGACIONAL","CALLE_Y_NU":"DIVISION DEL NORTE ESQ. PLAN DE MUYUGUARDA","COLONIA":"SAN LORENZO LA CEBADA","DELEGACION":"XOCHIMILCO","ATENDIO":"SSP","ATENDIO_DG":"S.-12","FUENTE":"DGEM","LESIONADOS":0,"FALLECIDOS":0,"LONGITUD":-99.1198365802,"LATITUD":19.2740836482}},{"type":"Feature","id":246,"geometry":{"type":"Point","coordinates":[-99.14596022372662,19.445131877682787]},"properties":{"FID":246,"OBJECTID":3477,"FECHA":1503100800000,"FOLIO":7304,"HORA":"S\/D","FENOMENO":"SOCIO ORGANIZATIVO","TAXONOM\u00cdA":"CONCENTRACIONES MASIVAS DE POBLACION","GRUPO":"NO APLICA","INCIDENTE":"BLOQUEOS","CAUSAS":"FALTA DE ENERGIA ELECTRICA","CALLE_Y_NU":"HEROES No. 94 ESQ. MOCTEZUMA","COLONIA":"GUERRERO","DELEGACION":"CUAUHTEMOC","ATENDIO":"SSP, CFE","ATENDIO_DG":"NO RELEVANTE","FUENTE":"C5","LESIONADOS":0,"FALLECIDOS":0,"LONGITUD":-99.1459602237,"LATITUD":19.4451318777}},{"type":"Feature","id":247,"geometry":{"type":"Point","coordinates":[-99.12673964119261,19.266035703144134]},"properties":{"FID":247,"OBJECTID":3538,"FECHA":1503446400000,"FOLIO":7397,"HORA":"S\/D","FENOMENO":"SOCIO ORGANIZATIVO","TAXONOM\u00cdA":"CONCENTRACIONES MASIVAS DE POBLACION","GRUPO":"NO APLICA","INCIDENTE":"SIMULACRO","CAUSAS":"PREVENCION","CALLE_Y_NU":"CAMINO A SAN PABLO No. 25 ESQ. AV. MEXICO","COLONIA":"LA NORIA","DELEGACION":"XOCHIMILCO","ATENDIO":"UPC, SSP","ATENDIO_DG":"S.-12","FUENTE":"DGEM","LESIONADOS":0,"FALLECIDOS":0,"LONGITUD":-99.1267396412,"LATITUD":19.2660357031}},{"type":"Feature","id":248,"geometry":{"type":"Point","coordinates":[-99.07978125646193,19.472221468156963]},"properties":{"FID":248,"OBJECTID":3539,"FECHA":1503446400000,"FOLIO":7398,"HORA":"S\/D","FENOMENO":"SOCIO ORGANIZATIVO","TAXONOM\u00cdA":"CONCENTRACIONES MASIVAS DE POBLACION","GRUPO":"NO APLICA","INCIDENTE":"SIMULACRO","CAUSAS":"PREVENCION","CALLE_Y_NU":"JOSE LORETO FABELA No. 743 ENTRE CDA. DE LORETO FABELA Y EJE 5 NORTE","COLONIA":"SAN JUAN DE ARAGON","DELEGACION":"GUSTAVO A. MADERO","ATENDIO":"UPC, SSP","ATENDIO_DG":"S.-5","FUENTE":"DGEM","LESIONADOS":0,"FALLECIDOS":0,"LONGITUD":-99.0797812565,"LATITUD":19.4722214682}},{"type":"Feature","id":249,"geometry":{"type":"Point","coordinates":[-99.1215694781354,19.416637351045058]},"properties":{"FID":249,"OBJECTID":3540,"FECHA":1503446400000,"FOLIO":7399,"HORA":"S\/D","FENOMENO":"SOCIO ORGANIZATIVO","TAXONOM\u00cdA":"CONCENTRACIONES MASIVAS DE POBLACION","GRUPO":"NO APLICA","INCIDENTE":"SIMULACRO","CAUSAS":"PREVENCION","CALLE_Y_NU":"LORENZO BOTURINI No. 479 ESQ. AV. CONGRESO DE LA UNION","COLONIA":"LORENZO BOTURINI","DELEGACION":"VENUSTIANO CARRANZA","ATENDIO":"UPC, SSP","ATENDIO_DG":"S.-24","FUENTE":"DGEM","LESIONADOS":0,"FALLECIDOS":0,"LONGITUD":-99.1215694781,"LATITUD":19.416637351}},{"type":"Feature","id":250,"geometry":{"type":"Point","coordinates":[-99.15968465038097,19.43162773841812]},"properties":{"FID":250,"OBJECTID":3541,"FECHA":1503446400000,"FOLIO":7400,"HORA":"S\/D","FENOMENO":"SOCIO ORGANIZATIVO","TAXONOM\u00cdA":"CONCENTRACIONES MASIVAS DE POBLACION","GRUPO":"NO APLICA","INCIDENTE":"SIMULACRO","CAUSAS":"PREVENCION","CALLE_Y_NU":"VILLALONGIN No. 66 ESQ. AV. INSURGENTES","COLONIA":"CENTRO","DELEGACION":"CUAUHTEMOC","ATENDIO":"UPC, SSP","ATENDIO_DG":"S.-23 Y S.-26","FUENTE":"DGEM","LESIONADOS":0,"FALLECIDOS":0,"LONGITUD":-99.1596846504,"LATITUD":19.4316277384}},{"type":"Feature","id":251,"geometry":{"type":"Point","coordinates":[-99.17806407192947,19.47001877227676]},"properties":{"FID":251,"OBJECTID":3542,"FECHA":1503446400000,"FOLIO":7401,"HORA":"S\/D","FENOMENO":"SOCIO ORGANIZATIVO","TAXONOM\u00cdA":"CONCENTRACIONES MASIVAS DE POBLACION","GRUPO":"NO APLICA","INCIDENTE":"SIMULACRO","CAUSAS":"PREVENCION","CALLE_Y_NU":"NORTE 79-A ESQ. No. 284 ESQ. CALZADA CAMARONES","COLONIA":"CLAVERIA","DELEGACION":"AZCAPOTZALCO","ATENDIO":"HCB, UPC, SSP","ATENDIO_DG":"S.-6, HUMBERTO RIVERA Y VICTOR SANCHEZ NU\u00d1EZ","FUENTE":"DGEM","LESIONADOS":0,"FALLECIDOS":0,"LONGITUD":-99.1780640719,"LATITUD":19.4700187723}},{"type":"Feature","id":252,"geometry":{"type":"Point","coordinates":[-99.1139435530434,19.40829186100218]},"properties":{"FID":252,"OBJECTID":3543,"FECHA":1503446400000,"FOLIO":7402,"HORA":"S\/D","FENOMENO":"SOCIO ORGANIZATIVO","TAXONOM\u00cdA":"CONCENTRACIONES MASIVAS DE POBLACION","GRUPO":"NO APLICA","INCIDENTE":"SIMULACRO","CAUSAS":"PREVENCION","CALLE_Y_NU":"EJE 3 SUR (MORELOS) No. 550 ESQ. FRANCISCO DEL PASO Y TRONCOSO","COLONIA":"MAGDALENA MIXHUCA","DELEGACION":"VENUSTIANO CARRANZA","ATENDIO":"UPC, SSP","ATENDIO_DG":" ","FUENTE":"DGEM","LESIONADOS":0,"FALLECIDOS":0,"LONGITUD":-99.113943553,"LATITUD":19.408291861}},{"type":"Feature","id":253,"geometry":{"type":"Point","coordinates":[-99.107521224375,19.346101060771055]},"properties":{"FID":253,"OBJECTID":3544,"FECHA":1503446400000,"FOLIO":7403,"HORA":"S\/D","FENOMENO":"SOCIO ORGANIZATIVO","TAXONOM\u00cdA":"CONCENTRACIONES MASIVAS DE POBLACION","GRUPO":"NO APLICA","INCIDENTE":"SIMULACRO","CAUSAS":"PREVENCION","CALLE_Y_NU":"AV. TLAHUAC No. 331 ESQ. CUITLAHUAC","COLONIA":"LOS REYES CULHUACA","DELEGACION":"IZTAPALAPA","ATENDIO":"UPC, SSP","ATENDIO_DG":"S.-28","FUENTE":"DGEM","LESIONADOS":0,"FALLECIDOS":0,"LONGITUD":-99.1075212244,"LATITUD":19.3461010608}},{"type":"Feature","id":254,"geometry":{"type":"Point","coordinates":[-99.08088843632997,19.379796928168727]},"properties":{"FID":254,"OBJECTID":3545,"FECHA":1503446400000,"FOLIO":7404,"HORA":"S\/D","FENOMENO":"SOCIO ORGANIZATIVO","TAXONOM\u00cdA":"CONCENTRACIONES MASIVAS DE POBLACION","GRUPO":"NO APLICA","INCIDENTE":"SIMULACRO","CAUSAS":"PREVENCION","CALLE_Y_NU":"TIANGUIS No. 16 ESQ. EJE 5 SUR","COLONIA":"AREA FEDERAL CENTRAL DE ABASTO","DELEGACION":"IZTAPALAPA","ATENDIO":"SSP","ATENDIO_DG":"S.-27","FUENTE":"DGEM","LESIONADOS":0,"FALLECIDOS":0,"LONGITUD":-99.0808884363,"LATITUD":19.3797969282}},{"type":"Feature","id":255,"geometry":{"type":"Point","coordinates":[-99.2333554788272,19.31571743459499]},"properties":{"FID":255,"OBJECTID":3546,"FECHA":1503446400000,"FOLIO":7405,"HORA":"S\/D","FENOMENO":"SOCIO ORGANIZATIVO","TAXONOM\u00cdA":"CONCENTRACIONES MASIVAS DE POBLACION","GRUPO":"NO APLICA","INCIDENTE":"SIMULACRO","CAUSAS":"PREVENCION","CALLE_Y_NU":"AV. LUIS CABREA No. 480 ESQ. PRESA","COLONIA":"BARRIO SAN FRANCISCO","DELEGACION":"MAGDALENA CONTRERAS","ATENDIO":"SSP","ATENDIO_DG":"S.-11","FUENTE":"DGEM","LESIONADOS":0,"FALLECIDOS":0,"LONGITUD":-99.2333554788,"LATITUD":19.3157174346}},{"type":"Feature","id":256,"geometry":{"type":"Point","coordinates":[-99.18333452049053,19.403309801487637]},"properties":{"FID":256,"OBJECTID":3547,"FECHA":1503446400000,"FOLIO":7406,"HORA":"S\/D","FENOMENO":"SOCIO ORGANIZATIVO","TAXONOM\u00cdA":"CONCENTRACIONES MASIVAS DE POBLACION","GRUPO":"NO APLICA","INCIDENTE":"SIMULACRO","CAUSAS":"PREVENCION","CALLE_Y_NU":"JOSE MARTI ESQ. CARLOS B ZETINA","COLONIA":"ESCANDON","DELEGACION":"MIGUEL HIDALGO","ATENDIO":"SSP","ATENDIO_DG":"S.-19","FUENTE":"DGEM","LESIONADOS":0,"FALLECIDOS":0,"LONGITUD":-99.1833345205,"LATITUD":19.4033098015}},{"type":"Feature","id":257,"geometry":{"type":"Point","coordinates":[-99.13825474708023,19.323017051281205]},"properties":{"FID":257,"OBJECTID":3548,"FECHA":1503446400000,"FOLIO":7407,"HORA":"S\/D","FENOMENO":"SOCIO ORGANIZATIVO","TAXONOM\u00cdA":"CONCENTRACIONES MASIVAS DE POBLACION","GRUPO":"NO APLICA","INCIDENTE":"SIMULACRO","CAUSAS":"PREVENCION","CALLE_Y_NU":"CALZADA  DE TLALPAN No. 2803 ESQ. VICENTE VILLADA","COLONIA":"SAN PABLO TEPETLAPA","DELEGACION":"COYOACAN","ATENDIO":"SSP","ATENDIO_DG":"PAULINO MANCILLA CAMPOS","FUENTE":"DGEM","LESIONADOS":0,"FALLECIDOS":0,"LONGITUD":-99.1382547471,"LATITUD":19.3230170513}},{"type":"Feature","id":258,"geometry":{"type":"Point","coordinates":[-99.12854918331205,19.41381292109638]},"properties":{"FID":258,"OBJECTID":3549,"FECHA":1503446400000,"FOLIO":7408,"HORA":"S\/D","FENOMENO":"SOCIO ORGANIZATIVO","TAXONOM\u00cdA":"CONCENTRACIONES MASIVAS DE POBLACION","GRUPO":"NO APLICA","INCIDENTE":"SIMULACRO","CAUSAS":"PREVENCION","CALLE_Y_NU":"EJE 2 ORIENTE (CALZADA  DE LA VIGA) No. 2803 ESQ. AV. DEL TALLER","COLONIA":"TRANSITO","DELEGACION":"CUAUHTEMOC","ATENDIO":"SSP","ATENDIO_DG":"REGIONAL CENTRO","FUENTE":"DGEM","LESIONADOS":0,"FALLECIDOS":0,"LONGITUD":-99.1285491833,"LATITUD":19.4138129211}},{"type":"Feature","id":259,"geometry":{"type":"Point","coordinates":[-99.14541845744856,19.3500602156096]},"properties":{"FID":259,"OBJECTID":3550,"FECHA":1503446400000,"FOLIO":7409,"HORA":"S\/D","FENOMENO":"SOCIO ORGANIZATIVO","TAXONOM\u00cdA":"CONCENTRACIONES MASIVAS DE POBLACION","GRUPO":"NO APLICA","INCIDENTE":"SIMULACRO","CAUSAS":"PREVENCION","CALLE_Y_NU":"CALZADA DE TLALPAN No. 1882 ESQ. NADADORES","COLONIA":"COUNTRY CLUB","DELEGACION":"COYOACAN","ATENDIO":"SSP","ATENDIO_DG":"NADIA CHAVEZ CARAVANTES","FUENTE":"DGEM","LESIONADOS":0,"FALLECIDOS":0,"LONGITUD":-99.1454184574,"LATITUD":19.3500602156}},{"type":"Feature","id":260,"geometry":{"type":"Point","coordinates":[-99.14481469053064,19.453257256889955]},"properties":{"FID":260,"OBJECTID":3551,"FECHA":1503446400000,"FOLIO":7410,"HORA":"S\/D","FENOMENO":"SOCIO ORGANIZATIVO","TAXONOM\u00cdA":"CONCENTRACIONES MASIVAS DE POBLACION","GRUPO":"NO APLICA","INCIDENTE":"SIMULACRO","CAUSAS":"PREVENCION","CALLE_Y_NU":"EJE 1 PONIENTE (GUERRERO) ESQ. RICARDO FLORES MAGON","COLONIA":"GUERRERO","DELEGACION":"CUAUHTEMOC","ATENDIO":"SSP","ATENDIO_DG":"ROSA VICTORIA CERVANTES","FUENTE":"DGEM","LESIONADOS":0,"FALLECIDOS":0,"LONGITUD":-99.1448146905,"LATITUD":19.4532572569}},{"type":"Feature","id":261,"geometry":{"type":"Point","coordinates":[-99.14745376635909,19.336963496337003]},"properties":{"FID":261,"OBJECTID":3552,"FECHA":1503446400000,"FOLIO":7411,"HORA":"S\/D","FENOMENO":"SOCIO ORGANIZATIVO","TAXONOM\u00cdA":"CONCENTRACIONES MASIVAS DE POBLACION","GRUPO":"NO APLICA","INCIDENTE":"SIMULACRO","CAUSAS":"PREVENCION","CALLE_Y_NU":"AV. DIVISION DEL NORTE No. 3101 ESQ. CANDELARIA","COLONIA":"EL ROSEDAL","DELEGACION":"COYOACAN","ATENDIO":"UPC, SSP","ATENDIO_DG":"S.-14","FUENTE":"DGEM","LESIONADOS":0,"FALLECIDOS":0,"LONGITUD":-99.1474537664,"LATITUD":19.3369634963}},{"type":"Feature","id":262,"geometry":{"type":"Point","coordinates":[-99.08021780099328,19.371573273670435]},"properties":{"FID":262,"OBJECTID":3553,"FECHA":1503446400000,"FOLIO":7412,"HORA":"S\/D","FENOMENO":"SOCIO ORGANIZATIVO","TAXONOM\u00cdA":"CONCENTRACIONES MASIVAS DE POBLACION","GRUPO":"NO APLICA","INCIDENTE":"SIMULACRO","CAUSAS":"PREVENCION","CALLE_Y_NU":"AV. JAVIER ROJO GOMEZ No. 482 ESQ. AV. JALISCO","COLONIA":"GUADALUPE DEL MORAL","DELEGACION":"IZTAPALAPA","ATENDIO":"UPC, SSP","ATENDIO_DG":"MARGARITA MARINES CERME\u00d1O","FUENTE":"DGEM","LESIONADOS":0,"FALLECIDOS":0,"LONGITUD":-99.080217801,"LATITUD":19.3715732737}},{"type":"Feature","id":263,"geometry":{"type":"Point","coordinates":[-99.20234188838477,19.34671630911962]},"properties":{"FID":263,"OBJECTID":3554,"FECHA":1503446400000,"FOLIO":7413,"HORA":"S\/D","FENOMENO":"SOCIO ORGANIZATIVO","TAXONOM\u00cdA":"CONCENTRACIONES MASIVAS DE POBLACION","GRUPO":"NO APLICA","INCIDENTE":"SIMULACRO","CAUSAS":"PREVENCION","CALLE_Y_NU":"BOULEVARD ADOLFO LOPEZ MATEOS No. 2491 ESQ. ALTAVISTA","COLONIA":"SAN ANGEL INN","DELEGACION":"ALVARO OBREGON","ATENDIO":"SSP","ATENDIO_DG":"GILBERTO GARCIA SANCHEZ","FUENTE":"DGEM","LESIONADOS":0,"FALLECIDOS":0,"LONGITUD":-99.2023418884,"LATITUD":19.3467163091}},{"type":"Feature","id":264,"geometry":{"type":"Point","coordinates":[-99.19285821633797,19.338005590774934]},"properties":{"FID":264,"OBJECTID":3555,"FECHA":1503446400000,"FOLIO":7414,"HORA":"S\/D","FENOMENO":"SOCIO ORGANIZATIVO","TAXONOM\u00cdA":"CONCENTRACIONES MASIVAS DE POBLACION","GRUPO":"NO APLICA","INCIDENTE":"SIMULACRO","CAUSAS":"PREVENCION","CALLE_Y_NU":"CERRADA DE CANOA No. 18 ESQ. AV. REVOLUCION","COLONIA":"LA OTRA BANDA","DELEGACION":"ALVARO OBREGON","ATENDIO":"SSP","ATENDIO_DG":"SOFIA JESSICA REYNA OROZCO","FUENTE":"DGEM","LESIONADOS":0,"FALLECIDOS":0,"LONGITUD":-99.1928582163,"LATITUD":19.3380055908}},{"type":"Feature","id":265,"geometry":{"type":"Point","coordinates":[-99.1005728466538,19.473268475489128]},"properties":{"FID":265,"OBJECTID":3556,"FECHA":1503446400000,"FOLIO":7416,"HORA":"S\/D","FENOMENO":"SOCIO ORGANIZATIVO","TAXONOM\u00cdA":"CONCENTRACIONES MASIVAS DE POBLACION","GRUPO":"NO APLICA","INCIDENTE":"SIMULACRO","CAUSAS":"PREVENCION","CALLE_Y_NU":"AV. ING. EDUARDO MOLINA ESQ. ORIENTE 171","COLONIA":"SAN JUAN DE ARAGON","DELEGACION":"GUSTAVO A. MADERO","ATENDIO":"SSP","ATENDIO_DG":"S.-7","FUENTE":"DGEM","LESIONADOS":0,"FALLECIDOS":0,"LONGITUD":-99.1005728467,"LATITUD":19.4732684755}},{"type":"Feature","id":266,"geometry":{"type":"Point","coordinates":[-99.07048984687121,19.314515516305992]},"properties":{"FID":266,"OBJECTID":3557,"FECHA":1503446400000,"FOLIO":7417,"HORA":"S\/D","FENOMENO":"SOCIO ORGANIZATIVO","TAXONOM\u00cdA":"CONCENTRACIONES MASIVAS DE POBLACION","GRUPO":"NO APLICA","INCIDENTE":"SIMULACRO","CAUSAS":"PREVENCION","CALLE_Y_NU":"CALZADA ERMITA IZTAPALAPA No. 3389 ESQ. AV. DE LAS PALMAS","COLONIA":"SANTA MARIA AZTAHUACAN","DELEGACION":"IZTAPALAPA","ATENDIO":"UPC, SSP","ATENDIO_DG":"S.-9","FUENTE":"DGEM","LESIONADOS":0,"FALLECIDOS":0,"LONGITUD":-99.0704898469,"LATITUD":19.3145155163}},{"type":"Feature","id":267,"geometry":{"type":"Point","coordinates":[-99.07048984687121,19.314515516305992]},"properties":{"FID":267,"OBJECTID":3558,"FECHA":1503446400000,"FOLIO":7418,"HORA":"S\/D","FENOMENO":"SOCIO ORGANIZATIVO","TAXONOM\u00cdA":"CONCENTRACIONES MASIVAS DE POBLACION","GRUPO":"NO APLICA","INCIDENTE":"SIMULACRO","CAUSAS":"PREVENCION","CALLE_Y_NU":"AV. TLAHUAC No. 1742 ESQ. AV. JOSE CLEMENTE OROZCO","COLONIA":"SAN LORENZO TEZONCO","DELEGACION":"IZTAPALAPA","ATENDIO":"UPC, SSP","ATENDIO_DG":"S.-13","FUENTE":"DGEM","LESIONADOS":0,"FALLECIDOS":0,"LONGITUD":-99.0704898469,"LATITUD":19.3145155163}},{"type":"Feature","id":268,"geometry":{"type":"Point","coordinates":[-99.21731655991125,19.323672010622502]},"properties":{"FID":268,"OBJECTID":3559,"FECHA":1503446400000,"FOLIO":7419,"HORA":"S\/D","FENOMENO":"SOCIO ORGANIZATIVO","TAXONOM\u00cdA":"CONCENTRACIONES MASIVAS DE POBLACION","GRUPO":"NO APLICA","INCIDENTE":"SIMULACRO","CAUSAS":"PREVENCION","CALLE_Y_NU":"PERIFERICO SUR No. 3352 ESQ. BOULEVARD DE LA LUZ","COLONIA":"JARDINES DEL PEDREGAL","DELEGACION":"ALVARO OBREGON","ATENDIO":"UPC, SSP","ATENDIO_DG":"INGRID MARIA SOTO BANDA","FUENTE":"DGEM","LESIONADOS":0,"FALLECIDOS":0,"LONGITUD":-99.2173165599,"LATITUD":19.3236720106}},{"type":"Feature","id":269,"geometry":{"type":"Point","coordinates":[-99.1460414749643,19.450762001221175]},"properties":{"FID":269,"OBJECTID":3560,"FECHA":1503446400000,"FOLIO":7420,"HORA":"S\/D","FENOMENO":"SOCIO ORGANIZATIVO","TAXONOM\u00cdA":"CONCENTRACIONES MASIVAS DE POBLACION","GRUPO":"NO APLICA","INCIDENTE":"SIMULACRO","CAUSAS":"PREVENCION","CALLE_Y_NU":"MARTE No. 115 ESQ. EJE 1 PONIENTE (GUERRERO)","COLONIA":"GUERRERO","DELEGACION":"CUAUHTEMOC","ATENDIO":"UPC, SSP","ATENDIO_DG":"S.-20","FUENTE":"DGEM","LESIONADOS":0,"FALLECIDOS":0,"LONGITUD":-99.146041475,"LATITUD":19.4507620012}},{"type":"Feature","id":270,"geometry":{"type":"Point","coordinates":[-99.20420254795283,19.365276828302633]},"properties":{"FID":270,"OBJECTID":3561,"FECHA":1503446400000,"FOLIO":7421,"HORA":"S\/D","FENOMENO":"SOCIO ORGANIZATIVO","TAXONOM\u00cdA":"CONCENTRACIONES MASIVAS DE POBLACION","GRUPO":"NO APLICA","INCIDENTE":"SIMULACRO","CAUSAS":"PREVENCION","CALLE_Y_NU":"CALLE 5 DE MAYO No. 407 ESQ. GUADALUPE HIDALGO","COLONIA":"MERCED GOMEZ","DELEGACION":"ALVARO OBREGON","ATENDIO":"UPC, SSP","ATENDIO_DG":"S.-18","FUENTE":"DGEM","LESIONADOS":0,"FALLECIDOS":0,"LONGITUD":-99.204202548,"LATITUD":19.3652768283}},{"type":"Feature","id":271,"geometry":{"type":"Point","coordinates":[-99.15716035026593,19.36227794362574]},"properties":{"FID":271,"OBJECTID":3562,"FECHA":1503446400000,"FOLIO":7422,"HORA":"S\/D","FENOMENO":"SOCIO ORGANIZATIVO","TAXONOM\u00cdA":"CONCENTRACIONES MASIVAS DE POBLACION","GRUPO":"NO APLICA","INCIDENTE":"SIMULACRO","CAUSAS":"PREVENCION","CALLE_Y_NU":"POPOCATEPETL No. 220 ESQ. BRUNO TRAVEN","COLONIA":"GENERAL ANAYA","DELEGACION":"BENITO JUAREZ","ATENDIO":"UPC, SSP","ATENDIO_DG":"LAURA NIETO RAMOS","FUENTE":"DGEM","LESIONADOS":0,"FALLECIDOS":0,"LONGITUD":-99.1571603503,"LATITUD":19.3622779436}},{"type":"Feature","id":272,"geometry":{"type":"Point","coordinates":[-99.17901802920298,19.462372368356895]},"properties":{"FID":272,"OBJECTID":3563,"FECHA":1503446400000,"FOLIO":7423,"HORA":"S\/D","FENOMENO":"SOCIO ORGANIZATIVO","TAXONOM\u00cdA":"CONCENTRACIONES MASIVAS DE POBLACION","GRUPO":"NO APLICA","INCIDENTE":"SIMULACRO","CAUSAS":"PREVENCION","CALLE_Y_NU":"EGIPTO No. 244 ESQ. NORTE 81","COLONIA":"PROHOGAR","DELEGACION":"AZCAPOTZALCO","ATENDIO":"UPC, SSP","ATENDIO_DG":"GERARDO TREJO CASTRO","FUENTE":"DGEM","LESIONADOS":0,"FALLECIDOS":0,"LONGITUD":-99.1790180292,"LATITUD":19.4623723684}},{"type":"Feature","id":273,"geometry":{"type":"Point","coordinates":[-99.17901802920298,19.462372368356895]},"properties":{"FID":273,"OBJECTID":3564,"FECHA":1503446400000,"FOLIO":7424,"HORA":"S\/D","FENOMENO":"SOCIO ORGANIZATIVO","TAXONOM\u00cdA":"CONCENTRACIONES MASIVAS DE POBLACION","GRUPO":"NO APLICA","INCIDENTE":"SIMULACRO","CAUSAS":"PREVENCION","CALLE_Y_NU":"VERACRUZ No. 91 ESQ. MORELOS","COLONIA":"CUAJIMALPA CENTRO","DELEGACION":"CUAJIMALPA","ATENDIO":"UPC, SSP","ATENDIO_DG":"MIGUEL ANGEL ARIAS MARTINEZ","FUENTE":"DGEM","LESIONADOS":0,"FALLECIDOS":0,"LONGITUD":-99.1790180292,"LATITUD":19.4623723684}},{"type":"Feature","id":274,"geometry":{"type":"Point","coordinates":[-99.05994645086784,19.377346885027386]},"properties":{"FID":274,"OBJECTID":3589,"FECHA":1503532800000,"FOLIO":7453,"HORA":"S\/D","FENOMENO":"SOCIO ORGANIZATIVO","TAXONOM\u00cdA":"CONCENTRACIONES MASIVAS DE POBLACION","GRUPO":"NO APLICA","INCIDENTE":"BLOQUEOS","CAUSAS":"POR DESALOJO","CALLE_Y_NU":"AV. PERIFERICO ORIENTE ESQ. EJE 5 SUR","COLONIA":"CHINAMPAC DE JUAREZ","DELEGACION":"IZTAPALAPA","ATENDIO":"UPC, SSP","ATENDIO_DG":"NO RELEVANTE","FUENTE":"DGEM","LESIONADOS":0,"FALLECIDOS":0,"LONGITUD":-99.0599464509,"LATITUD":19.377346885}},{"type":"Feature","id":275,"geometry":{"type":"Point","coordinates":[-99.13617110449884,19.40470684452796]},"properties":{"FID":275,"OBJECTID":3605,"FECHA":1503619200000,"FOLIO":7473,"HORA":"S\/D","FENOMENO":"SOCIO ORGANIZATIVO","TAXONOM\u00cdA":"CONCENTRACIONES MASIVAS DE POBLACION","GRUPO":"NO APLICA","INCIDENTE":"BLOQUEOS","CAUSAS":"EN DEMANDA DE MEJORAS PARA LA ESCUELA","CALLE_Y_NU":"CALZADA DE TLALPAN (SUR-NORTE) ESQ. TORIBIO MEDINA","COLONIA":"ASTURIAS","DELEGACION":"CUAUHTEMOC","ATENDIO":"UPC, SSP, ILIFEDF","ATENDIO_DG":"REGIONAL CENTRO (TIEMPO DE RESPUESTA 04 MIN.)","FUENTE":"SSP","LESIONADOS":0,"FALLECIDOS":0,"LONGITUD":-99.1361711045,"LATITUD":19.4047068445}},{"type":"Feature","id":276,"geometry":{"type":"Point","coordinates":[-99.19493057313905,19.42343270083003]},"properties":{"FID":276,"OBJECTID":3627,"FECHA":1503705600000,"FOLIO":7499,"HORA":"S\/D","FENOMENO":"SOCIO ORGANIZATIVO","TAXONOM\u00cdA":"CONCENTRACIONES MASIVAS DE POBLACION","GRUPO":"NO APLICA","INCIDENTE":"MANIFESTACION O MITIN","CAUSAS":"APOYO A LOS TRABAJADORES EN VENEZUELA","CALLE_Y_NU":"PASEO DE LA REFORMA ESQ. SIMON BOLIVAR","COLONIA":"BOSQUE DE CHAPULTEPEC SECCION 1, 2 Y 3","DELEGACION":"MIGUEL HIDALGO","ATENDIO":"SSP","ATENDIO_DG":"NO RELEVANTE","FUENTE":"C5","LESIONADOS":0,"FALLECIDOS":0,"LONGITUD":-99.1949305731,"LATITUD":19.4234327008}},{"type":"Feature","id":277,"geometry":{"type":"Point","coordinates":[-99.14841535057555,19.241925651888945]},"properties":{"FID":277,"OBJECTID":3630,"FECHA":1503705600000,"FOLIO":7502,"HORA":"S\/D","FENOMENO":"SOCIO ORGANIZATIVO","TAXONOM\u00cdA":"CONCENTRACIONES MASIVAS DE POBLACION","GRUPO":"NO APLICA","INCIDENTE":"BLOQUEOS","CAUSAS":"FAMILIARES Y AMIGOS DE LOS 43","CALLE_Y_NU":"AUTOPISTA MEXICO-CUERNAVACA","COLONIA":"LOS CIPRESES","DELEGACION":"TLALPAN","ATENDIO":"SSP","ATENDIO_DG":"NO RELEVANTE","FUENTE":"DGEM","LESIONADOS":0,"FALLECIDOS":0,"LONGITUD":-99.1484153506,"LATITUD":19.2419256519}},{"type":"Feature","id":278,"geometry":{"type":"Point","coordinates":[-99.16211226263496,19.430098294426205]},"properties":{"FID":278,"OBJECTID":3635,"FECHA":1503705600000,"FOLIO":7511,"HORA":"S\/D","FENOMENO":"SOCIO ORGANIZATIVO","TAXONOM\u00cdA":"CONCENTRACIONES MASIVAS DE POBLACION","GRUPO":"NO APLICA","INCIDENTE":"MANIFESTACION O MITIN","CAUSAS":"CON MOTIVO DE LOS 36 MESES DE LA DESAPARICION DE LOS 43 ESTUDIANTES","CALLE_Y_NU":"PASEO DE LA REFORMA No. 211 ESQ. RIO GUADIANA","COLONIA":"CUAUHTEMOC","DELEGACION":"CUAUHTEMOC","ATENDIO":"SSP","ATENDIO_DG":"NO RELEVANTE","FUENTE":"C5","LESIONADOS":0,"FALLECIDOS":0,"LONGITUD":-99.1621122626,"LATITUD":19.4300982944}},{"type":"Feature","id":279,"geometry":{"type":"Point","coordinates":[-99.13322221022872,19.4326070341923]},"properties":{"FID":279,"OBJECTID":3644,"FECHA":1503792000000,"FOLIO":7519,"HORA":"S\/D","FENOMENO":"SOCIO ORGANIZATIVO","TAXONOM\u00cdA":"CONCENTRACIONES MASIVAS DE POBLACION","GRUPO":"NO APLICA","INCIDENTE":"EVENTO MASIVO","CAUSAS":"XXXV MARATON CDMX","CALLE_Y_NU":"PLAZA DE LA CONSTITUCION ESQ. 20 DE NOVIEMBRE","COLONIA":"CENTRO","DELEGACION":"CUAUHTEMOC","ATENDIO":"SEDEMA, SEDESA, ERUM, CRUZ ROJA, UPC, UM-S PRIVADAS, IDDF","ATENDIO_DG":"GAMMA, FENIX, PERSONAL OPERATIVO Y ADMINISTRATIVO","FUENTE":"DGEM","LESIONADOS":0,"FALLECIDOS":0,"LONGITUD":-99.1332222102,"LATITUD":19.4326070342}},{"type":"Feature","id":280,"geometry":{"type":"Point","coordinates":[-99.14684891476453,19.437539889292758]},"properties":{"FID":280,"OBJECTID":3662,"FECHA":1503878400000,"FOLIO":7545,"HORA":"S\/D","FENOMENO":"SOCIO ORGANIZATIVO","TAXONOM\u00cdA":"CONCENTRACIONES MASIVAS DE POBLACION","GRUPO":"NO APLICA","INCIDENTE":"FIESTAS RELIGIOSAS Y\/O PATRONALES","CAUSAS":"CELEBRACION MENSUAL DE SAN JUDAS TADEO","CALLE_Y_NU":"PUENTE DE ALVARADO ESQ. AV. PASEO DE LA REFORMA","COLONIA":"TABACALERA","DELEGACION":"CUAUHTEMOC","ATENDIO":"UPC, SSP","ATENDIO_DG":"S.-23 Y S.-26","FUENTE":"DGEM","LESIONADOS":1,"FALLECIDOS":0,"LONGITUD":-99.1468489148,"LATITUD":19.4375398893}},{"type":"Feature","id":281,"geometry":{"type":"Point","coordinates":[-99.15767685605319,19.50286972807691]},"properties":{"FID":281,"OBJECTID":3706,"FECHA":1504051200000,"FOLIO":7620,"HORA":"S\/D","FENOMENO":"SOCIO ORGANIZATIVO","TAXONOM\u00cdA":"CONCENTRACIONES MASIVAS DE POBLACION","GRUPO":"NO APLICA","INCIDENTE":"SIMULACRO","CAUSAS":"PREVENCION","CALLE_Y_NU":"PONIENTE 152 ESQ. NORTE 45","COLONIA":"INDUSTRIAL VALLEJO","DELEGACION":"AZCAPOTZALCO","ATENDIO":"UPC, SSP, AGU, PEMEX, SOBSE, CFE","ATENDIO_DG":"S.-6 Y ARQ. VICTORIA CERVANTES","FUENTE":"DGEM","LESIONADOS":0,"FALLECIDOS":0,"LONGITUD":-99.1576768561,"LATITUD":19.5028697281}},{"type":"Feature","id":282,"geometry":{"type":"Point","coordinates":[-99.10196789475854,19.40321098951369]},"properties":{"FID":282,"OBJECTID":3707,"FECHA":1504051200000,"FOLIO":7623,"HORA":"S\/D","FENOMENO":"SOCIO ORGANIZATIVO","TAXONOM\u00cdA":"CONCENTRACIONES MASIVAS DE POBLACION","GRUPO":"NO APLICA","INCIDENTE":"SIMULACRO","CAUSAS":"PREVENCION","CALLE_Y_NU":"GOMA ESQ. A\u00d1IL","COLONIA":"GRANJAS MEXICO","DELEGACION":"IZTACALCO","ATENDIO":"UPC, SSP, AGU, PEMEX, SOBSE CFE","ATENDIO_DG":"S.-22","FUENTE":"DGEM","LESIONADOS":0,"FALLECIDOS":0,"LONGITUD":-99.1019678948,"LATITUD":19.4032109895}},{"type":"Feature","id":283,"geometry":{"type":"Point","coordinates":[-99.0782622741705,19.50362639344676]},"properties":{"FID":283,"OBJECTID":3721,"FECHA":1504137600000,"FOLIO":7682,"HORA":"S\/D","FENOMENO":"SOCIO ORGANIZATIVO","TAXONOM\u00cdA":"CONCENTRACIONES MASIVAS DE POBLACION","GRUPO":"NO APLICA","INCIDENTE":"BLOQUEOS","CAUSAS":"EN PROTESTA POR LA FALTA DE ATENCION A LAS AFECTACIONES POR LLUVIAS","CALLE_Y_NU":"PERIFERICO RIO DE LOS REMEDIOS ESQ. AV. GRAN CANAL","COLONIA":"NUEVA ATZACOALCO","DELEGACION":"GUSTAVO A. MADERO","ATENDIO":"S\/D","ATENDIO_DG":"NO RELEVANTE","FUENTE":"SSP","LESIONADOS":0,"FALLECIDOS":0,"LONGITUD":-99.0782622742,"LATITUD":19.5036263934}},{"type":"Feature","id":284,"geometry":{"type":"Point","coordinates":[-99.0484708240649,19.343180162934036]},"properties":{"FID":284,"OBJECTID":3760,"FECHA":1504310400000,"FOLIO":7740,"HORA":"S\/D","FENOMENO":"SOCIO ORGANIZATIVO","TAXONOM\u00cdA":"CONCENTRACIONES MASIVAS DE POBLACION","GRUPO":"NO APLICA","INCIDENTE":"EVENTO MASIVO","CAUSAS":"TU CIUDAD TE REQUIERE","CALLE_Y_NU":"CALLE 71 ESQ. ERMITA IZTAPALAPA","COLONIA":"SANTA CRUZ MEYEHUALCO","DELEGACION":"IZTAPALAPA","ATENDIO":"SSP, AGU","ATENDIO_DG":"OMEGA, S.-27, S.-13, DELTA 7 Y DELTA 15 (TIEMPO DE RESPUESTA 01 MIN.)","FUENTE":"DGEM","LESIONADOS":0,"FALLECIDOS":0,"LONGITUD":-99.0484708241,"LATITUD":19.3431801629}},{"type":"Feature","id":285,"geometry":{"type":"Point","coordinates":[-99.12343707492758,19.442744695598716]},"properties":{"FID":285,"OBJECTID":3764,"FECHA":1504310400000,"FOLIO":7746,"HORA":"S\/D","FENOMENO":"SOCIO ORGANIZATIVO","TAXONOM\u00cdA":"CONCENTRACIONES MASIVAS DE POBLACION","GRUPO":"NO APLICA","INCIDENTE":"BLOQUEOS","CAUSAS":"POR DE SUMINISTRO ELECTRICO","CALLE_Y_NU":"HEROE DE GRANADITAS ESQ. VIDAL ALCOCER","COLONIA":"CENTRO","DELEGACION":"CUAUHTEMOC","ATENDIO":"SSP","ATENDIO_DG":"NO RELEVANTE","FUENTE":"C5","LESIONADOS":0,"FALLECIDOS":0,"LONGITUD":-99.1234370749,"LATITUD":19.4427446956}},{"type":"Feature","id":286,"geometry":{"type":"Point","coordinates":[-99.10241448931012,19.29470853848952]},"properties":{"FID":286,"OBJECTID":3766,"FECHA":1504310400000,"FOLIO":7750,"HORA":"S\/D","FENOMENO":"SOCIO ORGANIZATIVO","TAXONOM\u00cdA":"CONCENTRACIONES MASIVAS DE POBLACION","GRUPO":"NO APLICA","INCIDENTE":"BLOQUEOS","CAUSAS":"QUE SE REALICE TRABAJOS DE MANTENIMIENTO PARA PREVENIR ENCHARCAMIENTOS","CALLE_Y_NU":"PERIFERICO ESQ. CANAL NACIONAL","COLONIA":"PARQUE ECOLOGICO XOCHIMILCO","DELEGACION":"XOCHIMILCO","ATENDIO":"SSP","ATENDIO_DG":"NO RELEVANTE","FUENTE":"C5","LESIONADOS":0,"FALLECIDOS":0,"LONGITUD":-99.1024144893,"LATITUD":19.2947085385}},{"type":"Feature","id":287,"geometry":{"type":"Point","coordinates":[-99.13326943508356,19.432109951288314]},"properties":{"FID":287,"OBJECTID":3944,"FECHA":1505433600000,"FOLIO":8524,"HORA":"S\/D","FENOMENO":"SOCIO ORGANIZATIVO","TAXONOM\u00cdA":"CONCENTRACIONES MASIVAS DE POBLACION","GRUPO":"NO APLICA","INCIDENTE":"EVENTO MASIVO","CAUSAS":"OPERATIVO GRITO DE INDEPENDENCIA","CALLE_Y_NU":"PLAZA DE LA CONSTITUCION","COLONIA":"CENTRO","DELEGACION":"CUAUHTEMOC","ATENDIO":"HCB, UPC, SSP, PBI, POLICIA FEDERAL","ATENDIO_DG":"GAMMA, FENIX Y PERSONAL OPERATIVO","FUENTE":"DGEM","LESIONADOS":35,"FALLECIDOS":0,"LONGITUD":-99.1332694351,"LATITUD":19.4321099513}},{"type":"Feature","id":288,"geometry":{"type":"Point","coordinates":[-99.15132581781064,19.333932817055178]},"properties":{"FID":288,"OBJECTID":3951,"FECHA":1505520000000,"FOLIO":8558,"HORA":"S\/D","FENOMENO":"SOCIO ORGANIZATIVO","TAXONOM\u00cdA":"CONCENTRACIONES MASIVAS DE POBLACION","GRUPO":"NO APLICA","INCIDENTE":"MANIFESTACION O MITIN","CAUSAS":"EN CONTRA DE UN DESARROLLO DE VIVIENDA","CALLE_Y_NU":"AV. AZTECAS No. 215  ESQ. MONSERRAT Y PROLONGACION SANTA TERESA","COLONIA":"LOS REYES","DELEGACION":"COYOACAN","ATENDIO":"UPC, SSP","ATENDIO_DG":"NO RELEVANTE","FUENTE":"DGEM","LESIONADOS":0,"FALLECIDOS":0,"LONGITUD":-99.1513258178,"LATITUD":19.3339328171}},{"type":"Feature","id":289,"geometry":{"type":"Point","coordinates":[-99.13532687044456,19.431882498196117]},"properties":{"FID":289,"OBJECTID":3962,"FECHA":1505606400000,"FOLIO":8575,"HORA":"S\/D","FENOMENO":"SOCIO ORGANIZATIVO","TAXONOM\u00cdA":"CONCENTRACIONES MASIVAS DE POBLACION","GRUPO":"NO APLICA","INCIDENTE":"MANIFESTACION O MITIN","CAUSAS":"YO SOY MARA","CALLE_Y_NU":"PLAZA DE LA CONSTITUCION ESQ. 20 NOVIEMBRE","COLONIA":"CENTRO","DELEGACION":"CUAUHTEMOC","ATENDIO":"SSP","ATENDIO_DG":"NO RELEVANTE","FUENTE":"C5","LESIONADOS":0,"FALLECIDOS":0,"LONGITUD":-99.1353268704,"LATITUD":19.4318824982}},{"type":"Feature","id":290,"geometry":{"type":"Point","coordinates":[-99.140979733231,19.425398493613596]},"properties":{"FID":290,"OBJECTID":3996,"FECHA":1506038400000,"FOLIO":8924,"HORA":"S\/D","FENOMENO":"SOCIO ORGANIZATIVO","TAXONOM\u00cdA":"CONCENTRACIONES MASIVAS DE POBLACION","GRUPO":"NO APLICA","INCIDENTE":"BLOQUEOS","CAUSAS":"REVISION DE DOS INMUEBLES","CALLE_Y_NU":"EJE CENTRAL (LAZARO CARDENAS) ESQ. FRAY SERVANDO TERESA DE MIER","COLONIA":"DOCTORES","DELEGACION":"CUAUHTEMOC","ATENDIO":"SSP, HCB, UPCD","ATENDIO_DG":"REGIONAL CENTRO, S.-26","FUENTE":"C5","LESIONADOS":0,"FALLECIDOS":0,"LONGITUD":-99.1409797332,"LATITUD":19.4253984936}},{"type":"Feature","id":291,"geometry":{"type":"Point","coordinates":[-99.15855057507305,19.44094611539378]},"properties":{"FID":291,"OBJECTID":4002,"FECHA":1506124800000,"FOLIO":8966,"HORA":"S\/D","FENOMENO":"SOCIO ORGANIZATIVO","TAXONOM\u00cdA":"CONCENTRACIONES MASIVAS DE POBLACION","GRUPO":"NO APLICA","INCIDENTE":"BLOQUEOS","CAUSAS":"SOLICITUD DE REVISION DE INMUEBLE","CALLE_Y_NU":"SERAPIO RENDON ESQ. RIVERA DE SAN COSME","COLONIA":"SAN RAFAEL","DELEGACION":"CUAUHTEMOC","ATENDIO":"SSP, UPCD, DGOD, GOBIERNO DE LA CDMX","ATENDIO_DG":"NO RELEVANTE","FUENTE":"C5","LESIONADOS":0,"FALLECIDOS":0,"LONGITUD":-99.1585505751,"LATITUD":19.4409461154}},{"type":"Feature","id":292,"geometry":{"type":"Point","coordinates":[-99.08420042414765,19.32018517054648]},"properties":{"FID":292,"OBJECTID":4019,"FECHA":1506384000000,"FOLIO":9059,"HORA":"S\/D","FENOMENO":"SOCIO ORGANIZATIVO","TAXONOM\u00cdA":"CONCENTRACIONES MASIVAS DE POBLACION","GRUPO":"NO APLICA","INCIDENTE":"BLOQUEOS","CAUSAS":"FALTA DE AGUA POTABLE","CALLE_Y_NU":"AV. TLAHUAC ESQ. AV. 11","COLONIA":"LOMAS ESTRELLA","DELEGACION":"IZTAPALAPA","ATENDIO":"UPC, SSP, SACMEX","ATENDIO_DG":"NO RELEVANTE","FUENTE":"SIN FUENTE","LESIONADOS":0,"FALLECIDOS":0,"LONGITUD":-99.0842004241,"LATITUD":19.3201851705}},{"type":"Feature","id":293,"geometry":{"type":"Point","coordinates":[-99.14684891476453,19.437539889292758]},"properties":{"FID":293,"OBJECTID":4043,"FECHA":1506556800000,"FOLIO":9219,"HORA":"S\/D","FENOMENO":"SOCIO ORGANIZATIVO","TAXONOM\u00cdA":"CONCENTRACIONES MASIVAS DE POBLACION","GRUPO":"NO APLICA","INCIDENTE":"FIESTAS RELIGIOSAS Y\/O PATRONALES","CAUSAS":"SIN CAUSA","CALLE_Y_NU":"PUENTE DE ALVARADO ESQ. AV. PASEO DE LA REFORMA","COLONIA":"TABACALERA","DELEGACION":"CUAUHTEMOC","ATENDIO":"UPC, SSP","ATENDIO_DG":"NO RELEVANTE","FUENTE":"DGEM","LESIONADOS":0,"FALLECIDOS":0,"LONGITUD":-99.1468489148,"LATITUD":19.4375398893}},{"type":"Feature","id":294,"geometry":{"type":"Point","coordinates":[-99.08657575456427,19.43773228250702]},"properties":{"FID":294,"OBJECTID":4064,"FECHA":1506729600000,"FOLIO":9350,"HORA":"S\/D","FENOMENO":"SOCIO ORGANIZATIVO","TAXONOM\u00cdA":"CONCENTRACIONES MASIVAS DE POBLACION","GRUPO":"NO APLICA","INCIDENTE":"BLOQUEOS","CAUSAS":"SIN CAUSA","CALLE_Y_NU":"ORIENTE 37 ESQ. RIO CONSULADO","COLONIA":"PE\u00d1ON DE LOS BA\u00d1OS","DELEGACION":"VENUSTIANO CARRANZA","ATENDIO":"SSP, UPCD, SACMEX","ATENDIO_DG":"NO RELEVANTE","FUENTE":"C5","LESIONADOS":0,"FALLECIDOS":0,"LONGITUD":-99.0865757546,"LATITUD":19.4377322825}},{"type":"Feature","id":295,"geometry":{"type":"Point","coordinates":[-99.1368189467856,19.450434814928204]},"properties":{"FID":295,"OBJECTID":4085,"FECHA":1506902400000,"FOLIO":9411,"HORA":"S\/D","FENOMENO":"SOCIO ORGANIZATIVO","TAXONOM\u00cdA":"CONCENTRACIONES MASIVAS DE POBLACION","GRUPO":"NO APLICA","INCIDENTE":"MANIFESTACION O MITIN","CAUSAS":"MARCHA Y MITIN DEL 2 DE OCTUBRE","CALLE_Y_NU":"EJE CENTRAL LAZARO CARDENAS ESQ. MANUEL GONZALEZ Y RICARDO FLORES MAGON","COLONIA":"TLATELOLCO","DELEGACION":"CUAUHTEMOC","ATENDIO":"SSP","ATENDIO_DG":"REGIONAL CENTRO, S.-20, S.-26","FUENTE":"DGEM","LESIONADOS":0,"FALLECIDOS":0,"LONGITUD":-99.1368189468,"LATITUD":19.4504348149}},{"type":"Feature","id":296,"geometry":{"type":"Point","coordinates":[-99.1553826962198,19.425603634080883]},"properties":{"FID":296,"OBJECTID":4105,"FECHA":1506988800000,"FOLIO":9434,"HORA":"S\/D","FENOMENO":"SOCIO ORGANIZATIVO","TAXONOM\u00cdA":"CONCENTRACIONES MASIVAS DE POBLACION","GRUPO":"NO APLICA","INCIDENTE":"BLOQUEOS","CAUSAS":"SOLICITAR LA REVISION Y DICTAMEN DE LA ESCUELA","CALLE_Y_NU":"AV. CHAPULTEPEC ESQ. ABRAHAM GONZALEZ","COLONIA":"JUAREZ","DELEGACION":"CUAUHTEMOC","ATENDIO":"DGP, SSP","ATENDIO_DG":"S.-26","FUENTE":"SSP","LESIONADOS":0,"FALLECIDOS":0,"LONGITUD":-99.1553826962,"LATITUD":19.4256036341}},{"type":"Feature","id":297,"geometry":{"type":"Point","coordinates":[-99.16621192320694,19.367909179304753]},"properties":{"FID":297,"OBJECTID":4121,"FECHA":1507075200000,"FOLIO":9501,"HORA":"S\/D","FENOMENO":"SOCIO ORGANIZATIVO","TAXONOM\u00cdA":"CONCENTRACIONES MASIVAS DE POBLACION","GRUPO":"NO APLICA","INCIDENTE":"BLOQUEOS","CAUSAS":"EN PROTESTA PORQUE NO ALCANZARON FICHA PARA SER ATENDIDOS","CALLE_Y_NU":"AV. UNIVERSIDAD ESQ. PARROQUIA","COLONIA":"SANTA CRUZ ATOYAC","DELEGACION":"BENITO JUAREZ","ATENDIO":"DGP, SSP","ATENDIO_DG":"S.-23","FUENTE":"SSP","LESIONADOS":0,"FALLECIDOS":0,"LONGITUD":-99.1662119232,"LATITUD":19.3679091793}},{"type":"Feature","id":298,"geometry":{"type":"Point","coordinates":[-99.13302212618764,19.432561994717496]},"properties":{"FID":298,"OBJECTID":4182,"FECHA":1507420800000,"FOLIO":9777,"HORA":"S\/D","FENOMENO":"SOCIO ORGANIZATIVO","TAXONOM\u00cdA":"CONCENTRACIONES MASIVAS DE POBLACION","GRUPO":"NO APLICA","INCIDENTE":"EVENTO MASIVO","CAUSAS":"CONCIERTO \u201cESTAMOS UNIDOS MEXICANOS\u201d","CALLE_Y_NU":"PLAZA DE LA CONSTITUCION ESQ. JOSE MARIA PINO SUAREZ Y 5 DE FEBRERO","COLONIA":"CENTRO","DELEGACION":"CUAUHTEMOC","ATENDIO":"SSP","ATENDIO_DG":"SIPROR GAMMA, SIPROR FENIX, SIPROR OMEGA, S.-20, S.-17, S.-9, S.-7, S.-23 (TIEMPO DE RESPUESTA 01 MIN.)","FUENTE":"DGEM","LESIONADOS":0,"FALLECIDOS":0,"LONGITUD":-99.1330221262,"LATITUD":19.4325619947}},{"type":"Feature","id":299,"geometry":{"type":"Point","coordinates":[-99.16153999987108,19.255181462918845]},"properties":{"FID":299,"OBJECTID":4184,"FECHA":1507420800000,"FOLIO":9782,"HORA":"S\/D","FENOMENO":"SOCIO ORGANIZATIVO","TAXONOM\u00cdA":"CONCENTRACIONES MASIVAS DE POBLACION","GRUPO":"NO APLICA","INCIDENTE":"BLOQUEOS","CAUSAS":"SOLICITAN REVISION DE VIVIENDAS","CALLE_Y_NU":"AUTOPISTA MEXICO CUERNAVACA (CASETA) ESQ. CALZ. PRINCIPAL HEROICO COLEGIO MILITAR","COLONIA":"SAN ANDRES TOTOLTEPEC","DELEGACION":"TLALPAN","ATENDIO":"UPCD, SSP, CAPUFE, GOB. CENTRAL","ATENDIO_DG":"NO RELEVANTE","FUENTE":"C5","LESIONADOS":0,"FALLECIDOS":0,"LONGITUD":-99.1615399999,"LATITUD":19.2551814629}},{"type":"Feature","id":300,"geometry":{"type":"Point","coordinates":[-99.1467632264124,19.43759418199381]},"properties":{"FID":300,"OBJECTID":4211,"FECHA":1507507200000,"FOLIO":9791,"HORA":"S\/D","FENOMENO":"SOCIO ORGANIZATIVO","TAXONOM\u00cdA":"CONCENTRACIONES MASIVAS DE POBLACION","GRUPO":"NO APLICA","INCIDENTE":"BLOQUEOS","CAUSAS":"SOLICITUD DE DICTAMEN","CALLE_Y_NU":"PASEO DE LA REFORMA ESQ. AV. HIDALGO","COLONIA":"CENTRO","DELEGACION":"CUAUHTEMOC","ATENDIO":"SSP, UPC","ATENDIO_DG":"S.-26","FUENTE":"SSP","LESIONADOS":0,"FALLECIDOS":0,"LONGITUD":-99.1467632264,"LATITUD":19.437594182}},{"type":"Feature","id":301,"geometry":{"type":"Point","coordinates":[-99.14388646031091,19.42699580576896]},"properties":{"FID":301,"OBJECTID":4215,"FECHA":1507507200000,"FOLIO":9860,"HORA":"S\/D","FENOMENO":"SOCIO ORGANIZATIVO","TAXONOM\u00cdA":"CONCENTRACIONES MASIVAS DE POBLACION","GRUPO":"NO APLICA","INCIDENTE":"BLOQUEOS","CAUSAS":"PETICION DE LA VALORACION DE UN INMUEBLE","CALLE_Y_NU":"ARCOS DE BELEN ESQ. BUEN TONO","COLONIA":"CENTRO","DELEGACION":"CUAUHTEMOC","ATENDIO":"SSP, UPCD","ATENDIO_DG":"S.-20 (TIEMPO DE RESPUESTA 35 MIN.)","FUENTE":"C5","LESIONADOS":0,"FALLECIDOS":0,"LONGITUD":-99.1438864603,"LATITUD":19.4269958058}},{"type":"Feature","id":302,"geometry":{"type":"Point","coordinates":[-98.99969529785704,19.36138781030641]},"properties":{"FID":302,"OBJECTID":4292,"FECHA":1507939200000,"FOLIO":10199,"HORA":"S\/D","FENOMENO":"SOCIO ORGANIZATIVO","TAXONOM\u00cdA":"CONCENTRACIONES MASIVAS DE POBLACION","GRUPO":"NO APLICA","INCIDENTE":"EVENTO MASIVO","CAUSAS":"CARRERA PANAMERICANA 30 ANIVERSARIO","CALLE_Y_NU":"AGUACATILLO ESQ. CALZ. IGNACIO ZARAGOZA","COLONIA":"UH. ERMITA ZARAGOZA","DELEGACION":"IZTAPALAPA","ATENDIO":"SSP","ATENDIO_DG":"NO RELEVANTE","FUENTE":"C5","LESIONADOS":0,"FALLECIDOS":0,"LONGITUD":-98.9996952979,"LATITUD":19.3613878103}},{"type":"Feature","id":303,"geometry":{"type":"Point","coordinates":[-99.11519628980024,19.266106601718665]},"properties":{"FID":303,"OBJECTID":4303,"FECHA":1508025600000,"FOLIO":10232,"HORA":"S\/D","FENOMENO":"SOCIO ORGANIZATIVO","TAXONOM\u00cdA":"CONCENTRACIONES MASIVAS DE POBLACION","GRUPO":"NO APLICA","INCIDENTE":"BLOQUEOS","CAUSAS":"POR FALTA DE AGUA POTABLE","CALLE_Y_NU":"DIVISION DEL NORTE ESQ. GUADALUPE I. RAMIREZ","COLONIA":"AMPLIACION SAN MARCOS NORTE","DELEGACION":"XOCHIMILCO","ATENDIO":"UPC, SSP, SACMEX, GCDMX","ATENDIO_DG":"S.-12 (TIEMPO DE RESPUESTA 01 MIN.)","FUENTE":"DGEM","LESIONADOS":0,"FALLECIDOS":0,"LONGITUD":-99.1151962898,"LATITUD":19.2661066017}},{"type":"Feature","id":304,"geometry":{"type":"Point","coordinates":[-99.06262931517466,19.345643041709938]},"properties":{"FID":304,"OBJECTID":4315,"FECHA":1508112000000,"FOLIO":10258,"HORA":"S\/D","FENOMENO":"SOCIO ORGANIZATIVO","TAXONOM\u00cdA":"CONCENTRACIONES MASIVAS DE POBLACION","GRUPO":"NO APLICA","INCIDENTE":"MANIFESTACION O MITIN","CAUSAS":"FRENTE POPULAR FRANCISCO VILLA","CALLE_Y_NU":"EJE 8 SUR (CALZADA ERMITA IZTAPALAPA) ESQ. ANILLO PERIFERICO","COLONIA":"CONSTITUCION DE 1917","DELEGACION":"IZTAPALAPA","ATENDIO":"UPC, SSP","ATENDIO_DG":"S.-27","FUENTE":"SIN FUENTE","LESIONADOS":0,"FALLECIDOS":0,"LONGITUD":-99.0626293152,"LATITUD":19.3456430417}},{"type":"Feature","id":305,"geometry":{"type":"Point","coordinates":[-99.13321269890655,19.4326251156532]},"properties":{"FID":305,"OBJECTID":4412,"FECHA":1508544000000,"FOLIO":10644,"HORA":"S\/D","FENOMENO":"SOCIO ORGANIZATIVO","TAXONOM\u00cdA":"CONCENTRACIONES MASIVAS DE POBLACION","GRUPO":"NO APLICA","INCIDENTE":"EVENTO MASIVO","CAUSAS":"XI EDICION DE ALEBRIJES MONUMENTALES","CALLE_Y_NU":"PLAZA DE LA CONSTITUCION S\/N  ESQ. AV. 20 DE NOVIEMBRE","COLONIA":"CENTRO","DELEGACION":"CUAUHTEMOC","ATENDIO":"SSP","ATENDIO_DG":"NO RELEVANTE","FUENTE":"C5","LESIONADOS":0,"FALLECIDOS":0,"LONGITUD":-99.1332126989,"LATITUD":19.4326251157}},{"type":"Feature","id":306,"geometry":{"type":"Point","coordinates":[-99.167395415361,19.42646053209251]},"properties":{"FID":306,"OBJECTID":4413,"FECHA":1508544000000,"FOLIO":10645,"HORA":"S\/D","FENOMENO":"SOCIO ORGANIZATIVO","TAXONOM\u00cdA":"CONCENTRACIONES MASIVAS DE POBLACION","GRUPO":"NO APLICA","INCIDENTE":"MANIFESTACION O MITIN","CAUSAS":"QUE LA REPARTICION DE RECURSOS FUERA TRANSPARENTE POR DA\u00d1OS POR EL SISMO","CALLE_Y_NU":"PASEO DE LA REFORMA ESQ. FLORENCIA","COLONIA":"CUAUHTEMOC","DELEGACION":"CUAUHTEMOC","ATENDIO":"SSP, GCCDMX","ATENDIO_DG":"NO RELEVANTE","FUENTE":"C5","LESIONADOS":0,"FALLECIDOS":0,"LONGITUD":-99.1673954154,"LATITUD":19.4264605321}},{"type":"Feature","id":307,"geometry":{"type":"Point","coordinates":[-99.19020844023575,19.42559760578961]},"properties":{"FID":307,"OBJECTID":4432,"FECHA":1508630400000,"FOLIO":10664,"HORA":"S\/D","FENOMENO":"SOCIO ORGANIZATIVO","TAXONOM\u00cdA":"CONCENTRACIONES MASIVAS DE POBLACION","GRUPO":"NO APLICA","INCIDENTE":"EVENTO MASIVO","CAUSAS":"CARRERA DEPORTIVA ADIDAS","CALLE_Y_NU":"PASEO DE LA REFORMA ESQ. CALZ. MAHATMA GHANDI","COLONIA":"POLANCO","DELEGACION":"MIGUEL HIDALGO","ATENDIO":"SSP","ATENDIO_DG":"NO RELEVANTE","FUENTE":"C5","LESIONADOS":0,"FALLECIDOS":0,"LONGITUD":-99.1902084402,"LATITUD":19.4255976058}},{"type":"Feature","id":308,"geometry":{"type":"Point","coordinates":[-99.1672712854606,19.426171454941375]},"properties":{"FID":308,"OBJECTID":4438,"FECHA":1508630400000,"FOLIO":10681,"HORA":"S\/D","FENOMENO":"SOCIO ORGANIZATIVO","TAXONOM\u00cdA":"CONCENTRACIONES MASIVAS DE POBLACION","GRUPO":"NO APLICA","INCIDENTE":"EVENTO MASIVO","CAUSAS":"DESFILE DE CATRINAS","CALLE_Y_NU":"PASEO DE LA REFORMA ESQ. EJE 2 PONIENTE","COLONIA":"JUAREZ","DELEGACION":"CUAUHTEMOC","ATENDIO":"SSP","ATENDIO_DG":"NO RELEVANTE","FUENTE":"C5","LESIONADOS":0,"FALLECIDOS":0,"LONGITUD":-99.1672712855,"LATITUD":19.4261714549}},{"type":"Feature","id":309,"geometry":{"type":"Point","coordinates":[-99.16218217091368,19.471696523800244]},"properties":{"FID":309,"OBJECTID":4480,"FECHA":1508803200000,"FOLIO":10744,"HORA":"S\/D","FENOMENO":"SOCIO ORGANIZATIVO","TAXONOM\u00cdA":"CONCENTRACIONES MASIVAS DE POBLACION","GRUPO":"NO APLICA","INCIDENTE":"BLOQUEOS","CAUSAS":"SOLICITARON REUNION CON AUTORIDADES DELEGACIONALES","CALLE_Y_NU":"ALDAMA ESQ. TASMANIA","COLONIA":"AMPLIACION COSMOPOLITA","DELEGACION":"AZCAPOTZALCO","ATENDIO":"HCB, UPC, SSP, GAS NATURAL FENOSA","ATENDIO_DG":"S.-6 (TIEMPO DE RESPUESTA 24 MIN.)","FUENTE":"C5","LESIONADOS":0,"FALLECIDOS":0,"LONGITUD":-99.1621821709,"LATITUD":19.4716965238}},{"type":"Feature","id":310,"geometry":{"type":"Point","coordinates":[-99.14783866452501,19.436445580729274]},"properties":{"FID":310,"OBJECTID":4535,"FECHA":1509062400000,"FOLIO":10804,"HORA":"S\/D","FENOMENO":"SOCIO ORGANIZATIVO","TAXONOM\u00cdA":"CONCENTRACIONES MASIVAS DE POBLACION","GRUPO":"NO APLICA","INCIDENTE":"EVENTO MASIVO","CAUSAS":"FORMULA 1 GRAN PREMIO DE MEXICO","CALLE_Y_NU":"RIO CHURUBUSCO No. 22 ESQ. ATLETAS","COLONIA":"GRANJAS MEXICO","DELEGACION":"IZTACALCO","ATENDIO":"SSP, OCESA","ATENDIO_DG":"S.-7, S.-19, S.-23, DELTA-25, GERARDO GALINDO, JORGE VAZQUEZ Y GABRIEL RIVERA","FUENTE":"DGEM","LESIONADOS":0,"FALLECIDOS":0,"LONGITUD":-99.1478386645,"LATITUD":19.4364455807}},{"type":"Feature","id":311,"geometry":{"type":"Point","coordinates":[-99.18840028602972,19.369161825122518]},"properties":{"FID":311,"OBJECTID":4536,"FECHA":1509062400000,"FOLIO":10805,"HORA":"S\/D","FENOMENO":"SOCIO ORGANIZATIVO","TAXONOM\u00cdA":"CONCENTRACIONES MASIVAS DE POBLACION","GRUPO":"NO APLICA","INCIDENTE":"BLOQUEOS","CAUSAS":"EN DEMANDA DE LA PRONTA REPARACION DE LAS ESCUELAS","CALLE_Y_NU":"AV. REVOLUCION ESQ. MIGUEL CABRERA","COLONIA":"MIXCOAC","DELEGACION":"BENITO JUAREZ","ATENDIO":"UPC, SSP","ATENDIO_DG":"NO RELEVANTE","FUENTE":"C5","LESIONADOS":0,"FALLECIDOS":0,"LONGITUD":-99.188400286,"LATITUD":19.3691618251}},{"type":"Feature","id":312,"geometry":{"type":"Point","coordinates":[-99.14685896928455,19.43812730118414]},"properties":{"FID":312,"OBJECTID":4550,"FECHA":1509148800000,"FOLIO":10829,"HORA":"S\/D","FENOMENO":"SOCIO ORGANIZATIVO","TAXONOM\u00cdA":"CONCENTRACIONES MASIVAS DE POBLACION","GRUPO":"NO APLICA","INCIDENTE":"FIESTAS RELIGIOSAS Y\/O PATRONALES","CAUSAS":"CELEBRACION EN IGLESIA DE SAN HIPOLITO","CALLE_Y_NU":"ZARCO No. 12 ESQ. AV. PUENTE DE ALVARADO","COLONIA":"GUERRERO","DELEGACION":"CUAUHTEMOC","ATENDIO":"SSP","ATENDIO_DG":"S.-26","FUENTE":"C5","LESIONADOS":0,"FALLECIDOS":0,"LONGITUD":-99.1468589693,"LATITUD":19.4381273012}},{"type":"Feature","id":313,"geometry":{"type":"Point","coordinates":[-99.17581228019519,19.422882870090536]},"properties":{"FID":313,"OBJECTID":4558,"FECHA":1509148800000,"FOLIO":10845,"HORA":"S\/D","FENOMENO":"SOCIO ORGANIZATIVO","TAXONOM\u00cdA":"CONCENTRACIONES MASIVAS DE POBLACION","GRUPO":"NO APLICA","INCIDENTE":"EVENTO MASIVO","CAUSAS":"DESFILE DIA DE MUERTOS","CALLE_Y_NU":"LIEJA ESQ. PASEO DE LA REFORMA","COLONIA":"1ra.  SECCION DEL BOSQUE DE CHAPULTEPEC","DELEGACION":"MIGUEL HIDALGO","ATENDIO":"SSP, AGU, SSA-CDMX","ATENDIO_DG":"REGIONAL CENTRO, S.-20,  S.-7, S.-23, ING. VLADIMIR PEREZ, GERARDO GALINDO Y GABRIEL RIVERA","FUENTE":"DGEM","LESIONADOS":0,"FALLECIDOS":0,"LONGITUD":-99.1758122802,"LATITUD":19.4228828701}},{"type":"Feature","id":314,"geometry":{"type":"Point","coordinates":[-99.17169946799473,19.42497440673092]},"properties":{"FID":314,"OBJECTID":4567,"FECHA":1509235200000,"FOLIO":10857,"HORA":"S\/D","FENOMENO":"SOCIO ORGANIZATIVO","TAXONOM\u00cdA":"CONCENTRACIONES MASIVAS DE POBLACION","GRUPO":"NO APLICA","INCIDENTE":"EVENTO MASIVO","CAUSAS":"CARRERA-CAMINATA AVON 2017","CALLE_Y_NU":"AV. PASEO DE LA REFORMA ESQ. SEVILLA","COLONIA":"JUAREZ","DELEGACION":"CUAUHTEMOC","ATENDIO":"SSP","ATENDIO_DG":"NO RELEVANTE","FUENTE":"C5","LESIONADOS":0,"FALLECIDOS":0,"LONGITUD":-99.171699468,"LATITUD":19.4249744067}},{"type":"Feature","id":315,"geometry":{"type":"Point","coordinates":[-99.16174625039984,19.154693801388778]},"properties":{"FID":315,"OBJECTID":4596,"FECHA":1509408000000,"FOLIO":10896,"HORA":"S\/D","FENOMENO":"SOCIO ORGANIZATIVO","TAXONOM\u00cdA":"CONCENTRACIONES MASIVAS DE POBLACION","GRUPO":"NO APLICA","INCIDENTE":"SIMULACRO","CAUSAS":"QUEMA CONTROLADA","CALLE_Y_NU":"KM-47 DE LA CARRETERA FEDERAL MEXICO-CUERNAVACA","COLONIA":"SAN MIGUEL AJUSCO","DELEGACION":"TLALPAN","ATENDIO":"UPC, SSP, SECRETARIA DE SALUD","ATENDIO_DG":"S.-11, S.-23, JUAN VLADIMIR TOVAR, PAULINO MANCILLA Y GABRIEL RIVERA","FUENTE":"C5","LESIONADOS":0,"FALLECIDOS":0,"LONGITUD":-99.1617462504,"LATITUD":19.1546938014}},{"type":"Feature","id":316,"geometry":{"type":"Point","coordinates":[-99.15328674459028,19.43542889142897]},"properties":{"FID":316,"OBJECTID":4762,"FECHA":1509753600000,"FOLIO":11098,"HORA":"S\/D","FENOMENO":"SOCIO ORGANIZATIVO","TAXONOM\u00cdA":"CONCENTRACIONES MASIVAS DE POBLACION","GRUPO":"NO APLICA","INCIDENTE":"EVENTO MASIVO","CAUSAS":"MARCHA ZOMBIE  MEXICO 2017","CALLE_Y_NU":"PLAZA DE LA REPUBLICA  ESQ. LA FRAGUA","COLONIA":"TABACALERA","DELEGACION":"CUAUHTEMOC","ATENDIO":"SSP","ATENDIO_DG":"NO RELEVANTE","FUENTE":"C5","LESIONADOS":0,"FALLECIDOS":0,"LONGITUD":-99.1532867446,"LATITUD":19.4354288914}},{"type":"Feature","id":317,"geometry":{"type":"Point","coordinates":[-99.16722517363038,19.427653603975394]},"properties":{"FID":317,"OBJECTID":4764,"FECHA":1509753600000,"FOLIO":11101,"HORA":"S\/D","FENOMENO":"SOCIO ORGANIZATIVO","TAXONOM\u00cdA":"CONCENTRACIONES MASIVAS DE POBLACION","GRUPO":"NO APLICA","INCIDENTE":"EVENTO MASIVO","CAUSAS":"PASEO CICLISTA NOCTURNO","CALLE_Y_NU":"PASEO DE LA REFORMA ESQ. FLORENCIA","COLONIA":"JUAREZ","DELEGACION":"CUAUHTEMOC","ATENDIO":"S\/D","ATENDIO_DG":"S.-7, S.-19, S.-23 Y S.-34","FUENTE":"C5","LESIONADOS":0,"FALLECIDOS":0,"LONGITUD":-99.1672251736,"LATITUD":19.427653604}},{"type":"Feature","id":318,"geometry":{"type":"Point","coordinates":[-99.16740495030407,19.426469560537452]},"properties":{"FID":318,"OBJECTID":4772,"FECHA":1509840000000,"FOLIO":11109,"HORA":"S\/D","FENOMENO":"SOCIO ORGANIZATIVO","TAXONOM\u00cdA":"CONCENTRACIONES MASIVAS DE POBLACION","GRUPO":"NO APLICA","INCIDENTE":"EVENTO MASIVO","CAUSAS":"CARRERA DEPORTIVA \u201cCORRO POR MEXICO\"","CALLE_Y_NU":"PASEO DE LA REFORMA ESQ. FLORENCIA","COLONIA":"JUAREZ","DELEGACION":"CUAUHTEMOC","ATENDIO":"SSP","ATENDIO_DG":"NO RELEVANTE","FUENTE":"C5","LESIONADOS":0,"FALLECIDOS":0,"LONGITUD":-99.1674049503,"LATITUD":19.4264695605}},{"type":"Feature","id":319,"geometry":{"type":"Point","coordinates":[-99.09589134978394,19.484314476244457]},"properties":{"FID":319,"OBJECTID":4773,"FECHA":1509840000000,"FOLIO":11113,"HORA":"S\/D","FENOMENO":"SOCIO ORGANIZATIVO","TAXONOM\u00cdA":"CONCENTRACIONES MASIVAS DE POBLACION","GRUPO":"NO APLICA","INCIDENTE":"EVENTO MASIVO","CAUSAS":"GUANTES ROSAS DE GOLPE A LA LUCHA CONTRA EL CANCER BOX FEMENIL","CALLE_Y_NU":"EDUARDO MOLINA ESQ. MANUEL SABINO","COLONIA":"SALVADOR DIAZ MIRON","DELEGACION":"GUSTAVO A. MADERO","ATENDIO":"UPC","ATENDIO_DG":"S.-23 Y S.-31 (TIEMPO DE RESPUESTA 01 MIN.)","FUENTE":"DGEM","LESIONADOS":1,"FALLECIDOS":0,"LONGITUD":-99.0958913498,"LATITUD":19.4843144762}},{"type":"Feature","id":320,"geometry":{"type":"Point","coordinates":[-99.08151182179732,19.369476041878762]},"properties":{"FID":320,"OBJECTID":4794,"FECHA":1509926400000,"FOLIO":11135,"HORA":"S\/D","FENOMENO":"SOCIO ORGANIZATIVO","TAXONOM\u00cdA":"CONCENTRACIONES MASIVAS DE POBLACION","GRUPO":"NO APLICA","INCIDENTE":"BLOQUEOS","CAUSAS":"POR NO HABER REANUDADO LAS CLASES","CALLE_Y_NU":"AV. JAVIER ROJO GOMEZ No. 1149, ESQ. AV. JALISCO (EJE 6 SUR)","COLONIA":"BARRIO SAN PEDRO","DELEGACION":"IZTAPALAPA","ATENDIO":"SSP, SEP","ATENDIO_DG":"S.-25, S.-27 Y S.-30 (TIEMPO DE RESPUESTA 02 MIN.)","FUENTE":"C5","LESIONADOS":0,"FALLECIDOS":0,"LONGITUD":-99.0815118218,"LATITUD":19.3694760419}},{"type":"Feature","id":321,"geometry":{"type":"Point","coordinates":[-99.11886843738839,19.264459442730523]},"properties":{"FID":321,"OBJECTID":4795,"FECHA":1509926400000,"FOLIO":11136,"HORA":"S\/D","FENOMENO":"SOCIO ORGANIZATIVO","TAXONOM\u00cdA":"CONCENTRACIONES MASIVAS DE POBLACION","GRUPO":"NO APLICA","INCIDENTE":"BLOQUEOS","CAUSAS":"EN DEMANDA DE LA REVISION DEL PLANTEL","CALLE_Y_NU":"AV. MEXICO  ESQ. AV. 20 DE NOVIEMBRE","COLONIA":"HUICHAPAN","DELEGACION":"XOCHIMILCO","ATENDIO":"UPC, SSP","ATENDIO_DG":" ","FUENTE":"DGEM","LESIONADOS":0,"FALLECIDOS":0,"LONGITUD":-99.1188684374,"LATITUD":19.2644594427}},{"type":"Feature","id":322,"geometry":{"type":"Point","coordinates":[-99.08641838088872,19.356188916924253]},"properties":{"FID":322,"OBJECTID":4815,"FECHA":1510012800000,"FOLIO":11168,"HORA":"S\/D","FENOMENO":"SOCIO ORGANIZATIVO","TAXONOM\u00cdA":"CONCENTRACIONES MASIVAS DE POBLACION","GRUPO":"NO APLICA","INCIDENTE":"BLOQUEOS","CAUSAS":"EN PROTESTA POR NO HABER REINICIADO LAS CLASES","CALLE_Y_NU":"CALZADA ERMITA IZTAPALAPA ESQ. AV. JALISCO (EJE 6 SUR)","COLONIA":"PARAJE ZACATEPEC","DELEGACION":"IZTAPALAPA","ATENDIO":"UPC, SSP","ATENDIO_DG":"NO RELEVANTE","FUENTE":"REDES SOCIALES","LESIONADOS":0,"FALLECIDOS":0,"LONGITUD":-99.0864183809,"LATITUD":19.3561889169}},{"type":"Feature","id":323,"geometry":{"type":"Point","coordinates":[-99.2291393106049,19.357276275547324]},"properties":{"FID":323,"OBJECTID":4851,"FECHA":1510099200000,"FOLIO":11200,"HORA":"S\/D","FENOMENO":"SOCIO ORGANIZATIVO","TAXONOM\u00cdA":"CONCENTRACIONES MASIVAS DE POBLACION","GRUPO":"NO APLICA","INCIDENTE":"BLOQUEOS","CAUSAS":"EN DEMANDA DE LA REVISION DEL PLANTEL DE ESCUELA","CALLE_Y_NU":"AV. CENTENARIO, ESQ. PRIMER CIRCUITO CENTENARIO","COLONIA":"HERON PROAL","DELEGACION":"ALVARO OBREGON","ATENDIO":"UPC, SSP","ATENDIO_DG":"NO RELEVANTE","FUENTE":"C5","LESIONADOS":0,"FALLECIDOS":0,"LONGITUD":-99.2291393106,"LATITUD":19.3572762755}},{"type":"Feature","id":324,"geometry":{"type":"Point","coordinates":[-99.14214183082198,19.337546105133246]},"properties":{"FID":324,"OBJECTID":4867,"FECHA":1510185600000,"FOLIO":11237,"HORA":"S\/D","FENOMENO":"SOCIO ORGANIZATIVO","TAXONOM\u00cdA":"CONCENTRACIONES MASIVAS DE POBLACION","GRUPO":"NO APLICA","INCIDENTE":"BLOQUEOS","CAUSAS":"EN DEMANDA DEL DICTAMEN TECNICO","CALLE_Y_NU":"CALZADA DE TLALPAN ESQ. CALLE ALVARO GALVEZ Y FUENTES","COLONIA":"EDUCACION","DELEGACION":"COYOACAN","ATENDIO":"UPC, SSP","ATENDIO_DG":"NO RELEVANTE","FUENTE":"SSP","LESIONADOS":0,"FALLECIDOS":0,"LONGITUD":-99.1421418308,"LATITUD":19.3375461051}},{"type":"Feature","id":325,"geometry":{"type":"Point","coordinates":[-99.1538926120311,19.421267026293325]},"properties":{"FID":325,"OBJECTID":4868,"FECHA":1510185600000,"FOLIO":11238,"HORA":"S\/D","FENOMENO":"SOCIO ORGANIZATIVO","TAXONOM\u00cdA":"CONCENTRACIONES MASIVAS DE POBLACION","GRUPO":"NO APLICA","INCIDENTE":"BLOQUEOS","CAUSAS":"EN DEMANDA DE AGILIZAR LA RECONSTRUCCION DE INMUEBLES","CALLE_Y_NU":"CALLE DR. J. NAVARRO ESQ. AV. CUAUHTEMOC","COLONIA":"DOCTORES","DELEGACION":"CUAUHTEMOC","ATENDIO":"UPC, SSP","ATENDIO_DG":"NO RELEVANTE","FUENTE":"SSP","LESIONADOS":0,"FALLECIDOS":0,"LONGITUD":-99.153892612,"LATITUD":19.4212670263}},{"type":"Feature","id":326,"geometry":{"type":"Point","coordinates":[-99.11746212015055,19.41382042761965]},"properties":{"FID":326,"OBJECTID":4869,"FECHA":1510185600000,"FOLIO":11239,"HORA":"S\/D","FENOMENO":"SOCIO ORGANIZATIVO","TAXONOM\u00cdA":"CONCENTRACIONES MASIVAS DE POBLACION","GRUPO":"NO APLICA","INCIDENTE":"BLOQUEOS","CAUSAS":"EN DEMANDA DE LA EXPROPIACION DEL INMUEBLE DE AV. DEL TALLER","CALLE_Y_NU":"AV. DEL TALLER","COLONIA":"ALVARO OBREGON","DELEGACION":"VENUSTIANO CARRANZA","ATENDIO":"UPC, SSP","ATENDIO_DG":"NO RELEVANTE","FUENTE":"SSP","LESIONADOS":0,"FALLECIDOS":0,"LONGITUD":-99.1174621202,"LATITUD":19.4138204276}},{"type":"Feature","id":327,"geometry":{"type":"Point","coordinates":[-99.16348176790547,19.370658988874904]},"properties":{"FID":327,"OBJECTID":4870,"FECHA":1510185600000,"FOLIO":11240,"HORA":"S\/D","FENOMENO":"SOCIO ORGANIZATIVO","TAXONOM\u00cdA":"CONCENTRACIONES MASIVAS DE POBLACION","GRUPO":"NO APLICA","INCIDENTE":"BLOQUEOS","CAUSAS":"EN DEMANDA DE QUE DIPUTADOS Y ASAMBLEISTAS EMITAN UNA LEY PARA QUE LA RECONSTRUCCION SEA GRATUITA","CALLE_Y_NU":"AV. UNIVERSIDAD ESQ. MUNICIPIO LIBRE","COLONIA":"PORTALES","DELEGACION":"BENITO JUAREZ","ATENDIO":"UPC, SSP","ATENDIO_DG":"NO RELEVANTE","FUENTE":"SSP","LESIONADOS":0,"FALLECIDOS":0,"LONGITUD":-99.1634817679,"LATITUD":19.3706589889}},{"type":"Feature","id":328,"geometry":{"type":"Point","coordinates":[-99.14597528697259,19.333810657062735]},"properties":{"FID":328,"OBJECTID":4871,"FECHA":1510185600000,"FOLIO":11241,"HORA":"S\/D","FENOMENO":"SOCIO ORGANIZATIVO","TAXONOM\u00cdA":"CONCENTRACIONES MASIVAS DE POBLACION","GRUPO":"NO APLICA","INCIDENTE":"BLOQUEOS","CAUSAS":"EN DEMANDA DE AGILIZAR LA RECONSTRUCCION DE INMUEBLES DA\u00d1ADOS","CALLE_Y_NU":"AV. PACIFICO Y DIVISION DEL NORTE","COLONIA":"JARDIN","DELEGACION":"COYOACAN","ATENDIO":"UPC, SSP","ATENDIO_DG":"NO RELEVANTE","FUENTE":"SSP","LESIONADOS":0,"FALLECIDOS":0,"LONGITUD":-99.145975287,"LATITUD":19.3338106571}},{"type":"Feature","id":329,"geometry":{"type":"Point","coordinates":[-99.12449391753964,19.304012355225474]},"properties":{"FID":329,"OBJECTID":4872,"FECHA":1510185600000,"FOLIO":11242,"HORA":"S\/D","FENOMENO":"SOCIO ORGANIZATIVO","TAXONOM\u00cdA":"CONCENTRACIONES MASIVAS DE POBLACION","GRUPO":"NO APLICA","INCIDENTE":"BLOQUEOS","CAUSAS":"EN DEMANDA DE LA PRONTA SOLUCION A LOS TRABAJOS DE RECONSTRUCCION","CALLE_Y_NU":"AV. CANAL DE MIRAMONTES, ESQ. CALZADA DEL HUESO","COLONIA":"FRACCIONAMIENTO LOS GIRASOLES","DELEGACION":"COYOACAN","ATENDIO":"UPC, SSP","ATENDIO_DG":"S.-33","FUENTE":"DGEM","LESIONADOS":0,"FALLECIDOS":0,"LONGITUD":-99.1244939175,"LATITUD":19.3040123552}},{"type":"Feature","id":330,"geometry":{"type":"Point","coordinates":[-99.206202135602,19.372802626141986]},"properties":{"FID":330,"OBJECTID":4878,"FECHA":1510185600000,"FOLIO":11250,"HORA":"S\/D","FENOMENO":"SOCIO ORGANIZATIVO","TAXONOM\u00cdA":"CONCENTRACIONES MASIVAS DE POBLACION","GRUPO":"NO APLICA","INCIDENTE":"BLOQUEOS","CAUSAS":"EN DEMANDA DE LA REVISION Y DICTAMEN ESTRUCTURAL DEL JARDIN DE NI\u00d1OS XOLOXOCHIT","CALLE_Y_NU":"AV. DEL ROSAL ESQ. CALLE 7","COLONIA":"OLIVAR DEL CONDE 1ra.  SECCION","DELEGACION":"ALVARO OBREGON","ATENDIO":"UPC, SSP","ATENDIO_DG":"S.-35 (TIEMPO DE RESPUESTA 75 MIN.)","FUENTE":"SSP","LESIONADOS":0,"FALLECIDOS":0,"LONGITUD":-99.2062021356,"LATITUD":19.3728026261}},{"type":"Feature","id":331,"geometry":{"type":"Point","coordinates":[-99.15317768564022,19.43087421766792]},"properties":{"FID":331,"OBJECTID":4880,"FECHA":1510185600000,"FOLIO":11252,"HORA":"S\/D","FENOMENO":"SOCIO ORGANIZATIVO","TAXONOM\u00cdA":"CONCENTRACIONES MASIVAS DE POBLACION","GRUPO":"NO APLICA","INCIDENTE":"BLOQUEOS","CAUSAS":"EN DEMANDA DE QUE EN EL PRESUPUESTO DEL A\u00d1O PROXIMO SE CONSIDERE AL CAMPO","CALLE_Y_NU":"ABRAHAM GONZALEZ No. 48 ESQ. ATENAS","COLONIA":"JUAREZ","DELEGACION":"CUAUHTEMOC","ATENDIO":"UPC, SSP","ATENDIO_DG":"NO RELEVANTE","FUENTE":"REDES SOCIALES","LESIONADOS":0,"FALLECIDOS":0,"LONGITUD":-99.1531776856,"LATITUD":19.4308742177}},{"type":"Feature","id":332,"geometry":{"type":"Point","coordinates":[-99.17423102412552,19.288355098076938]},"properties":{"FID":332,"OBJECTID":4897,"FECHA":1510272000000,"FOLIO":11270,"HORA":"S\/D","FENOMENO":"SOCIO ORGANIZATIVO","TAXONOM\u00cdA":"CONCENTRACIONES MASIVAS DE POBLACION","GRUPO":"NO APLICA","INCIDENTE":"BLOQUEOS","CAUSAS":"EN DEMANDA DEL DICTAMEN ESTRUCTURAL DEL PLANTEL","CALLE_Y_NU":"AV. INSURGENTES SUR ESQ. CALVARIO","COLONIA":"TLALPAN CENTRO","DELEGACION":"TLALPAN","ATENDIO":"UPC, SSP","ATENDIO_DG":"NO RELEVANTE","FUENTE":"REDES SOCIALES","LESIONADOS":0,"FALLECIDOS":0,"LONGITUD":-99.1742310241,"LATITUD":19.2883550981}},{"type":"Feature","id":333,"geometry":{"type":"Point","coordinates":[-99.13389890115049,19.43302224936325]},"properties":{"FID":333,"OBJECTID":4902,"FECHA":1510272000000,"FOLIO":11285,"HORA":"S\/D","FENOMENO":"SOCIO ORGANIZATIVO","TAXONOM\u00cdA":"CONCENTRACIONES MASIVAS DE POBLACION","GRUPO":"NO APLICA","INCIDENTE":"EVENTO MASIVO","CAUSAS":"JORNADA SEMANA DE LAS JUVENTUDES 2017","CALLE_Y_NU":"PLAZA DE LA CONSTITUCION ESQ. 5 DE FEBRERO","COLONIA":"CENTRO","DELEGACION":"CUAUHTEMOC","ATENDIO":"S\/D","ATENDIO_DG":"S.-19, S.-17, S.-34, S.-35 Y S.-7","FUENTE":"DGEM","LESIONADOS":0,"FALLECIDOS":0,"LONGITUD":-99.1338989012,"LATITUD":19.4330222494}},{"type":"Feature","id":334,"geometry":{"type":"Point","coordinates":[-99.08615586479952,19.4363497834934]},"properties":{"FID":334,"OBJECTID":4948,"FECHA":1510531200000,"FOLIO":11329,"HORA":"S\/D","FENOMENO":"SOCIO ORGANIZATIVO","TAXONOM\u00cdA":"CONCENTRACIONES MASIVAS DE POBLACION","GRUPO":"NO APLICA","INCIDENTE":"BLOQUEOS","CAUSAS":"EN DEMANDA DE MANTENIMIENTO Y PRONTA REPARACION DE 3 ESCUELAS","CALLE_Y_NU":"CIRCUITO INTERIOR ESQ. IRAPUATO","COLONIA":"PE\u00d1ON DE LOS BA\u00d1OS","DELEGACION":"VENUSTIANO CARRANZA","ATENDIO":"UPC, SSP","ATENDIO_DG":"NO RELEVANTE","FUENTE":"REDES SOCIALES","LESIONADOS":0,"FALLECIDOS":0,"LONGITUD":-99.0861558648,"LATITUD":19.4363497835}},{"type":"Feature","id":335,"geometry":{"type":"Point","coordinates":[-99.13339331037214,19.43215504651024]},"properties":{"FID":335,"OBJECTID":4952,"FECHA":1510531200000,"FOLIO":11335,"HORA":"S\/D","FENOMENO":"SOCIO ORGANIZATIVO","TAXONOM\u00cdA":"CONCENTRACIONES MASIVAS DE POBLACION","GRUPO":"NO APLICA","INCIDENTE":"MANIFESTACION O MITIN","CAUSAS":"EN DEMANDA DE LA DEMOLICION DE INMUEBLES DA\u00d1ADOS","CALLE_Y_NU":"PLAZA DE LA CONSTITUCION ESQ. AV. 20 DE NOVIEMBRE","COLONIA":"CENTRO","DELEGACION":"CUAUHTEMOC","ATENDIO":"UPC, SSP","ATENDIO_DG":"NO RELEVANTE","FUENTE":"REDES SOCIALES","LESIONADOS":0,"FALLECIDOS":0,"LONGITUD":-99.1333933104,"LATITUD":19.4321550465}},{"type":"Feature","id":336,"geometry":{"type":"Point","coordinates":[-99.14883032904356,19.42700989523825]},"properties":{"FID":336,"OBJECTID":4977,"FECHA":1510617600000,"FOLIO":11363,"HORA":"S\/D","FENOMENO":"SOCIO ORGANIZATIVO","TAXONOM\u00cdA":"CONCENTRACIONES MASIVAS DE POBLACION","GRUPO":"NO APLICA","INCIDENTE":"BLOQUEOS","CAUSAS":"EN PROTESTA POR LA FALTA DE AGUA POTABLE","CALLE_Y_NU":"AV. BALDERAS ESQ. AV. ARCOS DE BELEM","COLONIA":"DOCTORES","DELEGACION":"CUAUHTEMOC","ATENDIO":"SSP, SACMEX","ATENDIO_DG":"NO RELEVANTE","FUENTE":"REDES SOCIALES","LESIONADOS":0,"FALLECIDOS":0,"LONGITUD":-99.148830329,"LATITUD":19.4270098952}},{"type":"Feature","id":337,"geometry":{"type":"Point","coordinates":[-99.18934774342004,19.332008492265384]},"properties":{"FID":337,"OBJECTID":5004,"FECHA":1510704000000,"FOLIO":11397,"HORA":"S\/D","FENOMENO":"SOCIO ORGANIZATIVO","TAXONOM\u00cdA":"CONCENTRACIONES MASIVAS DE POBLACION","GRUPO":"NO APLICA","INCIDENTE":"BLOQUEOS","CAUSAS":"EN DEMANDA DEL PAGO PENDIENTE","CALLE_Y_NU":"AV. INSURGENTES No. 3000","COLONIA":"CIUDAD UNIVERSITARIA","DELEGACION":"COYOACAN","ATENDIO":"SSP, UNAM","ATENDIO_DG":"NO RELEVANTE","FUENTE":"REDES SOCIALES","LESIONADOS":0,"FALLECIDOS":0,"LONGITUD":-99.1893477434,"LATITUD":19.3320084923}},{"type":"Feature","id":338,"geometry":{"type":"Point","coordinates":[-99.17579423030375,19.423813722820174]},"properties":{"FID":338,"OBJECTID":5021,"FECHA":1510790400000,"FOLIO":11428,"HORA":"S\/D","FENOMENO":"SOCIO ORGANIZATIVO","TAXONOM\u00cdA":"CONCENTRACIONES MASIVAS DE POBLACION","GRUPO":"NO APLICA","INCIDENTE":"MANIFESTACION O MITIN","CAUSAS":"PARA EXIGIR UNA TARIFA SOCIAL JUSTA DE CFE","CALLE_Y_NU":"RIO RODANO No. 14 ESQ. PASEO DE LA REFORMA","COLONIA":"CUAUHTEMOC","DELEGACION":"CUAUHTEMOC","ATENDIO":"SSP, POLICIA FEDERAL","ATENDIO_DG":"NO RELEVANTE","FUENTE":"REDES SOCIALES","LESIONADOS":0,"FALLECIDOS":0,"LONGITUD":-99.1757942303,"LATITUD":19.4238137228}},{"type":"Feature","id":339,"geometry":{"type":"Point","coordinates":[-99.13338421744274,19.490942115033924]},"properties":{"FID":339,"OBJECTID":5022,"FECHA":1510790400000,"FOLIO":11431,"HORA":"S\/D","FENOMENO":"SOCIO ORGANIZATIVO","TAXONOM\u00cdA":"CONCENTRACIONES MASIVAS DE POBLACION","GRUPO":"NO APLICA","INCIDENTE":"BLOQUEOS","CAUSAS":"EN DEMANDA DE MAYOR SEGURIDAD","CALLE_Y_NU":"EJE 5 NORTE (AV. MONTEVIDEO) ESQ. AV. INSTITUTO POLITECNICO NACIONAL","COLONIA":"LINDAVISTA","DELEGACION":"GUSTAVO A. MADERO","ATENDIO":"UPC, SSP","ATENDIO_DG":"S.-5","FUENTE":"DGEM","LESIONADOS":0,"FALLECIDOS":0,"LONGITUD":-99.1333842174,"LATITUD":19.490942115}},{"type":"Feature","id":340,"geometry":{"type":"Point","coordinates":[-99.13326032183807,19.432616043459163]},"properties":{"FID":340,"OBJECTID":5050,"FECHA":1510963200000,"FOLIO":11468,"HORA":"S\/D","FENOMENO":"SOCIO ORGANIZATIVO","TAXONOM\u00cdA":"CONCENTRACIONES MASIVAS DE POBLACION","GRUPO":"NO APLICA","INCIDENTE":"EVENTO MASIVO","CAUSAS":"FAN FEST NFL CDMX","CALLE_Y_NU":"PLAZA DE LA CONSTITUCION S\/N ESQ. JOSE MARIA PINO SUAREZ","COLONIA":"CENTRO","DELEGACION":"CUAUHTEMOC","ATENDIO":"SSP","ATENDIO_DG":"REGIONAL CENTRO","FUENTE":"C5","LESIONADOS":0,"FALLECIDOS":0,"LONGITUD":-99.1332603218,"LATITUD":19.4326160435}},{"type":"Feature","id":341,"geometry":{"type":"Point","coordinates":[-99.16767226292095,19.427047696941795]},"properties":{"FID":341,"OBJECTID":5052,"FECHA":1510963200000,"FOLIO":11471,"HORA":"S\/D","FENOMENO":"SOCIO ORGANIZATIVO","TAXONOM\u00cdA":"CONCENTRACIONES MASIVAS DE POBLACION","GRUPO":"NO APLICA","INCIDENTE":"EVENTO MASIVO","CAUSAS":"CARNAVAL INTERNACIONAL DE LA CDMX EDICION 2017","CALLE_Y_NU":"PASEO DE LA REFORMA ESQ. FLORENCIA","COLONIA":"JUAREZ","DELEGACION":"CUAUHTEMOC","ATENDIO":"SSP","ATENDIO_DG":"NO RELEVANTE","FUENTE":"C5","LESIONADOS":0,"FALLECIDOS":0,"LONGITUD":-99.1676722629,"LATITUD":19.4270476969}},{"type":"Feature","id":342,"geometry":{"type":"Point","coordinates":[-99.13520314869548,19.443531586111018]},"properties":{"FID":342,"OBJECTID":5053,"FECHA":1510963200000,"FOLIO":11473,"HORA":"S\/D","FENOMENO":"SOCIO ORGANIZATIVO","TAXONOM\u00cdA":"CONCENTRACIONES MASIVAS DE POBLACION","GRUPO":"NO APLICA","INCIDENTE":"BLOQUEOS","CAUSAS":"DEMANDAN REVISION DE DA\u00d1OS EN SUS INMUEBLES","CALLE_Y_NU":"EJE 1 NORTE ESQ. COMONFORT","COLONIA":"MORELOS","DELEGACION":"CUAUHTEMOC","ATENDIO":"UPC, SSP, GCDMX","ATENDIO_DG":"NO RELEVANTE","FUENTE":"C5","LESIONADOS":0,"FALLECIDOS":0,"LONGITUD":-99.1352031487,"LATITUD":19.4435315861}},{"type":"Feature","id":343,"geometry":{"type":"Point","coordinates":[-99.09579614389408,19.484459121794515]},"properties":{"FID":343,"OBJECTID":5058,"FECHA":1511049600000,"FOLIO":11492,"HORA":"S\/D","FENOMENO":"SOCIO ORGANIZATIVO","TAXONOM\u00cdA":"CONCENTRACIONES MASIVAS DE POBLACION","GRUPO":"GESTION DE SERVICIOS DE EMERGENCIA","INCIDENTE":"SOLICITUD DE SERVICIOS DGEM","CAUSAS":"EVENTO DEPORTIVO DE BOX FEMENIL","CALLE_Y_NU":"AV. ING. EDUARDO MOLINA ENTRE MANUEL SABINO CRESPO Y ORIENTE 153","COLONIA":"SALVADOR DIAZ MIRON","DELEGACION":"GUSTAVO A. MADERO","ATENDIO":"SSP","ATENDIO_DG":"S.-23 Y S.-34 (TIEMPO DE RESPUESTA 01 MIN.)","FUENTE":"C5","LESIONADOS":0,"FALLECIDOS":0,"LONGITUD":-99.0957961439,"LATITUD":19.4844591218}},{"type":"Feature","id":344,"geometry":{"type":"Point","coordinates":[-99.0796895829784,19.460111634493387]},"properties":{"FID":344,"OBJECTID":5079,"FECHA":1511136000000,"FOLIO":11526,"HORA":"S\/D","FENOMENO":"SOCIO ORGANIZATIVO","TAXONOM\u00cdA":"CONCENTRACIONES MASIVAS DE POBLACION","GRUPO":"GESTION DE SERVICIOS DE EMERGENCIA","INCIDENTE":"SOLICITUD DE SERVICIOS DGEM","CAUSAS":"TRASLADO DE MUSEO MOVIL","CALLE_Y_NU":"AV. JOSE LORETO FAVELA ESQ. EJE 4 NORTE","COLONIA":"SAN JUAN DE ARAGON","DELEGACION":"GUSTAVO A. MADERO","ATENDIO":"S\/D","ATENDIO_DG":"REGIONAL SUR, S.-12","FUENTE":"DGEM","LESIONADOS":0,"FALLECIDOS":0,"LONGITUD":-99.079689583,"LATITUD":19.4601116345}},{"type":"Feature","id":345,"geometry":{"type":"Point","coordinates":[-99.16767434221381,19.354668193556183]},"properties":{"FID":345,"OBJECTID":5085,"FECHA":1511136000000,"FOLIO":11513,"HORA":"S\/D","FENOMENO":"SOCIO ORGANIZATIVO","TAXONOM\u00cdA":"CONCENTRACIONES MASIVAS DE POBLACION","GRUPO":"NO APLICA","INCIDENTE":"MANIFESTACION O MITIN","CAUSAS":"PARA EXIGIR MAYOR APOYO PARA ACTIVIDADES RELACIONADAS AL CAMPO","CALLE_Y_NU":"PASEO DE LA REFORMA ESQ. EJE 2 PONIENTE (FLORENCIA)","COLONIA":"JUAREZ","DELEGACION":"CUAUHTEMOC","ATENDIO":"SSP, POLICIA FEDERAL","ATENDIO_DG":"REGIONAL CENTRO","FUENTE":"DGEM","LESIONADOS":0,"FALLECIDOS":0,"LONGITUD":-99.1676743422,"LATITUD":19.3546681936}},{"type":"Feature","id":346,"geometry":{"type":"Point","coordinates":[-99.13389890115049,19.43302224936325]},"properties":{"FID":346,"OBJECTID":5090,"FECHA":1511136000000,"FOLIO":11524,"HORA":"S\/D","FENOMENO":"SOCIO ORGANIZATIVO","TAXONOM\u00cdA":"CONCENTRACIONES MASIVAS DE POBLACION","GRUPO":"NO APLICA","INCIDENTE":"EVENTO MASIVO","CAUSAS":"CONCIERTO TIMBIRICHE","CALLE_Y_NU":"PLAZA DE LA CONSTITUCION ESQ. 5 DE FEBRERO","COLONIA":"CENTRO","DELEGACION":"CUAUHTEMOC","ATENDIO":"HCB, ERUM, DIF, LOCATEL","ATENDIO_DG":"GAMMA, FENIX, OMEGA, PAULINO MANCILLA, VLADIMIR TOVAR, S.-7, S.-10, S.-19, S.-34, S.-35 Y S.-37","FUENTE":"DGEM","LESIONADOS":0,"FALLECIDOS":0,"LONGITUD":-99.1338989012,"LATITUD":19.4330222494}},{"type":"Feature","id":347,"geometry":{"type":"Point","coordinates":[-99.1676531373138,19.426975416723092]},"properties":{"FID":347,"OBJECTID":5107,"FECHA":1511222400000,"FOLIO":11534,"HORA":"S\/D","FENOMENO":"SOCIO ORGANIZATIVO","TAXONOM\u00cdA":"CONCENTRACIONES MASIVAS DE POBLACION","GRUPO":"NO APLICA","INCIDENTE":"MANIFESTACION O MITIN","CAUSAS":"EN DEMANDA DE QUE LA SEDATU CUMPLA CON LA ENTREGA DE 581 BONOS","CALLE_Y_NU":"PASEO DE LA REFORMA ESQ. EJE 2 PONIENTE FLORENCIA","COLONIA":"JUAREZ","DELEGACION":"CUAUHTEMOC","ATENDIO":"SSP, POLICIA FEDERAL","ATENDIO_DG":"NO RELEVANTE","FUENTE":"REDES SOCIALES","LESIONADOS":0,"FALLECIDOS":0,"LONGITUD":-99.1676531373,"LATITUD":19.4269754167}},{"type":"Feature","id":348,"geometry":{"type":"Point","coordinates":[-99.1531299711943,19.430783885559528]},"properties":{"FID":348,"OBJECTID":5127,"FECHA":1511308800000,"FOLIO":11567,"HORA":"S\/D","FENOMENO":"SOCIO ORGANIZATIVO","TAXONOM\u00cdA":"CONCENTRACIONES MASIVAS DE POBLACION","GRUPO":"NO APLICA","INCIDENTE":"MANIFESTACION O MITIN","CAUSAS":"EN DEMANDA DE MAYOR APOYO Y RECURSOS PARA EL CAMPO","CALLE_Y_NU":"ABRAHAM GONZALEZ No. 48 ESQ. GENERAL PRIM","COLONIA":"JUAREZ","DELEGACION":"CUAUHTEMOC","ATENDIO":"SSP, POLICIA FEDERAL","ATENDIO_DG":"NO RELEVANTE","FUENTE":"REDES SOCIALES","LESIONADOS":0,"FALLECIDOS":0,"LONGITUD":-99.1531299712,"LATITUD":19.4307838856}},{"type":"Feature","id":349,"geometry":{"type":"Point","coordinates":[-99.14442694048222,19.305244829230457]},"properties":{"FID":349,"OBJECTID":5157,"FECHA":1511481600000,"FOLIO":11611,"HORA":"S\/D","FENOMENO":"SOCIO ORGANIZATIVO","TAXONOM\u00cdA":"CONCENTRACIONES MASIVAS DE POBLACION","GRUPO":"NO APLICA","INCIDENTE":"BLOQUEOS","CAUSAS":"EN PROTESTA POR EL CORREDOR DE AUTOBUSES SOBRE LA CALZ. DE TLALPAN","CALLE_Y_NU":"CALZ. DE TLALPAN ESQ. TLALMANALCO","COLONIA":"PUEBLO SANTA URSULA COAPA","DELEGACION":"COYOACAN","ATENDIO":"SSP, STE","ATENDIO_DG":"NO RELEVANTE","FUENTE":"SSP","LESIONADOS":0,"FALLECIDOS":0,"LONGITUD":-99.1444269405,"LATITUD":19.3052448292}},{"type":"Feature","id":350,"geometry":{"type":"Point","coordinates":[-99.1756885850205,19.423009511100126]},"properties":{"FID":350,"OBJECTID":5175,"FECHA":1511568000000,"FOLIO":11626,"HORA":"S\/D","FENOMENO":"SOCIO ORGANIZATIVO","TAXONOM\u00cdA":"CONCENTRACIONES MASIVAS DE POBLACION","GRUPO":"NO APLICA","INCIDENTE":"EVENTO MASIVO","CAUSAS":"DESFILE NAVIDE\u00d1O BOLO FEST","CALLE_Y_NU":"PASEO DE LA REFORMA ESQ. LIEJA","COLONIA":"CUAUHTEMOC","DELEGACION":"CUAUHTEMOC","ATENDIO":"SSP","ATENDIO_DG":"REGIONAL CENTRO S.-23, S.-34, S.-19 Y S.-28 (TIEMPO DE RESPUESTA 01 MIN.)","FUENTE":"DGEM","LESIONADOS":0,"FALLECIDOS":0,"LONGITUD":-99.175688585,"LATITUD":19.4230095111}},{"type":"Feature","id":351,"geometry":{"type":"Point","coordinates":[-99.16757690378515,19.426948375391028]},"properties":{"FID":351,"OBJECTID":5179,"FECHA":1511568000000,"FOLIO":11635,"HORA":"S\/D","FENOMENO":"SOCIO ORGANIZATIVO","TAXONOM\u00cdA":"CONCENTRACIONES MASIVAS DE POBLACION","GRUPO":"NO APLICA","INCIDENTE":"MANIFESTACION O MITIN","CAUSAS":"MARCHA DE LAS VOCES DE LA AUSENCIA Y FAMILIAS VICTIMAS DE FEMINICIDIO","CALLE_Y_NU":"PASEO DE LA REFORMA ESQ. FLORENCIA","COLONIA":"JUAREZ","DELEGACION":"CUAUHTEMOC","ATENDIO":"SSP","ATENDIO_DG":"NO RELEVANTE","FUENTE":"C5","LESIONADOS":0,"FALLECIDOS":0,"LONGITUD":-99.1675769038,"LATITUD":19.4269483754}},{"type":"Feature","id":352,"geometry":{"type":"Point","coordinates":[-99.13343173925259,19.43255265685856]},"properties":{"FID":352,"OBJECTID":5182,"FECHA":1511568000000,"FOLIO":11642,"HORA":"S\/D","FENOMENO":"SOCIO ORGANIZATIVO","TAXONOM\u00cdA":"CONCENTRACIONES MASIVAS DE POBLACION","GRUPO":"NO APLICA","INCIDENTE":"EVENTO MASIVO","CAUSAS":"CONCIERTO DE RICKY MARTIN","CALLE_Y_NU":"PLAZA DE LA CONSTITUCION ESQ. 20 DE NOVIEMBRE","COLONIA":"CENTRO","DELEGACION":"CUAUHTEMOC","ATENDIO":"SSP","ATENDIO_DG":"FENIX, VLADIMIR PEREZ TOVAR, PAULINO MANCILLA, OMEGA, REGIONAL CENTRO, S.- 7, S.-8, S.-19, S.-24, S.-29, S.-34, S.-35 Y S.-37","FUENTE":"DGEM","LESIONADOS":0,"FALLECIDOS":0,"LONGITUD":-99.1334317393,"LATITUD":19.4325526569}},{"type":"Feature","id":353,"geometry":{"type":"Point","coordinates":[-99.16757690378515,19.426948375391028]},"properties":{"FID":353,"OBJECTID":5183,"FECHA":1511568000000,"FOLIO":11644,"HORA":"S\/D","FENOMENO":"SOCIO ORGANIZATIVO","TAXONOM\u00cdA":"CONCENTRACIONES MASIVAS DE POBLACION","GRUPO":"NO APLICA","INCIDENTE":"MANIFESTACION O MITIN","CAUSAS":"EN CONTRA DEL FEMINICIDIO Y PRECARIZACION LABORAL EN MEXICO","CALLE_Y_NU":"PASEO DE LA REFORMA ESQ. FLORENCIA","COLONIA":"JUAREZ","DELEGACION":"CUAUHTEMOC","ATENDIO":"SSP","ATENDIO_DG":"NO RELEVANTE","FUENTE":"C5","LESIONADOS":0,"FALLECIDOS":0,"LONGITUD":-99.1675769038,"LATITUD":19.4269483754}},{"type":"Feature","id":354,"geometry":{"type":"Point","coordinates":[-99.16792995882479,19.427535469455876]},"properties":{"FID":354,"OBJECTID":5197,"FECHA":1511654400000,"FOLIO":11663,"HORA":"S\/D","FENOMENO":"SOCIO ORGANIZATIVO","TAXONOM\u00cdA":"CONCENTRACIONES MASIVAS DE POBLACION","GRUPO":"NO APLICA","INCIDENTE":"MANIFESTACION O MITIN","CAUSAS":"EXIGIR LA PRESENTACION CON VIDA DE LOS 43 NORMALISTAS","CALLE_Y_NU":"PASEO DE LA REFORMA Y EJE 2 PONIENTE","COLONIA":"JUAREZ","DELEGACION":"CUAUHTEMOC","ATENDIO":"SSP","ATENDIO_DG":"NO RELEVANTE","FUENTE":"C5","LESIONADOS":0,"FALLECIDOS":0,"LONGITUD":-99.1679299588,"LATITUD":19.4275354695}},{"type":"Feature","id":355,"geometry":{"type":"Point","coordinates":[-99.05046672762334,19.300830521105205]},"properties":{"FID":355,"OBJECTID":5217,"FECHA":1511740800000,"FOLIO":11674,"HORA":"S\/D","FENOMENO":"SOCIO ORGANIZATIVO","TAXONOM\u00cdA":"CONCENTRACIONES MASIVAS DE POBLACION","GRUPO":"NO APLICA","INCIDENTE":"BLOQUEOS","CAUSAS":"EN PROTESTA PORQUE EL GOBIERNO DE LA CDMX AUTORIZO LA DESCARGA DE CASCAJO","CALLE_Y_NU":"AV. TLAHUAC, ESQ. AMADO NERVO","COLONIA":"SANTA ANA PONIENTE","DELEGACION":"TLAHUAC","ATENDIO":"UPC, SSP","ATENDIO_DG":"NO RELEVANTE","FUENTE":"SSP","LESIONADOS":0,"FALLECIDOS":0,"LONGITUD":-99.0504667276,"LATITUD":19.3008305211}},{"type":"Feature","id":356,"geometry":{"type":"Point","coordinates":[-99.14663053909679,19.4383534166568]},"properties":{"FID":356,"OBJECTID":5235,"FECHA":1511827200000,"FOLIO":11707,"HORA":"S\/D","FENOMENO":"SOCIO ORGANIZATIVO","TAXONOM\u00cdA":"CONCENTRACIONES MASIVAS DE POBLACION","GRUPO":"NO APLICA","INCIDENTE":"FIESTAS RELIGIOSAS Y\/O PATRONALES","CAUSAS":"CELEBRACION MENSUAL DE SAN JUDAS TADEO","CALLE_Y_NU":"PUENTE DE ALVARADO ESQ. AV. PASEO DE LA REFORMA","COLONIA":"TABACALERA","DELEGACION":"CUAUHTEMOC","ATENDIO":"UPC, SSP","ATENDIO_DG":"S.-26","FUENTE":"DGEM","LESIONADOS":0,"FALLECIDOS":0,"LONGITUD":-99.1466305391,"LATITUD":19.4383534167}},{"type":"Feature","id":357,"geometry":{"type":"Point","coordinates":[-99.04958454075573,19.34242976357784]},"properties":{"FID":357,"OBJECTID":5238,"FECHA":1511827200000,"FOLIO":11712,"HORA":"S\/D","FENOMENO":"SOCIO ORGANIZATIVO","TAXONOM\u00cdA":"CONCENTRACIONES MASIVAS DE POBLACION","GRUPO":"NO APLICA","INCIDENTE":"BLOQUEOS","CAUSAS":"EN DEMANDA DE DIVERSAS GESTIONES DELEGACIONES","CALLE_Y_NU":"CALZ. ERMITA IZTAPALAPA ESQ. AV. MIGUEL HIDALGO","COLONIA":"SANTA CRUZ","DELEGACION":"IZTAPALAPA","ATENDIO":"UPC","ATENDIO_DG":"S.-27","FUENTE":"REDES SOCIALES","LESIONADOS":0,"FALLECIDOS":0,"LONGITUD":-99.0495845408,"LATITUD":19.3424297636}},{"type":"Feature","id":358,"geometry":{"type":"Point","coordinates":[-99.1581655130238,19.49575705183117]},"properties":{"FID":358,"OBJECTID":5256,"FECHA":1511913600000,"FOLIO":11733,"HORA":"S\/D","FENOMENO":"SOCIO ORGANIZATIVO","TAXONOM\u00cdA":"CONCENTRACIONES MASIVAS DE POBLACION","GRUPO":"NO APLICA","INCIDENTE":"SIMULACRO","CAUSAS":"PREVENCION","CALLE_Y_NU":"PONIENTE 140 No. 595 ESQ. NORTE 45","COLONIA":"INDUSTRIAL VALLEJO","DELEGACION":"AZCAPOTZALCO","ATENDIO":"UPC","ATENDIO_DG":"S.-6","FUENTE":"DGEM","LESIONADOS":0,"FALLECIDOS":0,"LONGITUD":-99.158165513,"LATITUD":19.4957570518}},{"type":"Feature","id":359,"geometry":{"type":"Point","coordinates":[-99.15437283563206,19.435536417730496]},"properties":{"FID":359,"OBJECTID":5278,"FECHA":1512000000000,"FOLIO":11775,"HORA":"S\/D","FENOMENO":"SOCIO ORGANIZATIVO","TAXONOM\u00cdA":"CONCENTRACIONES MASIVAS DE POBLACION","GRUPO":"NO APLICA","INCIDENTE":"EVENTO MASIVO","CAUSAS":"CONMEMORACION DE LA LUCHA CONTRA EL SIDA","CALLE_Y_NU":"PLAZA DE LA REPUBLICA ESQ. IGNACIO RAMIREZ","COLONIA":"TABACALERA","DELEGACION":"CUAUHTEMOC","ATENDIO":"HCB, UPC, SSP, ERUM","ATENDIO_DG":"S.-23 Y S.-34","FUENTE":"DGEM","LESIONADOS":0,"FALLECIDOS":0,"LONGITUD":-99.1543728356,"LATITUD":19.4355364177}},{"type":"Feature","id":360,"geometry":{"type":"Point","coordinates":[-99.13309499930193,19.432081000132015]},"properties":{"FID":360,"OBJECTID":5284,"FECHA":1483228800000,"FOLIO":7,"HORA":"12:00:00 a. m.","FENOMENO":"SOCIO ORGANIZATIVO","TAXONOM\u00cdA":"CONCENTRACIONES MASIVAS DE POBLACION","GRUPO":"GESTION DE SERVICIOS DE EMERGENCIA","INCIDENTE":"SOLICITUD DE SERVICIOS DGEM","CAUSAS":"CENTRO DE ACOPIO","CALLE_Y_NU":"PLAZA DE LA CONSTITUCION","COLONIA":"CENTRO","DELEGACION":"CUAUHTEMOC","ATENDIO":"NO APLICA","ATENDIO_DG":"MIGUEL TEODORO","FUENTE":"DGEM","LESIONADOS":0,"FALLECIDOS":0,"LONGITUD":-99.133095,"LATITUD":19.432081}},{"type":"Feature","id":361,"geometry":{"type":"Point","coordinates":[-99.16765999965936,19.42701999920005]},"properties":{"FID":361,"OBJECTID":5285,"FECHA":1483228800000,"FOLIO":10,"HORA":"12:00:00 a. m.","FENOMENO":"SOCIO ORGANIZATIVO","TAXONOM\u00cdA":"CONCENTRACIONES MASIVAS DE POBLACION","GRUPO":"NO APLICA","INCIDENTE":"MANIFESTACION O MITIN","CAUSAS":"EN CONTRA DEL ALZA DE LA GASOLINA","CALLE_Y_NU":"PASEO DE LA REFORMA, RIO NIZA RIO RHIN, FLORENCIA Y RIO TIBER","COLONIA":"CUAUHTEMOC","DELEGACION":"CUAUHTEMOC","ATENDIO":"SSP","ATENDIO_DG":"NO RELEVANTE","FUENTE":"C5","LESIONADOS":0,"FALLECIDOS":0,"LONGITUD":-99.16766,"LATITUD":19.42702}},{"type":"Feature","id":362,"geometry":{"type":"Point","coordinates":[-99.08613000055536,19.443149999657198]},"properties":{"FID":362,"OBJECTID":5286,"FECHA":1483228800000,"FOLIO":11,"HORA":"12:00:00 a. m.","FENOMENO":"SOCIO ORGANIZATIVO","TAXONOM\u00cdA":"CONCENTRACIONES MASIVAS DE POBLACION","GRUPO":"NO APLICA","INCIDENTE":"MANIFESTACION O MITIN","CAUSAS":"EN CONTRA DEL ALZA DE LA GASOLINA","CALLE_Y_NU":"AV. OCEANIA ESQ. CHINA","COLONIA":"PENSADOR MEXICANO","DELEGACION":"VENUSTIANO CARRANZA","ATENDIO":"NO APLICA","ATENDIO_DG":"NO RELEVANTE","FUENTE":"C5","LESIONADOS":0,"FALLECIDOS":0,"LONGITUD":-99.08613,"LATITUD":19.44315}},{"type":"Feature","id":363,"geometry":{"type":"Point","coordinates":[-99.14691999921213,19.543009999973144]},"properties":{"FID":363,"OBJECTID":5290,"FECHA":1483228800000,"FOLIO":15,"HORA":"12:00:00 a. m.","FENOMENO":"SOCIO ORGANIZATIVO","TAXONOM\u00cdA":"CONCENTRACIONES MASIVAS DE POBLACION","GRUPO":"GESTION DE SERVICIOS DE EMERGENCIA","INCIDENTE":"SOLICITUD DE SERVICIOS DGEM","CAUSAS":"PERSONAS EXTRAVIADAS","CALLE_Y_NU":"SIERRA DE GUADALUPE ZONA ALTA DE CUAUTEPEC","COLONIA":"CUAUTEPEC","DELEGACION":"GUSTAVO A. MADERO","ATENDIO":"UPC, SSP","ATENDIO_DG":"S.-5 Y S.-6 (TIEMPO DE RESPUESTA 60 MIN.)","FUENTE":"C5","LESIONADOS":0,"FALLECIDOS":0,"LONGITUD":-99.14692,"LATITUD":19.54301}},{"type":"Feature","id":364,"geometry":{"type":"Point","coordinates":[-99.09935599920786,19.493258000318274]},"properties":{"FID":364,"OBJECTID":5293,"FECHA":1483228800000,"FOLIO":18,"HORA":"12:00:00 a. m.","FENOMENO":"SOCIO ORGANIZATIVO","TAXONOM\u00cdA":"CONCENTRACIONES MASIVAS DE POBLACION","GRUPO":"NO APLICA","INCIDENTE":"BLOQUEOS","CAUSAS":"EN CONTRA DEL ALZA DE LA GASOLINA","CALLE_Y_NU":"AV. CENTENARIO ESQ. MORELOS","COLONIA":"PUEBLO DE SANTIAGO ATZACOALCO","DELEGACION":"GUSTAVO A. MADERO","ATENDIO":"NO APLICA","ATENDIO_DG":"NO RELEVANTE","FUENTE":"C5","LESIONADOS":0,"FALLECIDOS":0,"LONGITUD":-99.099356,"LATITUD":19.493258}},{"type":"Feature","id":365,"geometry":{"type":"Point","coordinates":[-99.23291999949588,19.13615000028168]},"properties":{"FID":365,"OBJECTID":5296,"FECHA":1483315200000,"FOLIO":21,"HORA":"12:00:00 a. m.","FENOMENO":"SOCIO ORGANIZATIVO","TAXONOM\u00cdA":"CONCENTRACIONES MASIVAS DE POBLACION","GRUPO":"NO APLICA","INCIDENTE":"BLOQUEOS","CAUSAS":"ALZA A LOS PRECIOS DE LAS GASOLINAS","CALLE_Y_NU":"AV. LUIS CABRERA ESQ. CDA. DE LA PRESA","COLONIA":"LOMAS QUEBRADAS","DELEGACION":"MAGDALENA CONTRERAS","ATENDIO":"UPC, SSP","ATENDIO_DG":"S.-11 (TIEMPO DE RESPUESTA 17 MIN.)","FUENTE":"SSP","LESIONADOS":0,"FALLECIDOS":0,"LONGITUD":-99.23292,"LATITUD":19.13615}},{"type":"Feature","id":366,"geometry":{"type":"Point","coordinates":[-99.16572400021627,19.277719899708142]},"properties":{"FID":366,"OBJECTID":5297,"FECHA":1483315200000,"FOLIO":23,"HORA":"12:00:00 a. m.","FENOMENO":"SOCIO ORGANIZATIVO","TAXONOM\u00cdA":"CONCENTRACIONES MASIVAS DE POBLACION","GRUPO":"NO APLICA","INCIDENTE":"MANIFESTACION O MITIN","CAUSAS":"ALZA A LOS PRECIOS DE LAS GASOLINAS","CALLE_Y_NU":"AV. INSURGENTES SUR ESQ. VIADUCTO TLALPAN","COLONIA":"LA JOYA","DELEGACION":"TLALPAN","ATENDIO":"UPC, SSP","ATENDIO_DG":"NO RELEVANTE","FUENTE":"SSP","LESIONADOS":0,"FALLECIDOS":0,"LONGITUD":-99.165724,"LATITUD":19.2777199}},{"type":"Feature","id":367,"geometry":{"type":"Point","coordinates":[-99.1596549997966,19.43053199991521]},"properties":{"FID":367,"OBJECTID":5298,"FECHA":1483315200000,"FOLIO":24,"HORA":"12:00:00 a. m.","FENOMENO":"SOCIO ORGANIZATIVO","TAXONOM\u00cdA":"CONCENTRACIONES MASIVAS DE POBLACION","GRUPO":"NO APLICA","INCIDENTE":"BLOQUEOS","CAUSAS":"ALZA A LOS PRECIOS DE LAS GASOLINAS","CALLE_Y_NU":"AV. INSURGENTES CENTRO ESQ. VILLALONGIN","COLONIA":"TABACALERA","DELEGACION":"CUAUHTEMOC","ATENDIO":"UPC, SSP","ATENDIO_DG":"NO RELEVANTE","FUENTE":"SSP","LESIONADOS":0,"FALLECIDOS":0,"LONGITUD":-99.159655,"LATITUD":19.430532}},{"type":"Feature","id":368,"geometry":{"type":"Point","coordinates":[-99.126044999817,19.422390999995713]},"properties":{"FID":368,"OBJECTID":5300,"FECHA":1483315200000,"FOLIO":28,"HORA":"12:00:00 a. m.","FENOMENO":"SOCIO ORGANIZATIVO","TAXONOM\u00cdA":"CONCENTRACIONES MASIVAS DE POBLACION","GRUPO":"NO APLICA","INCIDENTE":"MANIFESTACION O MITIN","CAUSAS":"EN PROTESTA POR EL INCUMPLIMIENTO DE ALGUNAS CLAUSULAS DEL CONTRATO","CALLE_Y_NU":"AV. DEL CANAL ESQ. FRAY SERVANDO","COLONIA":"MERCED BALBUENA","DELEGACION":"VENUSTIANO CARRANZA","ATENDIO":"SSP","ATENDIO_DG":"NO RELEVANTE","FUENTE":"SSP","LESIONADOS":0,"FALLECIDOS":0,"LONGITUD":-99.126045,"LATITUD":19.422391}},{"type":"Feature","id":369,"geometry":{"type":"Point","coordinates":[-99.29333299986408,19.354610999243416]},"properties":{"FID":369,"OBJECTID":5313,"FECHA":1483315200000,"FOLIO":48,"HORA":"12:00:00 a. m.","FENOMENO":"SOCIO ORGANIZATIVO","TAXONOM\u00cdA":"CONCENTRACIONES MASIVAS DE POBLACION","GRUPO":"NO APLICA","INCIDENTE":"BLOQUEOS","CAUSAS":"ALZA A LOS PRECIOS DE LAS GASOLINAS","CALLE_Y_NU":"CARRETERA FEDERAL MEXICO TOLUCA ESQ. AV. JUAREZ","COLONIA":"CUAJIMALPA CENTRO","DELEGACION":"CUAJIMALPA","ATENDIO":"UPC, SSP","ATENDIO_DG":"NO RELEVANTE","FUENTE":"C5","LESIONADOS":0,"FALLECIDOS":0,"LONGITUD":-99.293333,"LATITUD":19.354611}},{"type":"Feature","id":370,"geometry":{"type":"Point","coordinates":[-99.17318499994944,19.336074999917237]},"properties":{"FID":370,"OBJECTID":5314,"FECHA":1483315200000,"FOLIO":49,"HORA":"12:00:00 a. m.","FENOMENO":"SOCIO ORGANIZATIVO","TAXONOM\u00cdA":"CONCENTRACIONES MASIVAS DE POBLACION","GRUPO":"NO APLICA","INCIDENTE":"BLOQUEOS","CAUSAS":"ALZA A LOS PRECIOS DE LAS GASOLINAS","CALLE_Y_NU":"EJE 10 SUR PEDRO HENRIQUEZ URE\u00d1A ESQ. ANTONIO DELFIN MADRIGAL","COLONIA":"ROMERO DE TERREROS","DELEGACION":"COYOACAN","ATENDIO":"UPC, SSP","ATENDIO_DG":"NO RELEVANTE","FUENTE":"C5","LESIONADOS":0,"FALLECIDOS":0,"LONGITUD":-99.173185,"LATITUD":19.336075}},{"type":"Feature","id":371,"geometry":{"type":"Point","coordinates":[-99.13654699930963,19.401516999457407]},"properties":{"FID":371,"OBJECTID":5319,"FECHA":1483401600000,"FOLIO":62,"HORA":"12:00:00 a. m.","FENOMENO":"SOCIO ORGANIZATIVO","TAXONOM\u00cdA":"CONCENTRACIONES MASIVAS DE POBLACION","GRUPO":"NO APLICA","INCIDENTE":"BLOQUEOS","CAUSAS":"ALZA A LOS PRECIOS DE LAS GASOLINAS","CALLE_Y_NU":"CALZADA DE TLALPAN ESQ. CORU\u00d1A","COLONIA":"VIADUCTO PIEDAD","DELEGACION":"IZTACALCO","ATENDIO":"UPC, SSP","ATENDIO_DG":"NO RELEVANTE","FUENTE":"SSP","LESIONADOS":0,"FALLECIDOS":0,"LONGITUD":-99.136547,"LATITUD":19.401517}},{"type":"Feature","id":372,"geometry":{"type":"Point","coordinates":[-99.094799999699,19.24907600012209]},"properties":{"FID":372,"OBJECTID":5320,"FECHA":1483401600000,"FOLIO":63,"HORA":"12:00:00 a. m.","FENOMENO":"SOCIO ORGANIZATIVO","TAXONOM\u00cdA":"CONCENTRACIONES MASIVAS DE POBLACION","GRUPO":"NO APLICA","INCIDENTE":"MANIFESTACION O MITIN","CAUSAS":"INSTALACION DE PORTONES Y PLUMAS EN LOS ACCESOS AL BOSQUE DE NATIVITAS","CALLE_Y_NU":"CARRETERA NUEVA XOCHIMILCO-TULYEHUALCO ESQ. 16 DE SEPTIEMBRE","COLONIA":"BARRIO XALTOCAN","DELEGACION":"XOCHIMILCO","ATENDIO":"UPC, SSP","ATENDIO_DG":"S.-12","FUENTE":"SSP","LESIONADOS":0,"FALLECIDOS":0,"LONGITUD":-99.0948,"LATITUD":19.249076}},{"type":"Feature","id":373,"geometry":{"type":"Point","coordinates":[-99.1584449999205,19.431182999792508]},"properties":{"FID":373,"OBJECTID":5340,"FECHA":1483401600000,"FOLIO":94,"HORA":"12:00:00 a. m.","FENOMENO":"SOCIO ORGANIZATIVO","TAXONOM\u00cdA":"CONCENTRACIONES MASIVAS DE POBLACION","GRUPO":"GESTION DE SERVICIOS DE EMERGENCIA","INCIDENTE":"TRABAJOS DE MODERNIZACION DE LA RED DEL PASEO DE LA REFORMA DE LA CFE","CAUSAS":"PREVENCION","CALLE_Y_NU":"PASEO DE LA REFORMA","COLONIA":"JUAREZ","DELEGACION":"CUAUHTEMOC","ATENDIO":"CFE, SSP","ATENDIO_DG":"S.-26","FUENTE":"DGEM","LESIONADOS":0,"FALLECIDOS":0,"LONGITUD":-99.158445,"LATITUD":19.431183}},{"type":"Feature","id":374,"geometry":{"type":"Point","coordinates":[-99.13654699930963,19.401516999457407]},"properties":{"FID":374,"OBJECTID":5345,"FECHA":1483488000000,"FOLIO":105,"HORA":"12:00:00 a. m.","FENOMENO":"SOCIO ORGANIZATIVO","TAXONOM\u00cdA":"CONCENTRACIONES MASIVAS DE POBLACION","GRUPO":"NO APLICA","INCIDENTE":"BLOQUEOS","CAUSAS":"POR EL ALZA A LOS PRECIOS DE LAS GASOLINAS","CALLE_Y_NU":"CALZADA DE TLALPAN ESQ. CORU\u00d1A","COLONIA":"VIADUCTO PIEDAD","DELEGACION":"IZTACALCO","ATENDIO":"UPC, SSP","ATENDIO_DG":"NO RELEVANTE","FUENTE":"SSP","LESIONADOS":0,"FALLECIDOS":0,"LONGITUD":-99.136547,"LATITUD":19.401517}},{"type":"Feature","id":375,"geometry":{"type":"Point","coordinates":[-99.15735370042928,19.43299790066182]},"properties":{"FID":375,"OBJECTID":5395,"FECHA":1483660800000,"FOLIO":195,"HORA":"12:00:00 a. m.","FENOMENO":"SOCIO ORGANIZATIVO","TAXONOM\u00cdA":"CONCENTRACIONES MASIVAS DE POBLACION","GRUPO":"GESTION DE SERVICIOS DE EMERGENCIA","INCIDENTE":"TRABAJOS DE MODERNIZACION DE LA RED DEL PASEO DE LA REFORMA DE LA CFE","CAUSAS":"PREVENCION","CALLE_Y_NU":"PASEO DE LA REFORMA","COLONIA":"JUAREZ","DELEGACION":"CUAUHTEMOC","ATENDIO":"CFE, SSP","ATENDIO_DG":"S.-26","FUENTE":"DGEM","LESIONADOS":0,"FALLECIDOS":0,"LONGITUD":-99.1573537,"LATITUD":19.4329979}},{"type":"Feature","id":376,"geometry":{"type":"Point","coordinates":[-99.16979000010313,19.446489999614936]},"properties":{"FID":376,"OBJECTID":5397,"FECHA":1483747200000,"FOLIO":212,"HORA":"12:00:00 a. m.","FENOMENO":"SOCIO ORGANIZATIVO","TAXONOM\u00cdA":"CONCENTRACIONES MASIVAS DE POBLACION","GRUPO":"GESTION DE SERVICIOS DE EMERGENCIA","INCIDENTE":"SOLICITUD DE SERVICIOS DGEM","CAUSAS":"LEVANTAMIENTO DE NIVELES","CALLE_Y_NU":"CALZ. MEXICO-TACUBA ESQ. MAESTRO RURAL","COLONIA":"ANAHUAC 1\u00aa SECCION","DELEGACION":"MIGUEL HIDALGO","ATENDIO":"DGEM, IPN","ATENDIO_DG":"S.-27","FUENTE":"DGEM","LESIONADOS":0,"FALLECIDOS":0,"LONGITUD":-99.16979,"LATITUD":19.44649}},{"type":"Feature","id":377,"geometry":{"type":"Point","coordinates":[-99.13336200021271,19.43191699966688]},"properties":{"FID":377,"OBJECTID":5399,"FECHA":1483747200000,"FOLIO":200,"HORA":"12:00:00 a. m.","FENOMENO":"SOCIO ORGANIZATIVO","TAXONOM\u00cdA":"CONCENTRACIONES MASIVAS DE POBLACION","GRUPO":"NO APLICA","INCIDENTE":"MANIFESTACION O MITIN","CAUSAS":"ALZA DE LA GASOLINA","CALLE_Y_NU":"PLAZA DE LA CONSTITUCION S\/N ENTRE 5 DE FEBRERO Y JOSE MARIA PINO SUAREZ","COLONIA":"CENTRO","DELEGACION":"CUAUHTEMOC","ATENDIO":"SSP","ATENDIO_DG":"NO RELEVANTE","FUENTE":"C5","LESIONADOS":0,"FALLECIDOS":0,"LONGITUD":-99.133362,"LATITUD":19.431917}},{"type":"Feature","id":378,"geometry":{"type":"Point","coordinates":[-99.14198100072541,19.43450400035673]},"properties":{"FID":378,"OBJECTID":5400,"FECHA":1483747200000,"FOLIO":201,"HORA":"12:00:00 a. m.","FENOMENO":"SOCIO ORGANIZATIVO","TAXONOM\u00cdA":"CONCENTRACIONES MASIVAS DE POBLACION","GRUPO":"NO APLICA","INCIDENTE":"MANIFESTACION O MITIN","CAUSAS":"MORENA","CALLE_Y_NU":"AV. JUAREZ ESQ. EJE CENTRAL","COLONIA":"CENTRO","DELEGACION":"CUAUHTEMOC","ATENDIO":"SSP","ATENDIO_DG":"NO RELEVANTE","FUENTE":"C5","LESIONADOS":0,"FALLECIDOS":0,"LONGITUD":-99.141981,"LATITUD":19.434504}},{"type":"Feature","id":379,"geometry":{"type":"Point","coordinates":[-99.16714299953335,19.427741999627038]},"properties":{"FID":379,"OBJECTID":5402,"FECHA":1483747200000,"FOLIO":203,"HORA":"12:00:00 a. m.","FENOMENO":"SOCIO ORGANIZATIVO","TAXONOM\u00cdA":"CONCENTRACIONES MASIVAS DE POBLACION","GRUPO":"NO APLICA","INCIDENTE":"MANIFESTACION O MITIN","CAUSAS":"ALZA DE LA GASOLINA","CALLE_Y_NU":"PASEO DE LA REFORMA ESQ. FLORENCIA","COLONIA":"CUAUHTEMOC","DELEGACION":"CUAUHTEMOC","ATENDIO":"SSP","ATENDIO_DG":"NO RELEVANTE","FUENTE":"C5","LESIONADOS":0,"FALLECIDOS":0,"LONGITUD":-99.167143,"LATITUD":19.427742}},{"type":"Feature","id":380,"geometry":{"type":"Point","coordinates":[-99.13689999954977,19.400860000006862]},"properties":{"FID":380,"OBJECTID":5423,"FECHA":1483833600000,"FOLIO":230,"HORA":"12:00:00 a. m.","FENOMENO":"SOCIO ORGANIZATIVO","TAXONOM\u00cdA":"CONCENTRACIONES MASIVAS DE POBLACION","GRUPO":"NO APLICA","INCIDENTE":"MANIFESTACION O MITIN","CAUSAS":"ALZA DE LA GASOLINA","CALLE_Y_NU":"CALZADA DE TLAPAN ESQ. LA CORU\u00d1A","COLONIA":"VIADUCTO TLALPAN","DELEGACION":"IZTACALCO","ATENDIO":"SSP","ATENDIO_DG":"NO RELEVANTE","FUENTE":"C5","LESIONADOS":0,"FALLECIDOS":0,"LONGITUD":-99.1369,"LATITUD":19.40086}},{"type":"Feature","id":381,"geometry":{"type":"Point","coordinates":[-99.15897499932079,19.42911800003552]},"properties":{"FID":381,"OBJECTID":5430,"FECHA":1483920000000,"FOLIO":243,"HORA":"12:00:00 a. m.","FENOMENO":"SOCIO ORGANIZATIVO","TAXONOM\u00cdA":"CONCENTRACIONES MASIVAS DE POBLACION","GRUPO":"GESTION DE SERVICIOS DE EMERGENCIA","INCIDENTE":"SOLICITUD DE SERVICIOS DGEM","CAUSAS":"ENTREGA DE ACOPIO","CALLE_Y_NU":"ABRAHAM GONZALEZ No. 67 ESQ. GENERAL PRIM","COLONIA":"JUAREZ","DELEGACION":"CUAUHTEMOC","ATENDIO":"NO APLICA","ATENDIO_DG":"NO RELEVANTE","FUENTE":"SPC","LESIONADOS":0,"FALLECIDOS":0,"LONGITUD":-99.158975,"LATITUD":19.429118}},{"type":"Feature","id":382,"geometry":{"type":"Point","coordinates":[-99.0610920000271,19.344371000040685]},"properties":{"FID":382,"OBJECTID":5436,"FECHA":1483920000000,"FOLIO":250,"HORA":"12:00:00 a. m.","FENOMENO":"SOCIO ORGANIZATIVO","TAXONOM\u00cdA":"CONCENTRACIONES MASIVAS DE POBLACION","GRUPO":"NO APLICA","INCIDENTE":"BLOQUEOS","CAUSAS":"ALZA DE LA GASOLINA","CALLE_Y_NU":"CALZADA ERMITA IZTAPALAPA ESQ. ANILLO PERIFERICO","COLONIA":"CONSTITUCION DE 1917","DELEGACION":"IZTAPALAPA","ATENDIO":"SSP","ATENDIO_DG":"S.-18","FUENTE":"SIN FUENTE","LESIONADOS":0,"FALLECIDOS":0,"LONGITUD":-99.061092,"LATITUD":19.344371}},{"type":"Feature","id":383,"geometry":{"type":"Point","coordinates":[-99.15735370042928,19.43299790066182]},"properties":{"FID":383,"OBJECTID":5449,"FECHA":1483920000000,"FOLIO":278,"HORA":"12:00:00 a. m.","FENOMENO":"SOCIO ORGANIZATIVO","TAXONOM\u00cdA":"CONCENTRACIONES MASIVAS DE POBLACION","GRUPO":"GESTION DE SERVICIOS DE EMERGENCIA","INCIDENTE":"TRABAJOS DE MODERNIZACION DE LA RED DEL PASEO DE LA REFORMA DE LA CFE","CAUSAS":"PREVENCION","CALLE_Y_NU":"PASEO DE LA REFORMA","COLONIA":"JUAREZ","DELEGACION":"CUAUHTEMOC","ATENDIO":"CFE, SSP","ATENDIO_DG":"S.-26","FUENTE":"DGEM","LESIONADOS":0,"FALLECIDOS":0,"LONGITUD":-99.1573537,"LATITUD":19.4329979}},{"type":"Feature","id":384,"geometry":{"type":"Point","coordinates":[-99.08049399997296,19.37171100058147]},"properties":{"FID":384,"OBJECTID":5452,"FECHA":1484006400000,"FOLIO":280,"HORA":"12:00:00 a. m.","FENOMENO":"SOCIO ORGANIZATIVO","TAXONOM\u00cdA":"CONCENTRACIONES MASIVAS DE POBLACION","GRUPO":"NO APLICA","INCIDENTE":"BLOQUEOS","CAUSAS":"ALZA DE LA GASOLINA","CALLE_Y_NU":"EJE 6 SUR ESQ. AV. JAVIER ROJO GOMEZ","COLONIA":"LEYES DE REFORMA","DELEGACION":"IZTAPALAPA","ATENDIO":"SSP","ATENDIO_DG":"S.-14","FUENTE":"SIN FUENTE","LESIONADOS":0,"FALLECIDOS":0,"LONGITUD":-99.080494,"LATITUD":19.371711}},{"type":"Feature","id":385,"geometry":{"type":"Point","coordinates":[-99.0398069998556,19.387079999995503]},"properties":{"FID":385,"OBJECTID":5468,"FECHA":1484006400000,"FOLIO":297,"HORA":"12:00:00 a. m.","FENOMENO":"SOCIO ORGANIZATIVO","TAXONOM\u00cdA":"CONCENTRACIONES MASIVAS DE POBLACION","GRUPO":"NO APLICA","INCIDENTE":"BLOQUEOS","CAUSAS":"FALTA DEL SUMINISTRO DE AGUA POTABLE","CALLE_Y_NU":"CALZ. GRAL. IGNACIO ZARAGOZA ESQ. AZCARRAGA VIDAURRETA","COLONIA":"UH. CABEZA DE JUAREZ","DELEGACION":"IZTAPALAPA","ATENDIO":"UPC, SACMEX, SSP","ATENDIO_DG":"NO RELEVANTE","FUENTE":"SIN FUENTE","LESIONADOS":0,"FALLECIDOS":0,"LONGITUD":-99.039807,"LATITUD":19.38708}},{"type":"Feature","id":386,"geometry":{"type":"Point","coordinates":[-99.15735370042928,19.43299790066182]},"properties":{"FID":386,"OBJECTID":5491,"FECHA":1484092800000,"FOLIO":327,"HORA":"12:00:00 a. m.","FENOMENO":"SOCIO ORGANIZATIVO","TAXONOM\u00cdA":"CONCENTRACIONES MASIVAS DE POBLACION","GRUPO":"GESTION DE SERVICIOS DE EMERGENCIA","INCIDENTE":"TRABAJOS DE MODERNIZACION DE LA RED DEL PASEO DE LA REFORMA DE LA CFE","CAUSAS":"PREVENCION","CALLE_Y_NU":"PASEO DE LA REFORMA","COLONIA":"JUAREZ","DELEGACION":"CUAUHTEMOC","ATENDIO":"CFE, SSP","ATENDIO_DG":"S.-26","FUENTE":"DGEM","LESIONADOS":0,"FALLECIDOS":0,"LONGITUD":-99.1573537,"LATITUD":19.4329979}},{"type":"Feature","id":387,"geometry":{"type":"Point","coordinates":[-99.13984699984857,19.436634999630446]},"properties":{"FID":387,"OBJECTID":5494,"FECHA":1484179200000,"FOLIO":332,"HORA":"12:00:00 a. m.","FENOMENO":"SOCIO ORGANIZATIVO","TAXONOM\u00cdA":"CONCENTRACIONES MASIVAS DE POBLACION","GRUPO":"NO APLICA","INCIDENTE":"MANIFESTACION O MITIN","CAUSAS":"EN DEFENSA DE LAS AREAS DE TRABAJO QUE SE PRETENDEN PRIVATIZAR","CALLE_Y_NU":"XICOTENCATL ESQ. TACUBA","COLONIA":"CENTRO","DELEGACION":"CUAUHTEMOC","ATENDIO":"HCB, UPC, CORENA","ATENDIO_DG":"NO RELEVANTE","FUENTE":"SIN FUENTE","LESIONADOS":0,"FALLECIDOS":0,"LONGITUD":-99.139847,"LATITUD":19.436635}},{"type":"Feature","id":388,"geometry":{"type":"Point","coordinates":[-99.15056100007476,19.43338499956602]},"properties":{"FID":388,"OBJECTID":5530,"FECHA":1484265600000,"FOLIO":381,"HORA":"12:00:00 a. m.","FENOMENO":"SOCIO ORGANIZATIVO","TAXONOM\u00cdA":"CONCENTRACIONES MASIVAS DE POBLACION","GRUPO":"GESTION DE SERVICIOS DE EMERGENCIA","INCIDENTE":"TRABAJOS DE MODERNIZACION DE LA RED DEL PASEO DE LA REFORMA DE LA CFE","CAUSAS":"PREVENCION","CALLE_Y_NU":"PASEO DE LA REFORMA","COLONIA":"JUAREZ","DELEGACION":"CUAUHTEMOC","ATENDIO":"CFE, SSP","ATENDIO_DG":"S.-26","FUENTE":"DGEM","LESIONADOS":0,"FALLECIDOS":0,"LONGITUD":-99.150561,"LATITUD":19.433385}},{"type":"Feature","id":389,"geometry":{"type":"Point","coordinates":[-99.16836799991205,19.427165699376214]},"properties":{"FID":389,"OBJECTID":5538,"FECHA":1484352000000,"FOLIO":392,"HORA":"12:00:00 a. m.","FENOMENO":"SOCIO ORGANIZATIVO","TAXONOM\u00cdA":"CONCENTRACIONES MASIVAS DE POBLACION","GRUPO":"NO APLICA","INCIDENTE":"MANIFESTACION O MITIN","CAUSAS":"EN CONTRA DE LA VIOLENCIA HACIA LAS MUJERES","CALLE_Y_NU":"PASEO DE LA REFORMA ESQ. FLORENCIA","COLONIA":"JUAREZ","DELEGACION":"CUAUHTEMOC","ATENDIO":"SSP","ATENDIO_DG":"NO RELEVANTE","FUENTE":"C5","LESIONADOS":0,"FALLECIDOS":0,"LONGITUD":-99.168368,"LATITUD":19.4271657}},{"type":"Feature","id":390,"geometry":{"type":"Point","coordinates":[-99.15431699999954,19.43651300032882]},"properties":{"FID":390,"OBJECTID":5554,"FECHA":1484438400000,"FOLIO":412,"HORA":"12:00:00 a. m.","FENOMENO":"SOCIO ORGANIZATIVO","TAXONOM\u00cdA":"CONCENTRACIONES MASIVAS DE POBLACION","GRUPO":"NO APLICA","INCIDENTE":"MANIFESTACION O MITIN","CAUSAS":"PRD","CALLE_Y_NU":"PLAZA DE LA REPUBLICA ESQ. IGNACIO RAMIREZ","COLONIA":"TABACALERA","DELEGACION":"CUAUHTEMOC","ATENDIO":"SSP","ATENDIO_DG":"NO RELEVANTE","FUENTE":"C5","LESIONADOS":0,"FALLECIDOS":0,"LONGITUD":-99.154317,"LATITUD":19.436513}},{"type":"Feature","id":391,"geometry":{"type":"Point","coordinates":[-99.16751899977574,19.42648000000108]},"properties":{"FID":391,"OBJECTID":5555,"FECHA":1484438400000,"FOLIO":416,"HORA":"12:00:00 a. m.","FENOMENO":"SOCIO ORGANIZATIVO","TAXONOM\u00cdA":"CONCENTRACIONES MASIVAS DE POBLACION","GRUPO":"NO APLICA","INCIDENTE":"MANIFESTACION O MITIN","CAUSAS":"GASOLINAZO","CALLE_Y_NU":"PASEO DE LA REFORMA ESQ. FLORENCIA","COLONIA":"JUAREZ","DELEGACION":"CUAUHTEMOC","ATENDIO":"SSP","ATENDIO_DG":"NO RELEVANTE","FUENTE":"C5","LESIONADOS":0,"FALLECIDOS":0,"LONGITUD":-99.167519,"LATITUD":19.42648}},{"type":"Feature","id":392,"geometry":{"type":"Point","coordinates":[-99.15277029996938,19.4333849999771]},"properties":{"FID":392,"OBJECTID":5579,"FECHA":1484524800000,"FOLIO":449,"HORA":"12:00:00 a. m.","FENOMENO":"SOCIO ORGANIZATIVO","TAXONOM\u00cdA":"CONCENTRACIONES MASIVAS DE POBLACION","GRUPO":"GESTION DE SERVICIOS DE EMERGENCIA","INCIDENTE":"TRABAJOS DE MODERNIZACION DE LA RED DEL PASEO DE LA REFORMA DE LA CFE","CAUSAS":"PREVENCION","CALLE_Y_NU":"PASEO DE LA REFORMA","COLONIA":"JUAREZ","DELEGACION":"CUAUHTEMOC","ATENDIO":"CFE, SSP","ATENDIO_DG":"S.-26","FUENTE":"DGEM","LESIONADOS":0,"FALLECIDOS":0,"LONGITUD":-99.1527703,"LATITUD":19.433385}},{"type":"Feature","id":393,"geometry":{"type":"Point","coordinates":[-99.22043100045578,19.32154800043357]},"properties":{"FID":393,"OBJECTID":5587,"FECHA":1484611200000,"FOLIO":463,"HORA":"12:00:00 a. m.","FENOMENO":"SOCIO ORGANIZATIVO","TAXONOM\u00cdA":"CONCENTRACIONES MASIVAS DE POBLACION","GRUPO":"NO APLICA","INCIDENTE":"BLOQUEOS","CAUSAS":"SIN CAUSA","CALLE_Y_NU":"PERIFERICO SUR ESQ. AV. LUIS CABRERA","COLONIA":"SAN JERONIMO LIDICE","DELEGACION":"MAGDALENA CONTRERAS","ATENDIO":"SSP. UPC","ATENDIO_DG":"NO RELEVANTE","FUENTE":"C5","LESIONADOS":0,"FALLECIDOS":0,"LONGITUD":-99.220431,"LATITUD":19.321548}},{"type":"Feature","id":394,"geometry":{"type":"Point","coordinates":[-99.1166090007187,19.266141000044687]},"properties":{"FID":394,"OBJECTID":5612,"FECHA":1484697600000,"FOLIO":497,"HORA":"12:00:00 a. m.","FENOMENO":"SOCIO ORGANIZATIVO","TAXONOM\u00cdA":"CONCENTRACIONES MASIVAS DE POBLACION","GRUPO":"NO APLICA","INCIDENTE":"MANIFESTACION O MITIN","CAUSAS":"EN PROTESTA POR LA PROBLEMATICA EN SEGURIDAD PUBLICA","CALLE_Y_NU":"AV. PROLONGACION DIVISION DEL NORTE ESQ. GUADALUPE I RAMIREZ","COLONIA":"BARRIO SAN MARCOS","DELEGACION":"XOCHIMILCO","ATENDIO":"UPC, SSP","ATENDIO_DG":"S.-12","FUENTE":"DGEM","LESIONADOS":0,"FALLECIDOS":0,"LONGITUD":-99.116609,"LATITUD":19.266141}},{"type":"Feature","id":395,"geometry":{"type":"Point","coordinates":[-99.15277029996938,19.4333849999771]},"properties":{"FID":395,"OBJECTID":5620,"FECHA":1484697600000,"FOLIO":508,"HORA":"12:00:00 a. m.","FENOMENO":"SOCIO ORGANIZATIVO","TAXONOM\u00cdA":"CONCENTRACIONES MASIVAS DE POBLACION","GRUPO":"GESTION DE SERVICIOS DE EMERGENCIA","INCIDENTE":"TRABAJOS DE MODERNIZACION DE LA RED DEL PASEO DE LA REFORMA DE LA CFE","CAUSAS":"PREVENCION","CALLE_Y_NU":"PASEO DE LA REFORMA","COLONIA":"JUAREZ","DELEGACION":"CUAUHTEMOC","ATENDIO":"CFE, SSP","ATENDIO_DG":"S.-26","FUENTE":"DGEM","LESIONADOS":0,"FALLECIDOS":0,"LONGITUD":-99.1527703,"LATITUD":19.433385}},{"type":"Feature","id":396,"geometry":{"type":"Point","coordinates":[-99.15725000009174,19.315111000285373]},"properties":{"FID":396,"OBJECTID":5632,"FECHA":1484784000000,"FOLIO":526,"HORA":"12:00:00 a. m.","FENOMENO":"SOCIO ORGANIZATIVO","TAXONOM\u00cdA":"CONCENTRACIONES MASIVAS DE POBLACION","GRUPO":"RELACIONADOS CON LA FAUNA Y FLORA","INCIDENTE":"CAPTURA DE ESPECIES ANIMALES","CAUSAS":"SIN CAUSA","CALLE_Y_NU":"SAN RAUL ESQ. POPOCATEPETL","COLONIA":"PEDREGAL SANTA URSULA","DELEGACION":"COYOACAN","ATENDIO":"UPC, SSP","ATENDIO_DG":"S.-9 (TIEMPO DE RESPUESTA 23 MIN.)","FUENTE":"REPORTE CIUDADANO","LESIONADOS":0,"FALLECIDOS":0,"LONGITUD":-99.15725,"LATITUD":19.315111}},{"type":"Feature","id":397,"geometry":{"type":"Point","coordinates":[-99.16704999959985,19.427059999924623]},"properties":{"FID":397,"OBJECTID":5644,"FECHA":1484870400000,"FOLIO":545,"HORA":"12:00:00 a. m.","FENOMENO":"SOCIO ORGANIZATIVO","TAXONOM\u00cdA":"CONCENTRACIONES MASIVAS DE POBLACION","GRUPO":"NO APLICA","INCIDENTE":"MANIFESTACION O MITIN","CAUSAS":"EN CONTRA DEL PRESIDENTE ELECTO DE ESTADOS UNIDOS","CALLE_Y_NU":"PASEO DE LA REFORMA No. 305 ESQ. RIO DANUBIO","COLONIA":"CUAUHTEMOC","DELEGACION":"CUAUHTEMOC","ATENDIO":"POLICIA FEDERAL, SSP","ATENDIO_DG":"S.-26","FUENTE":"REDES SOCIALES","LESIONADOS":0,"FALLECIDOS":0,"LONGITUD":-99.16705,"LATITUD":19.42706}},{"type":"Feature","id":398,"geometry":{"type":"Point","coordinates":[-99.14358999957965,19.4249500002795]},"properties":{"FID":398,"OBJECTID":5645,"FECHA":1484870400000,"FOLIO":546,"HORA":"12:00:00 a. m.","FENOMENO":"SOCIO ORGANIZATIVO","TAXONOM\u00cdA":"CONCENTRACIONES MASIVAS DE POBLACION","GRUPO":"NO APLICA","INCIDENTE":"MANIFESTACION O MITIN","CAUSAS":"EN CONTRA DEL LLAMADO MURO DE DONALD TRUMP","CALLE_Y_NU":"DR. RIO DE LA LOZA ESQ. DR. VALENZUELA","COLONIA":"DOCTORES","DELEGACION":"CUAUHTEMOC","ATENDIO":"SSP","ATENDIO_DG":"REGIONAL CENTRO","FUENTE":"REDES SOCIALES","LESIONADOS":0,"FALLECIDOS":0,"LONGITUD":-99.14359,"LATITUD":19.42495}},{"type":"Feature","id":399,"geometry":{"type":"Point","coordinates":[-99.16662000015059,19.427780000207843]},"properties":{"FID":399,"OBJECTID":5652,"FECHA":1484870400000,"FOLIO":553,"HORA":"12:00:00 a. m.","FENOMENO":"SOCIO ORGANIZATIVO","TAXONOM\u00cdA":"CONCENTRACIONES MASIVAS DE POBLACION","GRUPO":"NO APLICA","INCIDENTE":"MANIFESTACION O MITIN","CAUSAS":"EN CONTRA DE LA TOMA DE PROTESTA DE DONALD TRUMP","CALLE_Y_NU":"PASEO DE LA REFORMA ESQ. RIO DANUBIO","COLONIA":"CUAUHTEMOC","DELEGACION":"CUAUHTEMOC","ATENDIO":"SSP","ATENDIO_DG":"S.-26","FUENTE":"DGEM","LESIONADOS":0,"FALLECIDOS":0,"LONGITUD":-99.16662,"LATITUD":19.42778}},{"type":"Feature","id":400,"geometry":{"type":"Point","coordinates":[-99.15728619962564,19.43282379993961]},"properties":{"FID":400,"OBJECTID":5661,"FECHA":1484870400000,"FOLIO":563,"HORA":"12:00:00 a. m.","FENOMENO":"SOCIO ORGANIZATIVO","TAXONOM\u00cdA":"CONCENTRACIONES MASIVAS DE POBLACION","GRUPO":"GESTION DE SERVICIOS DE EMERGENCIA","INCIDENTE":"TRABAJOS DE MODERNIZACION DE LA RED DEL PASEO DE LA REFORMA DE LA CFE","CAUSAS":"PREVENCION","CALLE_Y_NU":"PASEO DE LA REFORMA","COLONIA":"JUAREZ","DELEGACION":"CUAUHTEMOC","ATENDIO":"CFE, SSP","ATENDIO_DG":"S.-26","FUENTE":"DGEM","LESIONADOS":0,"FALLECIDOS":0,"LONGITUD":-99.1572862,"LATITUD":19.4328238}},{"type":"Feature","id":401,"geometry":{"type":"Point","coordinates":[-99.16712799940203,19.42627499996919]},"properties":{"FID":401,"OBJECTID":5666,"FECHA":1484956800000,"FOLIO":578,"HORA":"12:00:00 a. m.","FENOMENO":"SOCIO ORGANIZATIVO","TAXONOM\u00cdA":"CONCENTRACIONES MASIVAS DE POBLACION","GRUPO":"NO APLICA","INCIDENTE":"MANIFESTACION O MITIN","CAUSAS":"EN CONTRA DEL GASOLINAZO","CALLE_Y_NU":"PASEO DE LA REFORMA ESQ. FLORENCIA","COLONIA":"CUAUHTEMOC","DELEGACION":"CUAUHTEMOC","ATENDIO":"SSP","ATENDIO_DG":"NO RELEVANTE","FUENTE":"C5","LESIONADOS":0,"FALLECIDOS":0,"LONGITUD":-99.167128,"LATITUD":19.426275}},{"type":"Feature","id":402,"geometry":{"type":"Point","coordinates":[-99.16732699992245,19.42618700007061]},"properties":{"FID":402,"OBJECTID":5677,"FECHA":1485043200000,"FOLIO":592,"HORA":"12:00:00 a. m.","FENOMENO":"SOCIO ORGANIZATIVO","TAXONOM\u00cdA":"CONCENTRACIONES MASIVAS DE POBLACION","GRUPO":"NO APLICA","INCIDENTE":"MANIFESTACION O MITIN","CAUSAS":"EN CONTRA DEL GASOLINAZO","CALLE_Y_NU":"PASEO DE LA REFORMA ESQ. FLORENCIA","COLONIA":"CUAUHTEMOC","DELEGACION":"CUAUHTEMOC","ATENDIO":"SSP","ATENDIO_DG":"NO RELEVANTE","FUENTE":"C5","LESIONADOS":0,"FALLECIDOS":0,"LONGITUD":-99.167327,"LATITUD":19.426187}},{"type":"Feature","id":403,"geometry":{"type":"Point","coordinates":[-99.13276499940801,19.432277999685365]},"properties":{"FID":403,"OBJECTID":5678,"FECHA":1485043200000,"FOLIO":593,"HORA":"12:00:00 a. m.","FENOMENO":"SOCIO ORGANIZATIVO","TAXONOM\u00cdA":"CONCENTRACIONES MASIVAS DE POBLACION","GRUPO":"NO APLICA","INCIDENTE":"MANIFESTACION O MITIN","CAUSAS":"EN CONTRA DEL GASOLINAZO","CALLE_Y_NU":"PLAZA DE LA CONSTITUCION ESQ. FRANCISCO I. MADERO","COLONIA":"CENTRO","DELEGACION":"CUAUHTEMOC","ATENDIO":"SSP","ATENDIO_DG":"NO RELEVANTE","FUENTE":"C5","LESIONADOS":0,"FALLECIDOS":0,"LONGITUD":-99.132765,"LATITUD":19.432278}},{"type":"Feature","id":404,"geometry":{"type":"Point","coordinates":[-99.16732699992245,19.42618700007061]},"properties":{"FID":404,"OBJECTID":5680,"FECHA":1485043200000,"FOLIO":596,"HORA":"12:00:00 a. m.","FENOMENO":"SOCIO ORGANIZATIVO","TAXONOM\u00cdA":"CONCENTRACIONES MASIVAS DE POBLACION","GRUPO":"NO APLICA","INCIDENTE":"MANIFESTACION O MITIN","CAUSAS":"EN CONTRA DEL GASOLINAZO","CALLE_Y_NU":"PASEO DE LA REFORMA ESQ. FLORENCIA","COLONIA":"CUAUHTEMOC","DELEGACION":"CUAUHTEMOC","ATENDIO":"SSP","ATENDIO_DG":"NO RELEVANTE","FUENTE":"C5","LESIONADOS":0,"FALLECIDOS":0,"LONGITUD":-99.167327,"LATITUD":19.426187}},{"type":"Feature","id":405,"geometry":{"type":"Point","coordinates":[-99.16732699992245,19.42618700007061]},"properties":{"FID":405,"OBJECTID":5681,"FECHA":1485043200000,"FOLIO":598,"HORA":"12:00:00 a. m.","FENOMENO":"SOCIO ORGANIZATIVO","TAXONOM\u00cdA":"CONCENTRACIONES MASIVAS DE POBLACION","GRUPO":"NO APLICA","INCIDENTE":"MANIFESTACION O MITIN","CAUSAS":"EN CONTRA DEL GASOLINAZO","CALLE_Y_NU":"PASEO DE LA REFORMA ESQ. FLORENCIA","COLONIA":"CUAUHTEMOC","DELEGACION":"CUAUHTEMOC","ATENDIO":"SSP","ATENDIO_DG":"NO RELEVANTE","FUENTE":"C5","LESIONADOS":0,"FALLECIDOS":0,"LONGITUD":-99.167327,"LATITUD":19.426187}},{"type":"Feature","id":406,"geometry":{"type":"Point","coordinates":[-99.11355000036895,19.40591400006644]},"properties":{"FID":406,"OBJECTID":5685,"FECHA":1485043200000,"FOLIO":608,"HORA":"12:00:00 a. m.","FENOMENO":"SOCIO ORGANIZATIVO","TAXONOM\u00cdA":"CONCENTRACIONES MASIVAS DE POBLACION","GRUPO":"NO APLICA","INCIDENTE":"BLOQUEOS","CAUSAS":"FALTA DE ENERGIA ELECTRICA","CALLE_Y_NU":"FRANCISCO DEL PASO Y TRONCOSO ESQ. VIADUCTO RIO PIEDAD","COLONIA":"MAGDALENA MIXHUCA","DELEGACION":"VENUSTIANO CARRANZA","ATENDIO":"SSP, CFE","ATENDIO_DG":"NO RELEVANTE","FUENTE":"C5","LESIONADOS":0,"FALLECIDOS":0,"LONGITUD":-99.11355,"LATITUD":19.405914}},{"type":"Feature","id":407,"geometry":{"type":"Point","coordinates":[-99.02375299972637,19.20590000028182]},"properties":{"FID":407,"OBJECTID":5689,"FECHA":1485043200000,"FOLIO":612,"HORA":"12:00:00 a. m.","FENOMENO":"SOCIO ORGANIZATIVO","TAXONOM\u00cdA":"CONCENTRACIONES MASIVAS DE POBLACION","GRUPO":"GESTION DE SERVICIOS DE EMERGENCIA","INCIDENTE":"SOLICITUD DE SERVICIOS DGEM","CAUSAS":"TRASLADO DE MUSEO MOVIL","CALLE_Y_NU":"AV. JALISCO ESQ. AV. MEXICO NORTE","COLONIA":"BARRIO SANTA MARTHA","DELEGACION":"MILPA ALTA","ATENDIO":"SSP","ATENDIO_DG":"REGIONAL SUR, S.-15, S.-28 Y S.-9","FUENTE":"SIN FUENTE","LESIONADOS":0,"FALLECIDOS":0,"LONGITUD":-99.023753,"LATITUD":19.2059}},{"type":"Feature","id":408,"geometry":{"type":"Point","coordinates":[-99.15787999983786,19.444239999610073]},"properties":{"FID":408,"OBJECTID":5693,"FECHA":1485129600000,"FOLIO":617,"HORA":"12:00:00 a. m.","FENOMENO":"SOCIO ORGANIZATIVO","TAXONOM\u00cdA":"CONCENTRACIONES MASIVAS DE POBLACION","GRUPO":"NO APLICA","INCIDENTE":"BLOQUEOS","CAUSAS":"PORQUE NO SE HAN CONCLUIDO LOS TRABAJAOS DE REMODELACION EN EL JARDIN DE NI\u00d1OS","CALLE_Y_NU":"SANTA MARIA LA RIBERA ESQ. RAMON LOPEZ VELARDE","COLONIA":"SANTA MARIA LA RIBERA","DELEGACION":"CUAUHTEMOC","ATENDIO":"UPC, SSP","ATENDIO_DG":"S.-26","FUENTE":"REDES SOCIALES","LESIONADOS":0,"FALLECIDOS":0,"LONGITUD":-99.15788,"LATITUD":19.44424}},{"type":"Feature","id":409,"geometry":{"type":"Point","coordinates":[-99.1567340001515,19.431963999815164]},"properties":{"FID":409,"OBJECTID":5710,"FECHA":1485129600000,"FOLIO":648,"HORA":"12:00:00 a. m.","FENOMENO":"SOCIO ORGANIZATIVO","TAXONOM\u00cdA":"CONCENTRACIONES MASIVAS DE POBLACION","GRUPO":"GESTION DE SERVICIOS DE EMERGENCIA","INCIDENTE":"TRABAJOS DE MODERNIZACION DE LA RED DEL PASEO DE LA REFORMA DE LA CFE","CAUSAS":"PREVENCION","CALLE_Y_NU":"PASO DE LA REFORMA","COLONIA":"JUAREZ","DELEGACION":"CUAUHTEMOC","ATENDIO":"CFE, SSP","ATENDIO_DG":"S.-26","FUENTE":"DGEM","LESIONADOS":0,"FALLECIDOS":0,"LONGITUD":-99.156734,"LATITUD":19.431964}},{"type":"Feature","id":410,"geometry":{"type":"Point","coordinates":[-99.13864999952654,19.43487519966582]},"properties":{"FID":410,"OBJECTID":5715,"FECHA":1485216000000,"FOLIO":661,"HORA":"12:00:00 a. m.","FENOMENO":"SOCIO ORGANIZATIVO","TAXONOM\u00cdA":"CONCENTRACIONES MASIVAS DE POBLACION","GRUPO":"NO APLICA","INCIDENTE":"MANIFESTACION O MITIN","CAUSAS":"SOLICITANDO SEAN RESPETADAS SU ACTIVIDADES","CALLE_Y_NU":"TACUBA ESQ. XICOTENCATL","COLONIA":"CENTRO","DELEGACION":"CUAUHTEMOC","ATENDIO":"UPC, SSP","ATENDIO_DG":"NO RELEVANTE","FUENTE":"C5","LESIONADOS":0,"FALLECIDOS":0,"LONGITUD":-99.13865,"LATITUD":19.4348752}},{"type":"Feature","id":411,"geometry":{"type":"Point","coordinates":[-99.19305999925204,19.384870000521698]},"properties":{"FID":411,"OBJECTID":5728,"FECHA":1485216000000,"FOLIO":676,"HORA":"12:00:00 a. m.","FENOMENO":"SOCIO ORGANIZATIVO","TAXONOM\u00cdA":"CONCENTRACIONES MASIVAS DE POBLACION","GRUPO":"GESTION DE SERVICIOS DE EMERGENCIA","INCIDENTE":"TRABAJOS DE MODERNIZACION DE LA RED DEL PASEO DE LA REFORMA DE LA CFE","CAUSAS":"PREVENCION","CALLE_Y_NU":"PASEO DE LA REFORMA","COLONIA":"JUAREZ","DELEGACION":"CUAUHTEMOC","ATENDIO":"CFE, SSP","ATENDIO_DG":"S.-26","FUENTE":"DGEM","LESIONADOS":0,"FALLECIDOS":0,"LONGITUD":-99.19306,"LATITUD":19.38487}},{"type":"Feature","id":412,"geometry":{"type":"Point","coordinates":[-99.15747149942285,19.43220669992937]},"properties":{"FID":412,"OBJECTID":5756,"FECHA":1485302400000,"FOLIO":717,"HORA":"12:00:00 a. m.","FENOMENO":"SOCIO ORGANIZATIVO","TAXONOM\u00cdA":"CONCENTRACIONES MASIVAS DE POBLACION","GRUPO":"GESTION DE SERVICIOS DE EMERGENCIA","INCIDENTE":"TRABAJOS DE MODERNIZACION DE LA RED DEL PASEO DE LA REFORMA DE LA CFE","CAUSAS":"PREVENCION","CALLE_Y_NU":"PASEO DE LA REFORMA","COLONIA":"JUAREZ","DELEGACION":"CUAUHTEMOC","ATENDIO":"CFE, SSP","ATENDIO_DG":"S.-26","FUENTE":"DGEM","LESIONADOS":0,"FALLECIDOS":0,"LONGITUD":-99.1574715,"LATITUD":19.4322067}},{"type":"Feature","id":413,"geometry":{"type":"Point","coordinates":[-99.28974799966076,19.267539000153555]},"properties":{"FID":413,"OBJECTID":5786,"FECHA":1485475200000,"FOLIO":762,"HORA":"12:00:00 a. m.","FENOMENO":"SOCIO ORGANIZATIVO","TAXONOM\u00cdA":"CONCENTRACIONES MASIVAS DE POBLACION","GRUPO":"GESTION DE SERVICIOS DE EMERGENCIA","INCIDENTE":"RESCATE DE PERSONAS","CAUSAS":"EXTRAVIADAS","CALLE_Y_NU":"CAMINO A LOS DINAMOS DE CONTRERAS CUARTO DINAMO","COLONIA":"SAN NICOLAS TOTOLAPAN","DELEGACION":"MAGDALENA CONTRERAS","ATENDIO":"HCB, UPC, SSP","ATENDIO_DG":"NO RELEVANTE","FUENTE":"C5","LESIONADOS":0,"FALLECIDOS":0,"LONGITUD":-99.289748,"LATITUD":19.267539}},{"type":"Feature","id":414,"geometry":{"type":"Point","coordinates":[-99.17429700084058,19.423855999862084]},"properties":{"FID":414,"OBJECTID":5789,"FECHA":1485475200000,"FOLIO":764,"HORA":"12:00:00 a. m.","FENOMENO":"SOCIO ORGANIZATIVO","TAXONOM\u00cdA":"CONCENTRACIONES MASIVAS DE POBLACION","GRUPO":"GESTION DE SERVICIOS DE EMERGENCIA","INCIDENTE":"TRABAJOS DE MODERNIZACION DE LA RED DEL PASEO DE LA REFORMA DE LA CFE","CAUSAS":"PREVENCION","CALLE_Y_NU":"PASEO DE LA REFORMA","COLONIA":"JUAREZ","DELEGACION":"CUAUHTEMOC","ATENDIO":"CFE, SSP","ATENDIO_DG":"S.-26","FUENTE":"DGEM","LESIONADOS":0,"FALLECIDOS":0,"LONGITUD":-99.174297,"LATITUD":19.423856}},{"type":"Feature","id":415,"geometry":{"type":"Point","coordinates":[-99.14684499974416,19.437625000587598]},"properties":{"FID":415,"OBJECTID":5797,"FECHA":1485561600000,"FOLIO":774,"HORA":"12:00:00 a. m.","FENOMENO":"SOCIO ORGANIZATIVO","TAXONOM\u00cdA":"CONCENTRACIONES MASIVAS DE POBLACION","GRUPO":"NO APLICA","INCIDENTE":"FIESTAS RELIGIOSAS Y\/O PATRONALES","CAUSAS":"CELEBRACION DE MISAS EN SAN JUDAS TADEO","CALLE_Y_NU":"PASEO DE LA REFORMA ESQ. AV. HIDALGO","COLONIA":"GUERRERO","DELEGACION":"CUAUHTEMOC","ATENDIO":"SSP","ATENDIO_DG":"S.-26 (TIEMPO DE RESPUESTA 01 MIN.)","FUENTE":"DGEM","LESIONADOS":0,"FALLECIDOS":0,"LONGITUD":-99.146845,"LATITUD":19.437625}},{"type":"Feature","id":416,"geometry":{"type":"Point","coordinates":[-99.00811299976496,19.263381000673714]},"properties":{"FID":416,"OBJECTID":5803,"FECHA":1485561600000,"FOLIO":785,"HORA":"12:00:00 a. m.","FENOMENO":"SOCIO ORGANIZATIVO","TAXONOM\u00cdA":"CONCENTRACIONES MASIVAS DE POBLACION","GRUPO":"NO APLICA","INCIDENTE":"BLOQUEOS","CAUSAS":"DEMANDABAN MAYOR SEGURIDAD PUBLICA","CALLE_Y_NU":"CALZADA TLAHUAC TULYEHUALCO ESQ. DESIERTO","COLONIA":"AMPLIACION LA CONCHITA","DELEGACION":"TLAHUAC","ATENDIO":"SSP","ATENDIO_DG":"NO RELEVANTE","FUENTE":"C5","LESIONADOS":0,"FALLECIDOS":0,"LONGITUD":-99.008113,"LATITUD":19.263381}},{"type":"Feature","id":417,"geometry":{"type":"Point","coordinates":[-99.171450000255,19.424763999840536]},"properties":{"FID":417,"OBJECTID":5811,"FECHA":1485648000000,"FOLIO":793,"HORA":"12:00:00 a. m.","FENOMENO":"SOCIO ORGANIZATIVO","TAXONOM\u00cdA":"CONCENTRACIONES MASIVAS DE POBLACION","GRUPO":"NO APLICA","INCIDENTE":"EVENTO MASIVO","CAUSAS":"CARRERA ATLETICA FUCAM","CALLE_Y_NU":"CARRERA ATLETICA FUCAM. PASEO DE LA REFORMA ESQ. SEVILLA","COLONIA":"JUAREZ","DELEGACION":"CUAUHTEMOC","ATENDIO":"SSP","ATENDIO_DG":"NO RELEVANTE","FUENTE":"C5","LESIONADOS":0,"FALLECIDOS":0,"LONGITUD":-99.17145,"LATITUD":19.424764}},{"type":"Feature","id":418,"geometry":{"type":"Point","coordinates":[-99.22189700010817,19.38713899996719]},"properties":{"FID":418,"OBJECTID":5816,"FECHA":1485648000000,"FOLIO":801,"HORA":"12:00:00 a. m.","FENOMENO":"SOCIO ORGANIZATIVO","TAXONOM\u00cdA":"CONCENTRACIONES MASIVAS DE POBLACION","GRUPO":"NO APLICA","INCIDENTE":"BLOQUEOS","CAUSAS":"LA FALTA DE AGUA POTABLE","CALLE_Y_NU":"VASCO DE QUIROGA ESQ. ANTIGUA VIA LA VENTA","COLONIA":"ARTURO MARTINEZ","DELEGACION":"ALVARO OBREGON","ATENDIO":"SACMEX","ATENDIO_DG":"NO RELEVANTE","FUENTE":"C5","LESIONADOS":0,"FALLECIDOS":0,"LONGITUD":-99.221897,"LATITUD":19.387139}},{"type":"Feature","id":419,"geometry":{"type":"Point","coordinates":[-99.1674910006801,19.42647700016357]},"properties":{"FID":419,"OBJECTID":5818,"FECHA":1485648000000,"FOLIO":804,"HORA":"12:00:00 a. m.","FENOMENO":"SOCIO ORGANIZATIVO","TAXONOM\u00cdA":"CONCENTRACIONES MASIVAS DE POBLACION","GRUPO":"NO APLICA","INCIDENTE":"MANIFESTACION O MITIN","CAUSAS":"MARCHA ANTITAURINA","CALLE_Y_NU":"PASEO DE LA REFORMA ESQ. FLORENCIA","COLONIA":"JUAREZ","DELEGACION":"CUAUHTEMOC","ATENDIO":"NO APLICA","ATENDIO_DG":"NO RELEVANTE","FUENTE":"C5","LESIONADOS":0,"FALLECIDOS":0,"LONGITUD":-99.167491,"LATITUD":19.426477}},{"type":"Feature","id":420,"geometry":{"type":"Point","coordinates":[-98.99325900063113,19.217208000073754]},"properties":{"FID":420,"OBJECTID":5824,"FECHA":1485734400000,"FOLIO":813,"HORA":"12:00:00 a. m.","FENOMENO":"SOCIO ORGANIZATIVO","TAXONOM\u00cdA":"CONCENTRACIONES MASIVAS DE POBLACION","GRUPO":"GESTION DE SERVICIOS DE EMERGENCIA","INCIDENTE":"SOLICITUD DE SERVICIOS DGEM","CAUSAS":"TRASLADO DE MUSEO MOVIL","CALLE_Y_NU":"NO APLICA","COLONIA":"SAN ANTONIO TECOMITL","DELEGACION":"MILPA ALTA","ATENDIO":"NO APLICA","ATENDIO_DG":"S.-27, S.-15 S.-12 Y S.-6","FUENTE":"SIN FUENTE","LESIONADOS":0,"FALLECIDOS":0,"LONGITUD":-98.993259,"LATITUD":19.217208}},{"type":"Feature","id":421,"geometry":{"type":"Point","coordinates":[-99.13338699983514,19.432584999680447]},"properties":{"FID":421,"OBJECTID":5832,"FECHA":1485734400000,"FOLIO":821,"HORA":"12:00:00 a. m.","FENOMENO":"SOCIO ORGANIZATIVO","TAXONOM\u00cdA":"CONCENTRACIONES MASIVAS DE POBLACION","GRUPO":"NO APLICA","INCIDENTE":"MANIFESTACION O MITIN","CAUSAS":"EN CONTRA DE LOS ALTOS COSTOS DEL PREDIAL","CALLE_Y_NU":"CIRCUITO PLAZA DE LA CONSTITUCION ESQ. AV. 20 DE NOVIEMBRE","COLONIA":"CENTRO","DELEGACION":"CUAUHTEMOC","ATENDIO":"SSP","ATENDIO_DG":"S.-25","FUENTE":"DGEM","LESIONADOS":0,"FALLECIDOS":0,"LONGITUD":-99.133387,"LATITUD":19.432585}},{"type":"Feature","id":422,"geometry":{"type":"Point","coordinates":[-99.1684560001899,19.42654800047996]},"properties":{"FID":422,"OBJECTID":5833,"FECHA":1485734400000,"FOLIO":822,"HORA":"12:00:00 a. m.","FENOMENO":"SOCIO ORGANIZATIVO","TAXONOM\u00cdA":"CONCENTRACIONES MASIVAS DE POBLACION","GRUPO":"NO APLICA","INCIDENTE":"MANIFESTACION O MITIN","CAUSAS":"ORGANIZACION GENERAL DE OBREROS Y CAMPESINOS","CALLE_Y_NU":"PASEO DE LA REFORMA ESQ. FLORENCIA","COLONIA":"JUAREZ","DELEGACION":"CUAUHTEMOC","ATENDIO":"SSP, UPC","ATENDIO_DG":"NO RELEVANTE","FUENTE":"SSP","LESIONADOS":0,"FALLECIDOS":0,"LONGITUD":-99.168456,"LATITUD":19.426548}},{"type":"Feature","id":423,"geometry":{"type":"Point","coordinates":[-99.15678300078619,19.432063000161534]},"properties":{"FID":423,"OBJECTID":5850,"FECHA":1485734400000,"FOLIO":844,"HORA":"12:00:00 a. m.","FENOMENO":"SOCIO ORGANIZATIVO","TAXONOM\u00cdA":"CONCENTRACIONES MASIVAS DE POBLACION","GRUPO":"GESTION DE SERVICIOS DE EMERGENCIA","INCIDENTE":"TRABAJOS DE MODERNIZACION DE LA RED DEL PASEO DE LA REFORMA DE LA CFE","CAUSAS":"PREVENCION","CALLE_Y_NU":"PASEO DE LA REFORMA","COLONIA":"JUAREZ","DELEGACION":"CUAUHTEMOC","ATENDIO":"CFE, SSP","ATENDIO_DG":"REGIONAL CENTRO","FUENTE":"DGEM","LESIONADOS":0,"FALLECIDOS":0,"LONGITUD":-99.156783,"LATITUD":19.432063}},{"type":"Feature","id":424,"geometry":{"type":"Point","coordinates":[-99.13338699983514,19.432584999680447]},"properties":{"FID":424,"OBJECTID":5860,"FECHA":1485820800000,"FOLIO":854,"HORA":"12:00:00 a. m.","FENOMENO":"SOCIO ORGANIZATIVO","TAXONOM\u00cdA":"CONCENTRACIONES MASIVAS DE POBLACION","GRUPO":"NO APLICA","INCIDENTE":"MANIFESTACION O MITIN","CAUSAS":"EN CONTRA DEL GASOLINAZO","CALLE_Y_NU":"CIRCUITO PLAZA DE LA CONSTITUCION ESQ. AV. 20 DE NOVIEMBRE","COLONIA":"CENTRO","DELEGACION":"CUAUHTEMOC","ATENDIO":"SSP","ATENDIO_DG":"S.-25","FUENTE":"DGEM","LESIONADOS":0,"FALLECIDOS":0,"LONGITUD":-99.133387,"LATITUD":19.432585}},{"type":"Feature","id":425,"geometry":{"type":"Point","coordinates":[-99.17477399974354,19.38603200021163]},"properties":{"FID":425,"OBJECTID":5861,"FECHA":1485820800000,"FOLIO":855,"HORA":"12:00:00 a. m.","FENOMENO":"SOCIO ORGANIZATIVO","TAXONOM\u00cdA":"CONCENTRACIONES MASIVAS DE POBLACION","GRUPO":"NO APLICA","INCIDENTE":"MANIFESTACION O MITIN","CAUSAS":"EN CONTRA DEL INCREMENTO A LOS COMBUSTIBLES","CALLE_Y_NU":"AV. INSURGENTES SUR No. 890","COLONIA":"DEL VALLE","DELEGACION":"BENITO JUAREZ","ATENDIO":"SSP","ATENDIO_DG":"NO RELEVANTE","FUENTE":"SSP","LESIONADOS":0,"FALLECIDOS":0,"LONGITUD":-99.174774,"LATITUD":19.386032}},{"type":"Feature","id":426,"geometry":{"type":"Point","coordinates":[-99.15563000031531,19.436226999533137]},"properties":{"FID":426,"OBJECTID":5864,"FECHA":1485820800000,"FOLIO":861,"HORA":"12:00:00 a. m.","FENOMENO":"SOCIO ORGANIZATIVO","TAXONOM\u00cdA":"CONCENTRACIONES MASIVAS DE POBLACION","GRUPO":"NO APLICA","INCIDENTE":"MANIFESTACION O MITIN","CAUSAS":"FRENTE AUTENTICO DEL CAMPO","CALLE_Y_NU":"AV. PLAZA DE LA REPUBLICA ESQ. IGNACIO VALLARTA","COLONIA":"TABACALERA","DELEGACION":"CUAUHTEMOC","ATENDIO":"SSP","ATENDIO_DG":"REGIONAL CENTRO","FUENTE":"DGEM","LESIONADOS":0,"FALLECIDOS":0,"LONGITUD":-99.15563,"LATITUD":19.436227}},{"type":"Feature","id":427,"geometry":{"type":"Point","coordinates":[-99.19305999925204,19.384870000521698]},"properties":{"FID":427,"OBJECTID":5875,"FECHA":1485820800000,"FOLIO":876,"HORA":"12:00:00 a. m.","FENOMENO":"SOCIO ORGANIZATIVO","TAXONOM\u00cdA":"CONCENTRACIONES MASIVAS DE POBLACION","GRUPO":"GESTION DE SERVICIOS DE EMERGENCIA","INCIDENTE":"TRABAJOS DE MODERNIZACION DE LA RED DEL PASEO DE LA REFORMA DE LA CFE","CAUSAS":"PREVENCION","CALLE_Y_NU":"PASEO DE LA REFORMA","COLONIA":"JUAREZ","DELEGACION":"CUAUHTEMOC","ATENDIO":"CFE, SSP","ATENDIO_DG":"S.-26","FUENTE":"DGEM","LESIONADOS":0,"FALLECIDOS":0,"LONGITUD":-99.19306,"LATITUD":19.38487}},{"type":"Feature","id":428,"geometry":{"type":"Point","coordinates":[-99.19305999925204,19.384870000521698]},"properties":{"FID":428,"OBJECTID":5908,"FECHA":1487203200000,"FOLIO":0,"HORA":"S\/D","FENOMENO":"SOCIO ORGANIZATIVO","TAXONOM\u00cdA":"CONCENTRACIONES MASIVAS DE POBLACION","GRUPO":"GESTION DE SERVICIOS DE EMERGENCIA","INCIDENTE":"TRABAJOS DE MODERNIZACION DE LA RED DEL PASEO DE LA REFORMA DE LA CFE","CAUSAS":"PREVENCION","CALLE_Y_NU":"PASEO DE LA REFORMA","COLONIA":"JUAREZ","DELEGACION":"CUAUHTEMOC","ATENDIO":"CFE, SSP","ATENDIO_DG":"S.-26","FUENTE":"NO APLICA","LESIONADOS":0,"FALLECIDOS":0,"LONGITUD":-99.19306,"LATITUD":19.38487}},{"type":"Feature","id":429,"geometry":{"type":"Point","coordinates":[-99.13948099974161,19.435870000072622]},"properties":{"FID":429,"OBJECTID":5923,"FECHA":1487289600000,"FOLIO":0,"HORA":"12:00:00 a. m.","FENOMENO":"SOCIO ORGANIZATIVO","TAXONOM\u00cdA":"CONCENTRACIONES MASIVAS DE POBLACION","GRUPO":"NO APLICA","INCIDENTE":"SIMULACRO","CAUSAS":"PREVENCION","CALLE_Y_NU":"TACUBA No. 5 ESQ. FILOMENO MATA","COLONIA":"CENTRO","DELEGACION":"CUAUHTEMOC","ATENDIO":"UPC","ATENDIO_DG":"S.-25","FUENTE":"NO APLICA","LESIONADOS":0,"FALLECIDOS":0,"LONGITUD":-99.139481,"LATITUD":19.43587}},{"type":"Feature","id":430,"geometry":{"type":"Point","coordinates":[-99.1623291503186,19.430090500316695]},"properties":{"FID":430,"OBJECTID":5931,"FECHA":1487289600000,"FOLIO":0,"HORA":"12:00:00 a. m.","FENOMENO":"SOCIO ORGANIZATIVO","TAXONOM\u00cdA":"CONCENTRACIONES MASIVAS DE POBLACION","GRUPO":"GESTION DE SERVICIOS DE EMERGENCIA","INCIDENTE":"TRABAJOS DE MODERNIZACION DE LA RED DEL PASEO DE LA REFORMA DE LA CFE","CAUSAS":"PREVENCION","CALLE_Y_NU":"PASEO DE LA REFORMA","COLONIA":"JUAREZ","DELEGACION":"CUAUHTEMOC","ATENDIO":"CFE, SSP","ATENDIO_DG":"S.-26","FUENTE":"NO APLICA","LESIONADOS":0,"FALLECIDOS":0,"LONGITUD":-99.16232915,"LATITUD":19.4300905}},{"type":"Feature","id":431,"geometry":{"type":"Point","coordinates":[-99.13251599992239,19.433120000584264]},"properties":{"FID":431,"OBJECTID":5954,"FECHA":1487462400000,"FOLIO":0,"HORA":"12:00:00 a. m.","FENOMENO":"SOCIO ORGANIZATIVO","TAXONOM\u00cdA":"CONCENTRACIONES MASIVAS DE POBLACION","GRUPO":"NO APLICA","INCIDENTE":"EVENTO MASIVO","CAUSAS":"CONCIERTO MIGUEL BOSE","CALLE_Y_NU":"PLAZA DE LA CONSTITUCION ENTRE 16 DE SEPTIEMBRE Y FRANCISCO I. MADERO","COLONIA":"CENTRO","DELEGACION":"CUAUHTEMOC","ATENDIO":"ERUM, SSP, PGJ, LOCATEL, AGU, UPC","ATENDIO_DG":"FENIX, REGIONAL CENTRO, S.-20 Y S.-24","FUENTE":"NO APLICA","LESIONADOS":0,"FALLECIDOS":0,"LONGITUD":-99.132516,"LATITUD":19.43312}},{"type":"Feature","id":432,"geometry":{"type":"Point","coordinates":[-99.2024999998105,19.438419999821658]},"properties":{"FID":432,"OBJECTID":5967,"FECHA":1487548800000,"FOLIO":0,"HORA":"12:00:00 a. m.","FENOMENO":"SOCIO ORGANIZATIVO","TAXONOM\u00cdA":"CONCENTRACIONES MASIVAS DE POBLACION","GRUPO":"NO APLICA","INCIDENTE":"SIMULACRO","CAUSAS":"PREVENCION","CALLE_Y_NU":"AV. EJERCITO NACIONAL  ESQ. PROLONGACION MOLIERE","COLONIA":"POLANCO","DELEGACION":"MIGUEL HIDALGO","ATENDIO":"HCB, SSP","ATENDIO_DG":"S.-11 Y S.-18 (TIEMPO DE RESPUESTA 23 MIN.)","FUENTE":"NO APLICA","LESIONADOS":0,"FALLECIDOS":0,"LONGITUD":-99.2025,"LATITUD":19.43842}},{"type":"Feature","id":433,"geometry":{"type":"Point","coordinates":[-99.1623291503186,19.430090500316695]},"properties":{"FID":433,"OBJECTID":5977,"FECHA":1487548800000,"FOLIO":0,"HORA":"12:00:00 a. m.","FENOMENO":"SOCIO ORGANIZATIVO","TAXONOM\u00cdA":"CONCENTRACIONES MASIVAS DE POBLACION","GRUPO":"GESTION DE SERVICIOS DE EMERGENCIA","INCIDENTE":"TRABAJOS DE MODERNIZACION DE LA RED DEL PASEO DE LA REFORMA DE LA CFE","CAUSAS":"PREVENCION","CALLE_Y_NU":"PASEO DE LA REFORMA","COLONIA":"JUAREZ","DELEGACION":"CUAUHTEMOC","ATENDIO":"CFE, SSP","ATENDIO_DG":"S.-26","FUENTE":"NO APLICA","LESIONADOS":0,"FALLECIDOS":0,"LONGITUD":-99.16232915,"LATITUD":19.4300905}},{"type":"Feature","id":434,"geometry":{"type":"Point","coordinates":[-99.08665500004457,19.35656200002375]},"properties":{"FID":434,"OBJECTID":5983,"FECHA":1487635200000,"FOLIO":0,"HORA":"12:00:00 a. m.","FENOMENO":"SOCIO ORGANIZATIVO","TAXONOM\u00cdA":"CONCENTRACIONES MASIVAS DE POBLACION","GRUPO":"NO APLICA","INCIDENTE":"BLOQUEOS","CAUSAS":"EN CONTRA DE LA CONSTRUCCION DE UNA SUBESTACION ELECTRICA","CALLE_Y_NU":"CALZADA ERMITA IZTAPALAPA ESQ. AV. JAVIER ROJO GOMEZ","COLONIA":"BARRIO SAN PABLO","DELEGACION":"IZTAPALAPA","ATENDIO":"UPC, SSP","ATENDIO_DG":"S.-14 Y S.-27 (TIEMPO DE RESPUESTA 09 MIN.)","FUENTE":"NO APLICA","LESIONADOS":0,"FALLECIDOS":0,"LONGITUD":-99.086655,"LATITUD":19.356562}},{"type":"Feature","id":435,"geometry":{"type":"Point","coordinates":[-99.13340399991172,19.43195599974825]},"properties":{"FID":435,"OBJECTID":5987,"FECHA":1487635200000,"FOLIO":0,"HORA":"12:00:00 a. m.","FENOMENO":"SOCIO ORGANIZATIVO","TAXONOM\u00cdA":"CONCENTRACIONES MASIVAS DE POBLACION","GRUPO":"NO APLICA","INCIDENTE":"MANIFESTACION O MITIN","CAUSAS":"EN DEMANDA DE QUE SE LES PERMITA SEGUIR VENDIENDO","CALLE_Y_NU":"CIRCUITO PLAZA DE LA CONSTITUCION ESQ. AV. 20 DE NOVIEMBRE","COLONIA":"CENTRO","DELEGACION":"CUAUHTEMOC","ATENDIO":"UPC, SSP","ATENDIO_DG":"S.-25","FUENTE":"NO APLICA","LESIONADOS":0,"FALLECIDOS":0,"LONGITUD":-99.133404,"LATITUD":19.431956}},{"type":"Feature","id":436,"geometry":{"type":"Point","coordinates":[-99.10350600012883,19.327670999884326]},"properties":{"FID":436,"OBJECTID":5998,"FECHA":1487635200000,"FOLIO":0,"HORA":"12:00:00 a. m.","FENOMENO":"SOCIO ORGANIZATIVO","TAXONOM\u00cdA":"CONCENTRACIONES MASIVAS DE POBLACION","GRUPO":"NO APLICA","INCIDENTE":"BLOQUEOS","CAUSAS":"POR FALTA DE ENERGIA ELECTRICA","CALLE_Y_NU":"AV. TLAHUAC ESQ. CALLEJON DE LA PENCA","COLONIA":"SAN ANDRES TOMATLAN","DELEGACION":"TLAHUAC","ATENDIO":"CFE, SSP","ATENDIO_DG":"NO RELEVANTE","FUENTE":"NO APLICA","LESIONADOS":0,"FALLECIDOS":0,"LONGITUD":-99.103506,"LATITUD":19.327671}},{"type":"Feature","id":437,"geometry":{"type":"Point","coordinates":[-99.19305999925204,19.384870000521698]},"properties":{"FID":437,"OBJECTID":5999,"FECHA":1487635200000,"FOLIO":0,"HORA":"12:00:00 a. m.","FENOMENO":"SOCIO ORGANIZATIVO","TAXONOM\u00cdA":"CONCENTRACIONES MASIVAS DE POBLACION","GRUPO":"GESTION DE SERVICIOS DE EMERGENCIA","INCIDENTE":"TRABAJOS DE MODERNIZACION DE LA RED DEL PASEO DE LA REFORMA DE LA CFE","CAUSAS":"PREVENCION","CALLE_Y_NU":"PASEO DE LA REFORMA","COLONIA":"JUAREZ","DELEGACION":"CUAUHTEMOC","ATENDIO":"CFE, SSP","ATENDIO_DG":"S.-26","FUENTE":"NO APLICA","LESIONADOS":0,"FALLECIDOS":0,"LONGITUD":-99.19306,"LATITUD":19.38487}},{"type":"Feature","id":438,"geometry":{"type":"Point","coordinates":[-99.13225799965689,19.431603999973074]},"properties":{"FID":438,"OBJECTID":6012,"FECHA":1487721600000,"FOLIO":0,"HORA":"12:00:00 a. m.","FENOMENO":"SOCIO ORGANIZATIVO","TAXONOM\u00cdA":"CONCENTRACIONES MASIVAS DE POBLACION","GRUPO":"NO APLICA","INCIDENTE":"MANIFESTACION O MITIN","CAUSAS":"EN CONTRA DEL AUMENTO A LA GASOLINA","CALLE_Y_NU":"AV. JOSE MARIA PINO SUAREZ ESQ. CORREGIDORA","COLONIA":"CENTRO","DELEGACION":"CUAUHTEMOC","ATENDIO":"UPC, SSP","ATENDIO_DG":"S.-25","FUENTE":"NO APLICA","LESIONADOS":0,"FALLECIDOS":0,"LONGITUD":-99.132258,"LATITUD":19.431604}},{"type":"Feature","id":439,"geometry":{"type":"Point","coordinates":[-99.13340399991172,19.43195599974825]},"properties":{"FID":439,"OBJECTID":6020,"FECHA":1487721600000,"FOLIO":0,"HORA":"12:00:00 a. m.","FENOMENO":"SOCIO ORGANIZATIVO","TAXONOM\u00cdA":"CONCENTRACIONES MASIVAS DE POBLACION","GRUPO":"NO APLICA","INCIDENTE":"MANIFESTACION O MITIN","CAUSAS":"DIALOGAR REFERENTE AL COMERCIO ANTE LA NUEVA CONSTITUCION","CALLE_Y_NU":"CIRCUITO PLAZA DE LA CONSTITUCION ESQ. AV. 20 DE NOVIEMBRE","COLONIA":"CENTRO","DELEGACION":"CUAUHTEMOC","ATENDIO":"UPC, SSP","ATENDIO_DG":"S.-25","FUENTE":"NO APLICA","LESIONADOS":0,"FALLECIDOS":0,"LONGITUD":-99.133404,"LATITUD":19.431956}},{"type":"Feature","id":440,"geometry":{"type":"Point","coordinates":[-99.1507629993641,19.298453999859255]},"properties":{"FID":440,"OBJECTID":6022,"FECHA":1487721600000,"FOLIO":0,"HORA":"12:00:00 a. m.","FENOMENO":"SOCIO ORGANIZATIVO","TAXONOM\u00cdA":"CONCENTRACIONES MASIVAS DE POBLACION","GRUPO":"NO APLICA","INCIDENTE":"BLOQUEOS","CAUSAS":"EN PROTESTA POR LA CONSTRUCCION DE UN ESTACIONAMIENTO","CALLE_Y_NU":"CALZADA DE TLALPAN ESQ. CALZADA ACUEDUCTO","COLONIA":"SAN LORENZO HUIPULCO","DELEGACION":"TLALPAN","ATENDIO":"UPC, SSP","ATENDIO_DG":"S.-21 (TIEMPO DE RESPUESTA 25 MIN.)","FUENTE":"NO APLICA","LESIONADOS":0,"FALLECIDOS":0,"LONGITUD":-99.150763,"LATITUD":19.298454}},{"type":"Feature","id":441,"geometry":{"type":"Point","coordinates":[-99.15340499998074,19.43356099983031]},"properties":{"FID":441,"OBJECTID":6032,"FECHA":1487721600000,"FOLIO":0,"HORA":"12:00:00 a. m.","FENOMENO":"SOCIO ORGANIZATIVO","TAXONOM\u00cdA":"CONCENTRACIONES MASIVAS DE POBLACION","GRUPO":"GESTION DE SERVICIOS DE EMERGENCIA","INCIDENTE":"TRABAJOS DE MODERNIZACION DE LA RED DEL PASEO DE LA REFORMA DE LA CFE","CAUSAS":"PREVENCION","CALLE_Y_NU":"PASEO DE LA REFORMA","COLONIA":"JUAREZ","DELEGACION":"CUAUHTEMOC","ATENDIO":"CFE, SSP","ATENDIO_DG":"S.-26","FUENTE":"NO APLICA","LESIONADOS":0,"FALLECIDOS":0,"LONGITUD":-99.153405,"LATITUD":19.433561}},{"type":"Feature","id":442,"geometry":{"type":"Point","coordinates":[-99.18556800069496,19.298354999598033]},"properties":{"FID":442,"OBJECTID":6034,"FECHA":1487808000000,"FOLIO":0,"HORA":"12:00:00 a. m.","FENOMENO":"SOCIO ORGANIZATIVO","TAXONOM\u00cdA":"CONCENTRACIONES MASIVAS DE POBLACION","GRUPO":"NO APLICA","INCIDENTE":"MANIFESTACION O MITIN","CAUSAS":"SOLICITAN APOYO PARA EL CAMPO","CALLE_Y_NU":"AV. INSURGENTES SUR No. 3483","COLONIA":"MIGUEL HIDALGO","DELEGACION":"TLALPAN","ATENDIO":"UPC, SSP","ATENDIO_DG":"NO RELEVANTE","FUENTE":"NO APLICA","LESIONADOS":0,"FALLECIDOS":0,"LONGITUD":-99.185568,"LATITUD":19.298355}},{"type":"Feature","id":443,"geometry":{"type":"Point","coordinates":[-99.15552800035353,19.404189999760483]},"properties":{"FID":443,"OBJECTID":6037,"FECHA":1487808000000,"FOLIO":0,"HORA":"12:00:00 a. m.","FENOMENO":"SOCIO ORGANIZATIVO","TAXONOM\u00cdA":"CONCENTRACIONES MASIVAS DE POBLACION","GRUPO":"NO APLICA","INCIDENTE":"MANIFESTACION O MITIN","CAUSAS":"SOLICITAR EL 50% DE INCREMENTO SALARIAL Y RESPETO AL CONTRATO COLECTIVO","CALLE_Y_NU":"AV. CUAUHTEMOC ESQ. VIADUCTO MIGUEL ALEMAN","COLONIA":"ROMA SUR","DELEGACION":"CUAUHTEMOC","ATENDIO":"UPC, SSP","ATENDIO_DG":"NO RELEVANTE","FUENTE":"NO APLICA","LESIONADOS":0,"FALLECIDOS":0,"LONGITUD":-99.155528,"LATITUD":19.40419}},{"type":"Feature","id":444,"geometry":{"type":"Point","coordinates":[-99.19305999925204,19.384870000521698]},"properties":{"FID":444,"OBJECTID":6057,"FECHA":1487808000000,"FOLIO":0,"HORA":"12:00:00 a. m.","FENOMENO":"SOCIO ORGANIZATIVO","TAXONOM\u00cdA":"CONCENTRACIONES MASIVAS DE POBLACION","GRUPO":"GESTION DE SERVICIOS DE EMERGENCIA","INCIDENTE":"TRABAJOS DE MODERNIZACION DE LA RED DEL PASEO DE LA REFORMA DE LA CFE","CAUSAS":"PREVENCION","CALLE_Y_NU":"PASEO DE LA REFORMA","COLONIA":"JUAREZ","DELEGACION":"CUAUHTEMOC","ATENDIO":"CFE, SSP","ATENDIO_DG":"S.-26","FUENTE":"NO APLICA","LESIONADOS":0,"FALLECIDOS":0,"LONGITUD":-99.19306,"LATITUD":19.38487}},{"type":"Feature","id":445,"geometry":{"type":"Point","coordinates":[-99.08674399970351,19.356477000456746]},"properties":{"FID":445,"OBJECTID":6071,"FECHA":1487894400000,"FOLIO":0,"HORA":"12:00:00 a. m.","FENOMENO":"SOCIO ORGANIZATIVO","TAXONOM\u00cdA":"CONCENTRACIONES MASIVAS DE POBLACION","GRUPO":"NO APLICA","INCIDENTE":"BLOQUEOS","CAUSAS":"EN PROTESTA PORQUE FUERON RETIRADOS DE LOS ANDENES","CALLE_Y_NU":"CALZADA ERMITA IZTAPALAPA ESQ. AV. JAVIER ROJO GOMEZ","COLONIA":"BARRIO SAN PABLO","DELEGACION":"IZTAPALAPA","ATENDIO":"UPC, SSP","ATENDIO_DG":"S.-14","FUENTE":"NO APLICA","LESIONADOS":0,"FALLECIDOS":0,"LONGITUD":-99.086744,"LATITUD":19.356477}},{"type":"Feature","id":446,"geometry":{"type":"Point","coordinates":[-99.16793500003935,19.427454999970408]},"properties":{"FID":446,"OBJECTID":6073,"FECHA":1487894400000,"FOLIO":0,"HORA":"12:00:00 a. m.","FENOMENO":"SOCIO ORGANIZATIVO","TAXONOM\u00cdA":"CONCENTRACIONES MASIVAS DE POBLACION","GRUPO":"NO APLICA","INCIDENTE":"MANIFESTACION O MITIN","CAUSAS":"EN CONTRA EL ALZA EN EL PRECIO DE LA GASOLINA","CALLE_Y_NU":"PASEO DE LA REFORMA ESQ. RIO TIBER","COLONIA":"CUAUHTEMOC","DELEGACION":"CUAUHTEMOC","ATENDIO":"UPC, SSP","ATENDIO_DG":"NO RELEVANTE","FUENTE":"NO APLICA","LESIONADOS":0,"FALLECIDOS":0,"LONGITUD":-99.167935,"LATITUD":19.427455}},{"type":"Feature","id":447,"geometry":{"type":"Point","coordinates":[-99.18621099991884,19.303028000302735]},"properties":{"FID":447,"OBJECTID":6075,"FECHA":1487894400000,"FOLIO":0,"HORA":"12:00:00 a. m.","FENOMENO":"SOCIO ORGANIZATIVO","TAXONOM\u00cdA":"CONCENTRACIONES MASIVAS DE POBLACION","GRUPO":"NO APLICA","INCIDENTE":"MANIFESTACION O MITIN","CAUSAS":"POR LO QUE LLAMAN INCUMPLIMIENTOS DE LA CONADE","CALLE_Y_NU":"AV. INSURGENTES ESQ. PERIFERICO","COLONIA":"INSURGENTES CUICUILCO","DELEGACION":"COYOACAN","ATENDIO":"UPC, SSP","ATENDIO_DG":"NO RELEVANTE","FUENTE":"NO APLICA","LESIONADOS":0,"FALLECIDOS":0,"LONGITUD":-99.186211,"LATITUD":19.303028}},{"type":"Feature","id":448,"geometry":{"type":"Point","coordinates":[-99.15340499998074,19.43356099983031]},"properties":{"FID":448,"OBJECTID":6088,"FECHA":1487894400000,"FOLIO":0,"HORA":"12:00:00 a. m.","FENOMENO":"SOCIO ORGANIZATIVO","TAXONOM\u00cdA":"CONCENTRACIONES MASIVAS DE POBLACION","GRUPO":"GESTION DE SERVICIOS DE EMERGENCIA","INCIDENTE":"TRABAJOS DE MODERNIZACION DE LA RED DEL PASEO DE LA REFORMA DE LA CFE","CAUSAS":"PREVENCION","CALLE_Y_NU":"PASEO DE LA REFORMA","COLONIA":"JUAREZ","DELEGACION":"CUAUHTEMOC","ATENDIO":"CFE, SSP","ATENDIO_DG":"S.-26","FUENTE":"NO APLICA","LESIONADOS":0,"FALLECIDOS":0,"LONGITUD":-99.153405,"LATITUD":19.433561}},{"type":"Feature","id":449,"geometry":{"type":"Point","coordinates":[-99.11738799996265,19.483604000320256]},"properties":{"FID":449,"OBJECTID":6101,"FECHA":1488067200000,"FOLIO":0,"HORA":"12:00:00 a. m.","FENOMENO":"SOCIO ORGANIZATIVO","TAXONOM\u00cdA":"CONCENTRACIONES MASIVAS DE POBLACION","GRUPO":"NO APLICA","INCIDENTE":"FIESTAS RELIGIOSAS Y\/O PATRONALES","CAUSAS":"PEREGRINACION","CALLE_Y_NU":"CALZ. DE GUADALUPE ESQ. PASEO ZUMARRAGA","COLONIA":"ARAGON LA VILLA","DELEGACION":"GUSTAVO A. MADERO","ATENDIO":"SSP","ATENDIO_DG":"NO RELEVANTE","FUENTE":"NO APLICA","LESIONADOS":0,"FALLECIDOS":0,"LONGITUD":-99.117388,"LATITUD":19.483604}},{"type":"Feature","id":450,"geometry":{"type":"Point","coordinates":[-99.15884900041259,19.431626999384775]},"properties":{"FID":450,"OBJECTID":6102,"FECHA":1488067200000,"FOLIO":0,"HORA":"12:00:00 a. m.","FENOMENO":"SOCIO ORGANIZATIVO","TAXONOM\u00cdA":"CONCENTRACIONES MASIVAS DE POBLACION","GRUPO":"NO APLICA","INCIDENTE":"MANIFESTACION O MITIN","CAUSAS":"SIN CAUSA","CALLE_Y_NU":"PASEO DE LA REFORMA ESQ. VILLALONGIN","COLONIA":"TABACALERA","DELEGACION":"CUAUHTEMOC","ATENDIO":"SSP","ATENDIO_DG":"NO RELEVANTE","FUENTE":"NO APLICA","LESIONADOS":0,"FALLECIDOS":0,"LONGITUD":-99.158849,"LATITUD":19.431627}},{"type":"Feature","id":451,"geometry":{"type":"Point","coordinates":[-99.13837500079667,19.451855999989018]},"properties":{"FID":451,"OBJECTID":6106,"FECHA":1488067200000,"FOLIO":0,"HORA":"12:00:00 a. m.","FENOMENO":"SOCIO ORGANIZATIVO","TAXONOM\u00cdA":"CONCENTRACIONES MASIVAS DE POBLACION","GRUPO":"NO APLICA","INCIDENTE":"MANIFESTACION O MITIN","CAUSAS":"AHORA O NUNCA","CALLE_Y_NU":"EJE CENTRAL ESQ. FLORES MAGON","COLONIA":"UH. TLATELOLCO","DELEGACION":"CUAUHTEMOC","ATENDIO":"SSP","ATENDIO_DG":"NO RELEVANTE","FUENTE":"NO APLICA","LESIONADOS":0,"FALLECIDOS":0,"LONGITUD":-99.138375,"LATITUD":19.451856}},{"type":"Feature","id":452,"geometry":{"type":"Point","coordinates":[-99.13766100029319,19.43565400065647]},"properties":{"FID":452,"OBJECTID":6108,"FECHA":1488067200000,"FOLIO":0,"HORA":"12:00:00 a. m.","FENOMENO":"SOCIO ORGANIZATIVO","TAXONOM\u00cdA":"CONCENTRACIONES MASIVAS DE POBLACION","GRUPO":"NO APLICA","INCIDENTE":"MANIFESTACION O MITIN","CAUSAS":"CNTE","CALLE_Y_NU":"BELISARIO DOMINGUEZ ESQ. ALLENDE","COLONIA":"CENTRO","DELEGACION":"CUAUHTEMOC","ATENDIO":"SSP","ATENDIO_DG":"NO RELEVANTE","FUENTE":"NO APLICA","LESIONADOS":0,"FALLECIDOS":0,"LONGITUD":-99.137661,"LATITUD":19.435654}},{"type":"Feature","id":453,"geometry":{"type":"Point","coordinates":[-99.15445800026278,19.435460000557296]},"properties":{"FID":453,"OBJECTID":6123,"FECHA":1488153600000,"FOLIO":0,"HORA":"12:00:00 a. m.","FENOMENO":"SOCIO ORGANIZATIVO","TAXONOM\u00cdA":"CONCENTRACIONES MASIVAS DE POBLACION","GRUPO":"NO APLICA","INCIDENTE":"MANIFESTACION O MITIN","CAUSAS":"SE LIBERE EL PRESUPUESTO PARA PROGRAMAS SOCIALES","CALLE_Y_NU":"PLAZA DE LA REPUBLICA ESQ. IGNACIO RAMIREZ","COLONIA":"TABACALERA","DELEGACION":"CUAUHTEMOC","ATENDIO":"SSP","ATENDIO_DG":"NO RELEVANTE","FUENTE":"NO APLICA","LESIONADOS":0,"FALLECIDOS":0,"LONGITUD":-99.154458,"LATITUD":19.43546}},{"type":"Feature","id":454,"geometry":{"type":"Point","coordinates":[-99.15644599978518,19.433247099766138]},"properties":{"FID":454,"OBJECTID":6141,"FECHA":1488153600000,"FOLIO":0,"HORA":"12:00:00 a. m.","FENOMENO":"SOCIO ORGANIZATIVO","TAXONOM\u00cdA":"CONCENTRACIONES MASIVAS DE POBLACION","GRUPO":"GESTION DE SERVICIOS DE EMERGENCIA","INCIDENTE":"TRABAJOS DE MODERNIZACION DE LA RED DEL PASEO DE LA REFORMA DE LA CFE","CAUSAS":"PREVENCION","CALLE_Y_NU":"PASEO DE LA REFORMA","COLONIA":"JUAREZ","DELEGACION":"CUAUHTEMOC","ATENDIO":"CFE, SSP","ATENDIO_DG":"S.-26","FUENTE":"NO APLICA","LESIONADOS":0,"FALLECIDOS":0,"LONGITUD":-99.156446,"LATITUD":19.4332471}},{"type":"Feature","id":455,"geometry":{"type":"Point","coordinates":[-99.14678899966931,19.437879000221326]},"properties":{"FID":455,"OBJECTID":6154,"FECHA":1488240000000,"FOLIO":0,"HORA":"12:00:00 a. m.","FENOMENO":"SOCIO ORGANIZATIVO","TAXONOM\u00cdA":"CONCENTRACIONES MASIVAS DE POBLACION","GRUPO":"NO APLICA","INCIDENTE":"FIESTAS RELIGIOSAS Y\/O PATRONALES","CAUSAS":"CELEBRACION MENSUAL DE SAN JUDAS TADEO EN LA IGLESIA DE SAN HIPOLITO","CALLE_Y_NU":"PUENTE DE ALVARADO ESQUINA AV. PASEO DE LA REFORMA","COLONIA":"TABACALERA","DELEGACION":"CUAUHTEMOC","ATENDIO":"SSP, UPCD","ATENDIO_DG":"S.-26","FUENTE":"NO APLICA","LESIONADOS":0,"FALLECIDOS":0,"LONGITUD":-99.146789,"LATITUD":19.437879}},{"type":"Feature","id":456,"geometry":{"type":"Point","coordinates":[-99.15431099982771,19.432771000375027]},"properties":{"FID":456,"OBJECTID":6168,"FECHA":1488240000000,"FOLIO":0,"HORA":"12:00:00 a. m.","FENOMENO":"SOCIO ORGANIZATIVO","TAXONOM\u00cdA":"CONCENTRACIONES MASIVAS DE POBLACION","GRUPO":"GESTION DE SERVICIOS DE EMERGENCIA","INCIDENTE":"TRABAJOS DE MODERNIZACION DE LA RED DEL PASEO DE LA REFORMA DE LA CFE","CAUSAS":"PREVENCION","CALLE_Y_NU":"PASEO DE LA REFORMA","COLONIA":"JUAREZ","DELEGACION":"CUAUHTEMOC","ATENDIO":"CFE","ATENDIO_DG":"S.-26","FUENTE":"NO APLICA","LESIONADOS":0,"FALLECIDOS":0,"LONGITUD":-99.154311,"LATITUD":19.432771}},{"type":"Feature","id":457,"geometry":{"type":"Point","coordinates":[-99.13338699983514,19.432584999680447]},"properties":{"FID":457,"OBJECTID":6178,"FECHA":-2209161600000,"FOLIO":914,"HORA":"12:00:00 a. m.","FENOMENO":"SOCIO ORGANIZATIVO","TAXONOM\u00cdA":"CONCENTRACIONES MASIVAS DE POBLACION","GRUPO":"NO APLICA","INCIDENTE":"EVENTO MASIVO","CAUSAS":"FESTIVAL DEL TAMAL DE LA CDMX","CALLE_Y_NU":"CIRCUITO PLAZA DE LA CONSTITUCION ESQ. AV. 20 DE NOVIEMBRE","COLONIA":"CENTRO","DELEGACION":"CUAUHTEMOC","ATENDIO":"SEDEMA, SSP","ATENDIO_DG":"NO RELEVANTE","FUENTE":"SSP","LESIONADOS":0,"FALLECIDOS":0,"LONGITUD":-99.133387,"LATITUD":19.432585}},{"type":"Feature","id":458,"geometry":{"type":"Point","coordinates":[-99.16421799983068,19.272541999811263]},"properties":{"FID":458,"OBJECTID":6199,"FECHA":-2209161600000,"FOLIO":976,"HORA":"12:00:00 a. m.","FENOMENO":"SOCIO ORGANIZATIVO","TAXONOM\u00cdA":"CONCENTRACIONES MASIVAS DE POBLACION","GRUPO":"NO APLICA","INCIDENTE":"BLOQUEOS","CAUSAS":"NORMALISTAS DE AYOTZINAPA","CALLE_Y_NU":"AUTOPISTA MEXICO-CUERNAVACA ESQ. PROL. MANZANO","COLONIA":"VALLE VERDE","DELEGACION":"TLALPAN","ATENDIO":"SSP","ATENDIO_DG":"NO RELEVANTE","FUENTE":"C5","LESIONADOS":0,"FALLECIDOS":0,"LONGITUD":-99.164218,"LATITUD":19.272542}},{"type":"Feature","id":459,"geometry":{"type":"Point","coordinates":[-99.14631220036243,19.435154499624833]},"properties":{"FID":459,"OBJECTID":6201,"FECHA":-2209161600000,"FOLIO":979,"HORA":"12:00:00 a. m.","FENOMENO":"SOCIO ORGANIZATIVO","TAXONOM\u00cdA":"CONCENTRACIONES MASIVAS DE POBLACION","GRUPO":"NO APLICA","INCIDENTE":"MANIFESTACION O MITIN","CAUSAS":"A FAVOR DEL PACTO CIUDADANO DE RENDICION DE CUENTAS DEL GRUPO PARLAMENTARIO","CALLE_Y_NU":"PASEO DE LA REFORMA ESQ. AV. JUAREZ","COLONIA":"CENTRO","DELEGACION":"CUAUHTEMOC","ATENDIO":"SSP","ATENDIO_DG":"NO RELEVANTE","FUENTE":"C5","LESIONADOS":0,"FALLECIDOS":0,"LONGITUD":-99.1463122,"LATITUD":19.4351545}},{"type":"Feature","id":460,"geometry":{"type":"Point","coordinates":[-99.13247399980088,19.43189400029104]},"properties":{"FID":460,"OBJECTID":6207,"FECHA":-2209161600000,"FOLIO":989,"HORA":"12:00:00 a. m.","FENOMENO":"SOCIO ORGANIZATIVO","TAXONOM\u00cdA":"CONCENTRACIONES MASIVAS DE POBLACION","GRUPO":"NO APLICA","INCIDENTE":"EVENTO MASIVO","CAUSAS":" ","CALLE_Y_NU":"PLAZA DE LA CONSTITUCION ESQ. 20 DE NOVIEMBRE","COLONIA":"CENTRO","DELEGACION":"CUAUHTEMOC","ATENDIO":"SSP","ATENDIO_DG":"NO RELEVANTE","FUENTE":"C5","LESIONADOS":0,"FALLECIDOS":0,"LONGITUD":-99.132474,"LATITUD":19.431894}},{"type":"Feature","id":461,"geometry":{"type":"Point","coordinates":[-99.13447599939904,19.431915999836068]},"properties":{"FID":461,"OBJECTID":6214,"FECHA":-2209161600000,"FOLIO":1006,"HORA":"12:00:00 a. m.","FENOMENO":"SOCIO ORGANIZATIVO","TAXONOM\u00cdA":"CONCENTRACIONES MASIVAS DE POBLACION","GRUPO":"NO APLICA","INCIDENTE":"EVENTO MASIVO","CAUSAS":"ENTREGA DE LA CONSTITUCION DE LA CDMX","CALLE_Y_NU":"PLAZA DE LA CONSTITUCION S\/N ESQ. 20 DE NOVIEMBRE","COLONIA":"CENTRO","DELEGACION":"CUAUHTEMOC","ATENDIO":"GDF","ATENDIO_DG":"REGIONAL CENTRO, S.-10, S.-22, S.-20, S.-24, RAFAEL SOSA Y VLADIMIR PEREZ TOVAR","FUENTE":"DGEM","LESIONADOS":0,"FALLECIDOS":0,"LONGITUD":-99.134476,"LATITUD":19.431916}},{"type":"Feature","id":462,"geometry":{"type":"Point","coordinates":[-99.16734100010349,19.426150999991982]},"properties":{"FID":462,"OBJECTID":6219,"FECHA":-2209161600000,"FOLIO":1015,"HORA":"12:00:00 a. m.","FENOMENO":"SOCIO ORGANIZATIVO","TAXONOM\u00cdA":"CONCENTRACIONES MASIVAS DE POBLACION","GRUPO":"NO APLICA","INCIDENTE":"MANIFESTACION O MITIN","CAUSAS":"EN CONTRA DEL GASOLINAZO","CALLE_Y_NU":"PASEO DE LA REFORMA ESQ. FLORENCIA","COLONIA":"JUAREZ","DELEGACION":"CUAUHTEMOC","ATENDIO":"SSP","ATENDIO_DG":"NO RELEVANTE","FUENTE":"C5","LESIONADOS":0,"FALLECIDOS":0,"LONGITUD":-99.167341,"LATITUD":19.426151}},{"type":"Feature","id":463,"geometry":{"type":"Point","coordinates":[-99.13686399990736,19.40026999994107]},"properties":{"FID":463,"OBJECTID":6235,"FECHA":-2209161600000,"FOLIO":1058,"HORA":"12:00:00 a. m.","FENOMENO":"SOCIO ORGANIZATIVO","TAXONOM\u00cdA":"CONCENTRACIONES MASIVAS DE POBLACION","GRUPO":"NO APLICA","INCIDENTE":"MANIFESTACION O MITIN","CAUSAS":"EN DEMANDA DE: VIVIENDA, RECURSOS PARA PROYECTOS PRODUCTIVOS","CALLE_Y_NU":"CALZADA DE TLALPAN ESQ. CORU\u00d1A","COLONIA":"VIADUCTO PIEDAD","DELEGACION":"IZTACALCO","ATENDIO":"SSP","ATENDIO_DG":"S.-25","FUENTE":"SSP","LESIONADOS":0,"FALLECIDOS":0,"LONGITUD":-99.136864,"LATITUD":19.40027}},{"type":"Feature","id":464,"geometry":{"type":"Point","coordinates":[-99.19498400004257,19.424894999651848]},"properties":{"FID":464,"OBJECTID":6258,"FECHA":-2209161600000,"FOLIO":1136,"HORA":"12:00:00 a. m.","FENOMENO":"SOCIO ORGANIZATIVO","TAXONOM\u00cdA":"CONCENTRACIONES MASIVAS DE POBLACION","GRUPO":"NO APLICA","INCIDENTE":"MANIFESTACION O MITIN","CAUSAS":"CNTE","CALLE_Y_NU":"PASEO DE LA REFORMA No. 50 ESQ. CALZADA CHIVATITO","COLONIA":"LOMAS DE CHAPULTEPEC","DELEGACION":"MIGUEL HIDALGO","ATENDIO":"UPC","ATENDIO_DG":"REGIONAL CENTRO","FUENTE":"SIN FUENTE","LESIONADOS":0,"FALLECIDOS":0,"LONGITUD":-99.194984,"LATITUD":19.424895}},{"type":"Feature","id":465,"geometry":{"type":"Point","coordinates":[-99.16740900059021,19.426502999997087]},"properties":{"FID":465,"OBJECTID":6271,"FECHA":-2209161600000,"FOLIO":1217,"HORA":"12:00:00 a. m.","FENOMENO":"SOCIO ORGANIZATIVO","TAXONOM\u00cdA":"CONCENTRACIONES MASIVAS DE POBLACION","GRUPO":"NO APLICA","INCIDENTE":"MANIFESTACION O MITIN","CAUSAS":"EN CONTRA DEL MURO, EN LA FRONTERA CON ESTADOS UNIDOS","CALLE_Y_NU":"PASEO DE LA REFORMA ESQ. FLORENCIA","COLONIA":"JUAREZ","DELEGACION":"CUAUHTEMOC","ATENDIO":"SSP","ATENDIO_DG":"REGIONAL CENTRO, S.-10, S.-20, S.-22 Y S.-24 (TIEMPO DE 01 MIN.)","FUENTE":"C5","LESIONADOS":0,"FALLECIDOS":0,"LONGITUD":-99.167409,"LATITUD":19.426503}},{"type":"Feature","id":466,"geometry":{"type":"Point","coordinates":[-99.05207600057614,19.28778400010665]},"properties":{"FID":466,"OBJECTID":6282,"FECHA":-2209161600000,"FOLIO":1238,"HORA":"12:00:00 a. m.","FENOMENO":"SOCIO ORGANIZATIVO","TAXONOM\u00cdA":"CONCENTRACIONES MASIVAS DE POBLACION","GRUPO":"NO APLICA","INCIDENTE":"MANIFESTACION O MITIN","CAUSAS":"EN PROTESTA POR LO QUE LLAMAN MAL SERVICIO","CALLE_Y_NU":"AV. LA TURBA No. 655 ESQ. GABRIELA MISTRAL","COLONIA":"VILLA CENTRO AMERICANA","DELEGACION":"TLAHUAC","ATENDIO":"SSP, SEDESA","ATENDIO_DG":"NO RELEVANTE","FUENTE":"C5","LESIONADOS":0,"FALLECIDOS":0,"LONGITUD":-99.052076,"LATITUD":19.287784}},{"type":"Feature","id":467,"geometry":{"type":"Point","coordinates":[-99.15039800018577,19.419352999962303]},"properties":{"FID":467,"OBJECTID":6283,"FECHA":-2209161600000,"FOLIO":1239,"HORA":"12:00:00 a. m.","FENOMENO":"SOCIO ORGANIZATIVO","TAXONOM\u00cdA":"CONCENTRACIONES MASIVAS DE POBLACION","GRUPO":"NO APLICA","INCIDENTE":"BLOQUEOS","CAUSAS":"PORQUE FUERON RETIRADOS SUS PUESTOS","CALLE_Y_NU":"AV. NI\u00d1OS HEROES ESQ. DR. VELASCO","COLONIA":"DOCTORES","DELEGACION":"CUAUHTEMOC","ATENDIO":"SSP","ATENDIO_DG":"NO RELEVANTE","FUENTE":"SSP","LESIONADOS":0,"FALLECIDOS":0,"LONGITUD":-99.150398,"LATITUD":19.419353}},{"type":"Feature","id":468,"geometry":{"type":"Point","coordinates":[-99.13326899924505,19.431939999963816]},"properties":{"FID":468,"OBJECTID":6297,"FECHA":-2209161600000,"FOLIO":1279,"HORA":"12:00:00 a. m.","FENOMENO":"SOCIO ORGANIZATIVO","TAXONOM\u00cdA":"CONCENTRACIONES MASIVAS DE POBLACION","GRUPO":"NO APLICA","INCIDENTE":"EVENTO MASIVO","CAUSAS":"CELEBRACION CON FLORES","CALLE_Y_NU":"CIRCUITO PLAZA DE LA CONSTITUCION ESQ. AV. 20 DE NOVIEMBRE","COLONIA":"CENTRO","DELEGACION":"CUAUHTEMOC","ATENDIO":"UPC, SSP","ATENDIO_DG":"S.-25","FUENTE":"DGEM","LESIONADOS":0,"FALLECIDOS":0,"LONGITUD":-99.133269,"LATITUD":19.43194}},{"type":"Feature","id":469,"geometry":{"type":"Point","coordinates":[-99.15421499929626,19.436478799773507]},"properties":{"FID":469,"OBJECTID":6318,"FECHA":-2209161600000,"FOLIO":903,"HORA":"S\/D","FENOMENO":"SOCIO ORGANIZATIVO","TAXONOM\u00cdA":"CONCENTRACIONES MASIVAS DE POBLACION","GRUPO":"GESTION DE SERVICIOS DE EMERGENCIA","INCIDENTE":"TRABAJOS DE MODERNIZACION DE LA RED DEL PASEO DE LA REFORMA DE LA CFE","CAUSAS":"PREVENCION","CALLE_Y_NU":"PASEO DE LA REFORMA","COLONIA":"JUAREZ","DELEGACION":"CUAUHTEMOC","ATENDIO":"CFE, SSP","ATENDIO_DG":"S.-26","FUENTE":"DGEM","LESIONADOS":0,"FALLECIDOS":0,"LONGITUD":-99.154215,"LATITUD":19.4364788}},{"type":"Feature","id":470,"geometry":{"type":"Point","coordinates":[-99.19305999925204,19.384870000521698]},"properties":{"FID":470,"OBJECTID":6327,"FECHA":-2209161600000,"FOLIO":933,"HORA":"S\/D","FENOMENO":"SOCIO ORGANIZATIVO","TAXONOM\u00cdA":"CONCENTRACIONES MASIVAS DE POBLACION","GRUPO":"GESTION DE SERVICIOS DE EMERGENCIA","INCIDENTE":"TRABAJOS DE MODERNIZACION DE LA RED DEL PASEO DE LA REFORMA DE LA CFE","CAUSAS":"PREVENCION","CALLE_Y_NU":"PASEO DE LA REFORMA","COLONIA":"JUAREZ","DELEGACION":"CUAUHTEMOC","ATENDIO":"CFE, IASIS","ATENDIO_DG":"S.-26","FUENTE":"DGEM","LESIONADOS":0,"FALLECIDOS":0,"LONGITUD":-99.19306,"LATITUD":19.38487}},{"type":"Feature","id":471,"geometry":{"type":"Point","coordinates":[-99.15744299992016,19.43206089985135]},"properties":{"FID":471,"OBJECTID":6344,"FECHA":-2209161600000,"FOLIO":968,"HORA":"S\/D","FENOMENO":"SOCIO ORGANIZATIVO","TAXONOM\u00cdA":"CONCENTRACIONES MASIVAS DE POBLACION","GRUPO":"GESTION DE SERVICIOS DE EMERGENCIA","INCIDENTE":"TRABAJOS DE MODERNIZACION DE LA RED DEL PASEO DE LA REFORMA DE LA CFE","CAUSAS":"PREVENCION","CALLE_Y_NU":"PASEO DE LA REFORMA","COLONIA":"JUAREZ","DELEGACION":"CUAUHTEMOC","ATENDIO":"CFE, SSP","ATENDIO_DG":"REGIONAL CENTRO","FUENTE":"DGEM","LESIONADOS":0,"FALLECIDOS":0,"LONGITUD":-99.157443,"LATITUD":19.4320609}},{"type":"Feature","id":472,"geometry":{"type":"Point","coordinates":[-99.19305999925204,19.384870000521698]},"properties":{"FID":472,"OBJECTID":6377,"FECHA":-2209161600000,"FOLIO":1084,"HORA":"S\/D","FENOMENO":"SOCIO ORGANIZATIVO","TAXONOM\u00cdA":"CONCENTRACIONES MASIVAS DE POBLACION","GRUPO":"GESTION DE SERVICIOS DE EMERGENCIA","INCIDENTE":"TRABAJOS DE MODERNIZACION DE LA RED DEL PASEO DE LA REFORMA DE LA CFE","CAUSAS":"PREVENCION","CALLE_Y_NU":"PASEO DE LA REFORMA","COLONIA":"JUAREZ","DELEGACION":"CUAUHTEMOC","ATENDIO":"CFE, SSP","ATENDIO_DG":"S.-26","FUENTE":"DGEM","LESIONADOS":0,"FALLECIDOS":0,"LONGITUD":-99.19306,"LATITUD":19.38487}},{"type":"Feature","id":473,"geometry":{"type":"Point","coordinates":[-99.15782899965185,19.431800999959922]},"properties":{"FID":473,"OBJECTID":6393,"FECHA":-2209161600000,"FOLIO":1124,"HORA":"S\/D","FENOMENO":"SOCIO ORGANIZATIVO","TAXONOM\u00cdA":"CONCENTRACIONES MASIVAS DE POBLACION","GRUPO":"GESTION DE SERVICIOS DE EMERGENCIA","INCIDENTE":"TRABAJOS DE MODERNIZACION DE LA RED DEL PASEO DE LA REFORMA DE LA CFE","CAUSAS":"PREVENCION","CALLE_Y_NU":"PASEO DE LA REFORMA","COLONIA":"JUAREZ","DELEGACION":"CUAUHTEMOC","ATENDIO":"CFE, SSP","ATENDIO_DG":"REGIONAL CENTRO","FUENTE":"DGEM","LESIONADOS":0,"FALLECIDOS":0,"LONGITUD":-99.157829,"LATITUD":19.431801}},{"type":"Feature","id":474,"geometry":{"type":"Point","coordinates":[-99.19305999925204,19.384870000521698]},"properties":{"FID":474,"OBJECTID":6407,"FECHA":-2209161600000,"FOLIO":1158,"HORA":"12:00:00 a. m.","FENOMENO":"SOCIO ORGANIZATIVO","TAXONOM\u00cdA":"CONCENTRACIONES MASIVAS DE POBLACION","GRUPO":"GESTION DE SERVICIOS DE EMERGENCIA","INCIDENTE":"TRABAJOS DE MODERNIZACION DE LA RED DEL PASEO DE LA REFORMA DE LA CFE","CAUSAS":"PREVENCION","CALLE_Y_NU":"PASEO DE LA REFORMA","COLONIA":"JUAREZ","DELEGACION":"CUAUHTEMOC","ATENDIO":"CFE, SSP","ATENDIO_DG":"S.-26","FUENTE":"DGEM","LESIONADOS":0,"FALLECIDOS":0,"LONGITUD":-99.19306,"LATITUD":19.38487}},{"type":"Feature","id":475,"geometry":{"type":"Point","coordinates":[-99.15788099993375,19.431778999687946]},"properties":{"FID":475,"OBJECTID":6423,"FECHA":-2209161600000,"FOLIO":1185,"HORA":"12:00:00 a. m.","FENOMENO":"SOCIO ORGANIZATIVO","TAXONOM\u00cdA":"CONCENTRACIONES MASIVAS DE POBLACION","GRUPO":"GESTION DE SERVICIOS DE EMERGENCIA","INCIDENTE":"TRABAJOS DE MODERNIZACION DE LA RED DEL PASEO DE LA REFORMA DE LA CFE","CAUSAS":"PREVENCION","CALLE_Y_NU":"PASEO DE LA REFORMA","COLONIA":"JUAREZ","DELEGACION":"CUAUHTEMOC","ATENDIO":"CFE, SSP","ATENDIO_DG":"REGIONAL CENTRO","FUENTE":"DGEM","LESIONADOS":0,"FALLECIDOS":0,"LONGITUD":-99.157881,"LATITUD":19.431779}},{"type":"Feature","id":476,"geometry":{"type":"Point","coordinates":[-99.15783100012695,19.431801999546085]},"properties":{"FID":476,"OBJECTID":6445,"FECHA":-2209161600000,"FOLIO":1260,"HORA":"12:00:00 a. m.","FENOMENO":"SOCIO ORGANIZATIVO","TAXONOM\u00cdA":"CONCENTRACIONES MASIVAS DE POBLACION","GRUPO":"GESTION DE SERVICIOS DE EMERGENCIA","INCIDENTE":"TRABAJOS DE MODERNIZACION DE LA RED DEL PASEO DE LA REFORMA DE LA CFE","CAUSAS":"PREVENCION","CALLE_Y_NU":"PASEO DE LA REFORMA","COLONIA":"JUAREZ","DELEGACION":"CUAUHTEMOC","ATENDIO":"CFE, SSP","ATENDIO_DG":"S.-26","FUENTE":"DGEM","LESIONADOS":0,"FALLECIDOS":0,"LONGITUD":-99.157831,"LATITUD":19.431802}},{"type":"Feature","id":477,"geometry":{"type":"Point","coordinates":[-99.19305999925204,19.384870000521698]},"properties":{"FID":477,"OBJECTID":6460,"FECHA":-2209161600000,"FOLIO":1296,"HORA":"12:00:00 a. m.","FENOMENO":"SOCIO ORGANIZATIVO","TAXONOM\u00cdA":"CONCENTRACIONES MASIVAS DE POBLACION","GRUPO":"GESTION DE SERVICIOS DE EMERGENCIA","INCIDENTE":"TRABAJOS DE MODERNIZACION DE LA RED DEL PASEO DE LA REFORMA DE LA CFE","CAUSAS":"PREVENCION","CALLE_Y_NU":"PASEO DE LA REFORMA","COLONIA":"JUAREZ","DELEGACION":"CUAUHTEMOC","ATENDIO":"CFE, SSP","ATENDIO_DG":"S.-26","FUENTE":"DGEM","LESIONADOS":0,"FALLECIDOS":0,"LONGITUD":-99.19306,"LATITUD":19.38487}},{"type":"Feature","id":478,"geometry":{"type":"Point","coordinates":[-99.15775500043769,19.431857999755422]},"properties":{"FID":478,"OBJECTID":6477,"FECHA":-2209161600000,"FOLIO":1342,"HORA":"12:00:00 a. m.","FENOMENO":"SOCIO ORGANIZATIVO","TAXONOM\u00cdA":"CONCENTRACIONES MASIVAS DE POBLACION","GRUPO":"GESTION DE SERVICIOS DE EMERGENCIA","INCIDENTE":"TRABAJOS DE MODERNIZACION DE LA RED DEL PASEO DE LA REFORMA DE LA CFE","CAUSAS":"PREVENCION","CALLE_Y_NU":"PASEO DE LA REFORMA","COLONIA":"JUAREZ","DELEGACION":"CUAUHTEMOC","ATENDIO":"IASIS","ATENDIO_DG":"S.-26","FUENTE":"DGEM","LESIONADOS":0,"FALLECIDOS":0,"LONGITUD":-99.157755,"LATITUD":19.431858}},{"type":"Feature","id":479,"geometry":{"type":"Point","coordinates":[-99.15305499992009,19.43369099945861]},"properties":{"FID":479,"OBJECTID":6490,"FECHA":1480550400000,"FOLIO":0,"HORA":"12:00:00 a. m.","FENOMENO":"SOCIO ORGANIZATIVO","TAXONOM\u00cdA":"CONCENTRACIONES MASIVAS DE POBLACION","GRUPO":"GESTION DE SERVICIOS DE EMERGENCIA","INCIDENTE":"TRABAJOS DE MODERNIZACION DE LA RED DEL PASEO DE LA REFORMA DE LA CFE","CAUSAS":"PREVENCION","CALLE_Y_NU":"PASEO DE LA REFORMA","COLONIA":"JUAREZ","DELEGACION":"CUAUHTEMOC","ATENDIO":"CFE, SSP","ATENDIO_DG":"S.-26","FUENTE":"DGEM","LESIONADOS":0,"FALLECIDOS":0,"LONGITUD":-99.153055,"LATITUD":19.433691}},{"type":"Feature","id":480,"geometry":{"type":"Point","coordinates":[-99.1540660004708,19.433201999846876]},"properties":{"FID":480,"OBJECTID":6505,"FECHA":1480636800000,"FOLIO":0,"HORA":"12:00:00 a. m.","FENOMENO":"SOCIO ORGANIZATIVO","TAXONOM\u00cdA":"CONCENTRACIONES MASIVAS DE POBLACION","GRUPO":"GESTION DE SERVICIOS DE EMERGENCIA","INCIDENTE":"TRABAJOS DE MODERNIZACION DE LA RED DEL PASEO DE LA REFORMA DE LA CFE","CAUSAS":"PREVENCION","CALLE_Y_NU":"PASEO DE LA REFORMA","COLONIA":"JUAREZ","DELEGACION":"CUAUHTEMOC","ATENDIO":"CFE, SSP","ATENDIO_DG":"S.-26","FUENTE":"CFE","LESIONADOS":0,"FALLECIDOS":0,"LONGITUD":-99.154066,"LATITUD":19.433202}},{"type":"Feature","id":481,"geometry":{"type":"Point","coordinates":[-99.13339599967931,19.432007000067337]},"properties":{"FID":481,"OBJECTID":6508,"FECHA":1480723200000,"FOLIO":0,"HORA":"12:00:00 a. m.","FENOMENO":"SOCIO ORGANIZATIVO","TAXONOM\u00cdA":"CONCENTRACIONES MASIVAS DE POBLACION","GRUPO":"NO APLICA","INCIDENTE":"MANIFESTACION O MITIN","CAUSAS":"MARCHA A FAVOR DE LOS DERECHOS DE LAS PERSONAS CON DISCAPACIDAD","CALLE_Y_NU":"PLAZA DE LA CONSTITUCION S\/N","COLONIA":"CENTRO","DELEGACION":"CUAUHTEMOC","ATENDIO":"SSP","ATENDIO_DG":"NO RELEVANTE","FUENTE":"C5","LESIONADOS":0,"FALLECIDOS":0,"LONGITUD":-99.133396,"LATITUD":19.432007}},{"type":"Feature","id":482,"geometry":{"type":"Point","coordinates":[-99.160414999905,19.374241000085917]},"properties":{"FID":482,"OBJECTID":6541,"FECHA":1480896000000,"FOLIO":0,"HORA":"12:00:00 a. m.","FENOMENO":"SOCIO ORGANIZATIVO","TAXONOM\u00cdA":"CONCENTRACIONES MASIVAS DE POBLACION","GRUPO":"NO APLICA","INCIDENTE":"BLOQUEOS","CAUSAS":"EX TRABAJADORES DE LA UPC BENITO JUAREZ","CALLE_Y_NU":"AV. CUAUHTEMOC ENTRE MIGUEL LAURENT Y SAN LORENZO","COLONIA":"SANTA CRUZ ATOYAC","DELEGACION":"BENITO JUAREZ","ATENDIO":"SSP, UPC","ATENDIO_DG":"S.-11","FUENTE":"DGEM","LESIONADOS":0,"FALLECIDOS":0,"LONGITUD":-99.160415,"LATITUD":19.374241}},{"type":"Feature","id":483,"geometry":{"type":"Point","coordinates":[-99.14909800024628,19.438011000054143]},"properties":{"FID":483,"OBJECTID":6557,"FECHA":1480896000000,"FOLIO":0,"HORA":"12:00:00 a. m.","FENOMENO":"SOCIO ORGANIZATIVO","TAXONOM\u00cdA":"CONCENTRACIONES MASIVAS DE POBLACION","GRUPO":"GESTION DE SERVICIOS DE EMERGENCIA","INCIDENTE":"TRABAJOS DE MODERNIZACION DE LA RED DEL PASEO DE LA REFORMA DE LA CFE","CAUSAS":"PREVENCION","CALLE_Y_NU":"AV. HIDALGO ESQ. ROSALES","COLONIA":"JUAREZ","DELEGACION":"CUAUHTEMOC","ATENDIO":"CFE","ATENDIO_DG":"S.-26","FUENTE":"CFE","LESIONADOS":0,"FALLECIDOS":0,"LONGITUD":-99.149098,"LATITUD":19.438011}},{"type":"Feature","id":484,"geometry":{"type":"Point","coordinates":[-99.16352099967503,19.35803499984038]},"properties":{"FID":484,"OBJECTID":6573,"FECHA":1480982400000,"FOLIO":0,"HORA":"12:00:00 a. m.","FENOMENO":"SOCIO ORGANIZATIVO","TAXONOM\u00cdA":"CONCENTRACIONES MASIVAS DE POBLACION","GRUPO":"NO APLICA","INCIDENTE":"BLOQUEOS","CAUSAS":"RECHAZO A LA CONSTRUCCION DE LA ARENA COYOACAN","CALLE_Y_NU":"AV. CENTENARIO ESQ. RIO CHURUBUSCO","COLONIA":"DEL CARMEN","DELEGACION":"COYOACAN","ATENDIO":"SSP, UPC","ATENDIO_DG":"S.-9","FUENTE":"DGEM","LESIONADOS":0,"FALLECIDOS":0,"LONGITUD":-99.163521,"LATITUD":19.358035}},{"type":"Feature","id":485,"geometry":{"type":"Point","coordinates":[-99.14914000076313,19.43777800020464]},"properties":{"FID":485,"OBJECTID":6581,"FECHA":1480982400000,"FOLIO":0,"HORA":"12:00:00 a. m.","FENOMENO":"SOCIO ORGANIZATIVO","TAXONOM\u00cdA":"CONCENTRACIONES MASIVAS DE POBLACION","GRUPO":"GESTION DE SERVICIOS DE EMERGENCIA","INCIDENTE":"TRABAJOS DE MODERNIZACION DE LA RED DEL PASEO DE LA REFORMA DE LA CFE","CAUSAS":"PREVENCION","CALLE_Y_NU":"AV. HIDALGO ESQ. ROSALES","COLONIA":"JUAREZ","DELEGACION":"CUAUHTEMOC","ATENDIO":"CFE","ATENDIO_DG":"S.-26","FUENTE":"CFE","LESIONADOS":0,"FALLECIDOS":0,"LONGITUD":-99.14914,"LATITUD":19.437778}},{"type":"Feature","id":486,"geometry":{"type":"Point","coordinates":[-99.16732300025042,19.426216000631033]},"properties":{"FID":486,"OBJECTID":6590,"FECHA":1481068800000,"FOLIO":0,"HORA":"12:00:00 a. m.","FENOMENO":"SOCIO ORGANIZATIVO","TAXONOM\u00cdA":"CONCENTRACIONES MASIVAS DE POBLACION","GRUPO":"NO APLICA","INCIDENTE":"MANIFESTACION O MITIN","CAUSAS":"MOVIMIENTO ANTORCHISTA","CALLE_Y_NU":"PASEO DE LA REFORMA Y EJE 2 PTE","COLONIA":"JUAREZ","DELEGACION":"CUAUHTEMOC","ATENDIO":"UPC, SSP","ATENDIO_DG":"S.-20","FUENTE":"SIN FUENTE","LESIONADOS":0,"FALLECIDOS":0,"LONGITUD":-99.167323,"LATITUD":19.426216}},{"type":"Feature","id":487,"geometry":{"type":"Point","coordinates":[-99.14914599963164,19.437775000336725]},"properties":{"FID":487,"OBJECTID":6600,"FECHA":1481068800000,"FOLIO":0,"HORA":"12:00:00 a. m.","FENOMENO":"SOCIO ORGANIZATIVO","TAXONOM\u00cdA":"CONCENTRACIONES MASIVAS DE POBLACION","GRUPO":"GESTION DE SERVICIOS DE EMERGENCIA","INCIDENTE":"TRABAJOS DE MODERNIZACION DE LA RED DEL PASEO DE LA REFORMA DE LA CFE","CAUSAS":"PREVENCION","CALLE_Y_NU":"AV. HIDALGO ESQ. ROSALES","COLONIA":"JUAREZ","DELEGACION":"CUAUHTEMOC","ATENDIO":"CFE","ATENDIO_DG":"S.-26","FUENTE":"CFE","LESIONADOS":0,"FALLECIDOS":0,"LONGITUD":-99.149146,"LATITUD":19.437775}},{"type":"Feature","id":488,"geometry":{"type":"Point","coordinates":[-99.14313899929017,19.42215599994742]},"properties":{"FID":488,"OBJECTID":6610,"FECHA":1481155200000,"FOLIO":0,"HORA":"12:00:00 a. m.","FENOMENO":"SOCIO ORGANIZATIVO","TAXONOM\u00cdA":"CONCENTRACIONES MASIVAS DE POBLACION","GRUPO":"NO APLICA","INCIDENTE":"BLOQUEOS","CAUSAS":"PROTESTA ANTE EL INCUMPLIMIENTO DE PAGOS","CALLE_Y_NU":"EJE CENTRAL LAZARO CARDENAS ESQ. CHIMALPOPOCA","COLONIA":"DOCTORES DELEGACION","DELEGACION":"CUAUHTEMOC","ATENDIO":"SSP","ATENDIO_DG":"REGIONAL CENTRO","FUENTE":"SIN FUENTE","LESIONADOS":0,"FALLECIDOS":0,"LONGITUD":-99.143139,"LATITUD":19.422156}},{"type":"Feature","id":489,"geometry":{"type":"Point","coordinates":[-99.15403500079053,19.43309100012606]},"properties":{"FID":489,"OBJECTID":6619,"FECHA":1481155200000,"FOLIO":0,"HORA":"12:00:00 a. m.","FENOMENO":"SOCIO ORGANIZATIVO","TAXONOM\u00cdA":"CONCENTRACIONES MASIVAS DE POBLACION","GRUPO":"GESTION DE SERVICIOS DE EMERGENCIA","INCIDENTE":"TRABAJOS DE MODERNIZACION DE LA RED DEL PASEO DE LA REFORMA DE LA CFE","CAUSAS":"PREVENCION","CALLE_Y_NU":"AV. HIDALGO ESQ. ROSALES","COLONIA":"JUAREZ","DELEGACION":"CUAUHTEMOC","ATENDIO":"CFE","ATENDIO_DG":"S.-26","FUENTE":"CFE","LESIONADOS":0,"FALLECIDOS":0,"LONGITUD":-99.154035,"LATITUD":19.433091}},{"type":"Feature","id":490,"geometry":{"type":"Point","coordinates":[-99.13922800003452,19.38676100022912]},"properties":{"FID":490,"OBJECTID":6630,"FECHA":1481241600000,"FOLIO":0,"HORA":"12:00:00 a. m.","FENOMENO":"SOCIO ORGANIZATIVO","TAXONOM\u00cdA":"CONCENTRACIONES MASIVAS DE POBLACION","GRUPO":"NO APLICA","INCIDENTE":"BLOQUEOS","CAUSAS":"OPOSICION A LA PRIVATIZACION DEL STC-METRO Y EN CONTRA DE TALA DE ARBOLES","CALLE_Y_NU":"CALZ. DE TLALPAN","COLONIA":"JOSEFA ORTIZ DE DOMINGUEZ","DELEGACION":"TLALPAN","ATENDIO":"SSP","ATENDIO_DG":"S.-21","FUENTE":"SSP","LESIONADOS":0,"FALLECIDOS":0,"LONGITUD":-99.139228,"LATITUD":19.386761}},{"type":"Feature","id":491,"geometry":{"type":"Point","coordinates":[-99.15414400010242,19.433203999541323]},"properties":{"FID":491,"OBJECTID":6650,"FECHA":1481241600000,"FOLIO":0,"HORA":"12:00:00 a. m.","FENOMENO":"SOCIO ORGANIZATIVO","TAXONOM\u00cdA":"CONCENTRACIONES MASIVAS DE POBLACION","GRUPO":"GESTION DE SERVICIOS DE EMERGENCIA","INCIDENTE":"TRABAJOS DE MODERNIZACION DE LA RED DEL PASEO DE LA REFORMA DE LA CFE","CAUSAS":"PREVENCION","CALLE_Y_NU":"AV. HIDALGO ESQ ROSALES","COLONIA":"JUAREZ","DELEGACION":"CUAUHTEMOC","ATENDIO":"CFE","ATENDIO_DG":"S.-26","FUENTE":"CFE","LESIONADOS":0,"FALLECIDOS":0,"LONGITUD":-99.154144,"LATITUD":19.433204}},{"type":"Feature","id":492,"geometry":{"type":"Point","coordinates":[-99.14917500002201,19.437574999759782]},"properties":{"FID":492,"OBJECTID":6701,"FECHA":1481500800000,"FOLIO":0,"HORA":"12:00:00 a. m.","FENOMENO":"SOCIO ORGANIZATIVO","TAXONOM\u00cdA":"CONCENTRACIONES MASIVAS DE POBLACION","GRUPO":"GESTION DE SERVICIOS DE EMERGENCIA","INCIDENTE":"TRABAJOS DE MODERNIZACION DE LA RED DEL PASEO DE LA REFORMA DE LA CFE","CAUSAS":"PREVENCION","CALLE_Y_NU":"AV. HIDALGO ESQ. ROSALES","COLONIA":"JUAREZ","DELEGACION":"CUAUHTEMOC","ATENDIO":"CFE","ATENDIO_DG":"S.-26","FUENTE":"CFE","LESIONADOS":0,"FALLECIDOS":0,"LONGITUD":-99.149175,"LATITUD":19.437575}},{"type":"Feature","id":493,"geometry":{"type":"Point","coordinates":[-99.1342660002316,19.426123999580184]},"properties":{"FID":493,"OBJECTID":6713,"FECHA":1481587200000,"FOLIO":0,"HORA":"12:00:00 a. m.","FENOMENO":"SOCIO ORGANIZATIVO","TAXONOM\u00cdA":"CONCENTRACIONES MASIVAS DE POBLACION","GRUPO":"NO APLICA","INCIDENTE":"BLOQUEOS","CAUSAS":"SOLICITUD DE PERMISOS DE VENTA","CALLE_Y_NU":"IZAZAGA ESQ. 20 DE NOVIEMBRE","COLONIA":"CENTRO","DELEGACION":"CUAUHTEMOC","ATENDIO":"SSP","ATENDIO_DG":"NO RELEVANTE","FUENTE":"SSP","LESIONADOS":0,"FALLECIDOS":0,"LONGITUD":-99.134266,"LATITUD":19.426124}},{"type":"Feature","id":494,"geometry":{"type":"Point","coordinates":[-99.15428500047078,19.43298500067127]},"properties":{"FID":494,"OBJECTID":6720,"FECHA":1481587200000,"FOLIO":0,"HORA":"12:00:00 a. m.","FENOMENO":"SOCIO ORGANIZATIVO","TAXONOM\u00cdA":"CONCENTRACIONES MASIVAS DE POBLACION","GRUPO":"GESTION DE SERVICIOS DE EMERGENCIA","INCIDENTE":"TRABAJOS DE MODERNIZACION DE LA RED DEL PASEO DE LA REFORMA DE LA CFE","CAUSAS":"PREVENCION","CALLE_Y_NU":"AV. HIDALGO ESQ. ROSALES","COLONIA":"JUAREZ","DELEGACION":"CUAUHTEMOC","ATENDIO":"CFE","ATENDIO_DG":"S.-26","FUENTE":"CFE","LESIONADOS":0,"FALLECIDOS":0,"LONGITUD":-99.154285,"LATITUD":19.432985}},{"type":"Feature","id":495,"geometry":{"type":"Point","coordinates":[-99.28040699988087,19.36084800032669]},"properties":{"FID":495,"OBJECTID":6733,"FECHA":1481673600000,"FOLIO":0,"HORA":"12:00:00 a. m.","FENOMENO":"SOCIO ORGANIZATIVO","TAXONOM\u00cdA":"CONCENTRACIONES MASIVAS DE POBLACION","GRUPO":"NO APLICA","INCIDENTE":"BLOQUEOS","CAUSAS":"TRANSPORTISTAS DEL SINDICATO DE TRANSPORTISTAS UNIDOS","CALLE_Y_NU":"JUAN SALVADOR AGRAZ ESQ. PROLONGACION REFORMA","COLONIA":"LOMAS DE SANTA FE","DELEGACION":"ALVARO OBREGON","ATENDIO":"SSP","ATENDIO_DG":"NO RELEVANTE","FUENTE":"SIN FUENTE","LESIONADOS":0,"FALLECIDOS":0,"LONGITUD":-99.280407,"LATITUD":19.360848}},{"type":"Feature","id":496,"geometry":{"type":"Point","coordinates":[-99.15304799948535,19.42751099971737]},"properties":{"FID":496,"OBJECTID":6745,"FECHA":1481673600000,"FOLIO":0,"HORA":"12:00:00 a. m.","FENOMENO":"SOCIO ORGANIZATIVO","TAXONOM\u00cdA":"CONCENTRACIONES MASIVAS DE POBLACION","GRUPO":"GESTION DE SERVICIOS DE EMERGENCIA","INCIDENTE":"TRABAJOS DE MODERNIZACION DE LA RED DEL PASEO DE LA REFORMA DE LA CFE","CAUSAS":"PREVENCION","CALLE_Y_NU":"BUCARELI","COLONIA":"CENTRO","DELEGACION":"CUAUHTEMOC","ATENDIO":"CFE","ATENDIO_DG":"S.-26","FUENTE":"CFE","LESIONADOS":0,"FALLECIDOS":0,"LONGITUD":-99.153048,"LATITUD":19.427511}},{"type":"Feature","id":497,"geometry":{"type":"Point","coordinates":[-99.1666520004807,19.42700599945252]},"properties":{"FID":497,"OBJECTID":6759,"FECHA":1481760000000,"FOLIO":0,"HORA":"12:00:00 a. m.","FENOMENO":"SOCIO ORGANIZATIVO","TAXONOM\u00cdA":"CONCENTRACIONES MASIVAS DE POBLACION","GRUPO":"GESTION DE SERVICIOS DE EMERGENCIA","INCIDENTE":"TRABAJOS DE MODERNIZACION DE LA RED DEL PASEO DE LA REFORMA DE LA CFE","CAUSAS":"PREVENCION","CALLE_Y_NU":"PASEO DE LA REFORMA ESQ. IGNACIO MARISCAL","COLONIA":"JUAREZ","DELEGACION":"CUAUHTEMOC","ATENDIO":"CFE","ATENDIO_DG":"S.-26","FUENTE":"DGEM","LESIONADOS":0,"FALLECIDOS":0,"LONGITUD":-99.166652,"LATITUD":19.427006}},{"type":"Feature","id":498,"geometry":{"type":"Point","coordinates":[-99.1669610000255,19.42651200057083]},"properties":{"FID":498,"OBJECTID":6777,"FECHA":1481846400000,"FOLIO":0,"HORA":"12:00:00 a. m.","FENOMENO":"SOCIO ORGANIZATIVO","TAXONOM\u00cdA":"CONCENTRACIONES MASIVAS DE POBLACION","GRUPO":"GESTION DE SERVICIOS DE EMERGENCIA","INCIDENTE":"TRABAJOS DE MODERNIZACION DE LA RED DEL PASEO DE LA REFORMA DE LA CFE","CAUSAS":"PREVENCION","CALLE_Y_NU":"PASEO DE LA REFORMA","COLONIA":"JUAREZ","DELEGACION":"CUAUHTEMOC","ATENDIO":"CFE, SSP","ATENDIO_DG":"S.-26","FUENTE":"DGEM","LESIONADOS":0,"FALLECIDOS":0,"LONGITUD":-99.166961,"LATITUD":19.426512}},{"type":"Feature","id":499,"geometry":{"type":"Point","coordinates":[-99.16347499981433,19.358541000054792]},"properties":{"FID":499,"OBJECTID":6807,"FECHA":1482105600000,"FOLIO":0,"HORA":"12:00:00 a. m.","FENOMENO":"SOCIO ORGANIZATIVO","TAXONOM\u00cdA":"CONCENTRACIONES MASIVAS DE POBLACION","GRUPO":"NO APLICA","INCIDENTE":"BLOQUEOS","CAUSAS":"EN DEMANDA DE LA DESTITUCION DEL DIRECTOR","CALLE_Y_NU":"AV. MEXICO-COYOACAN ESQ. RIO CHURUBUSCO","COLONIA":"GENERAL PEDRO MARIA ANAYA","DELEGACION":"BENITO JUAREZ","ATENDIO":"SSP","ATENDIO_DG":"S.-21","FUENTE":"C5","LESIONADOS":0,"FALLECIDOS":0,"LONGITUD":-99.163475,"LATITUD":19.358541}},{"type":"Feature","id":500,"geometry":{"type":"Point","coordinates":[-99.15411899984167,19.433201999139737]},"properties":{"FID":500,"OBJECTID":6833,"FECHA":1482192000000,"FOLIO":0,"HORA":"12:00:00 a. m.","FENOMENO":"SOCIO ORGANIZATIVO","TAXONOM\u00cdA":"CONCENTRACIONES MASIVAS DE POBLACION","GRUPO":"GESTION DE SERVICIOS DE EMERGENCIA","INCIDENTE":"TRABAJOS DE MODERNIZACION DE LA RED DEL PASEO DE LA REFORMA DE LA CFE","CAUSAS":"PREVENCION","CALLE_Y_NU":"PASEO DE LA REFORMA","COLONIA":"JUAREZ","DELEGACION":"CUAUHTEMOC","ATENDIO":"CFE, SSP","ATENDIO_DG":"S.-26","FUENTE":"DGEM","LESIONADOS":0,"FALLECIDOS":0,"LONGITUD":-99.154119,"LATITUD":19.433202}},{"type":"Feature","id":501,"geometry":{"type":"Point","coordinates":[-99.21603100018076,19.397483000268743]},"properties":{"FID":501,"OBJECTID":6847,"FECHA":1482278400000,"FOLIO":0,"HORA":"12:00:00 a. m.","FENOMENO":"SOCIO ORGANIZATIVO","TAXONOM\u00cdA":"CONCENTRACIONES MASIVAS DE POBLACION","GRUPO":"NO APLICA","INCIDENTE":"BLOQUEOS","CAUSAS":"EN DEMANDA DEL PAGO DE LA PRIMER QUINCENA DE DICIEMBRE","CALLE_Y_NU":"AV. CONSTITUYENTES No. 1001","COLONIA":"BELEM DE LAS FLORES","DELEGACION":"ALVARO OBREGON","ATENDIO":"SSP","ATENDIO_DG":"NO RELEVANTE","FUENTE":"SSP","LESIONADOS":0,"FALLECIDOS":0,"LONGITUD":-99.216031,"LATITUD":19.397483}},{"type":"Feature","id":502,"geometry":{"type":"Point","coordinates":[-99.15986900003378,19.429982000712144]},"properties":{"FID":502,"OBJECTID":6879,"FECHA":1482364800000,"FOLIO":0,"HORA":"12:00:00 a. m.","FENOMENO":"SOCIO ORGANIZATIVO","TAXONOM\u00cdA":"CONCENTRACIONES MASIVAS DE POBLACION","GRUPO":"GESTION DE SERVICIOS DE EMERGENCIA","INCIDENTE":"TRABAJOS DE MODERNIZACION DE LA RED DEL PASEO DE LA REFORMA DE LA CFE","CAUSAS":"PREVENCION","CALLE_Y_NU":"PASEO DE LA REFORMA","COLONIA":"JUAREZ","DELEGACION":"CUAUHTEMOC","ATENDIO":"CFE, SSP","ATENDIO_DG":"S.-26","FUENTE":"DGEM","LESIONADOS":0,"FALLECIDOS":0,"LONGITUD":-99.159869,"LATITUD":19.429982}},{"type":"Feature","id":503,"geometry":{"type":"Point","coordinates":[-99.02273299952374,19.191562999507724]},"properties":{"FID":503,"OBJECTID":6880,"FECHA":1482364800000,"FOLIO":0,"HORA":"12:00:00 a. m.","FENOMENO":"SOCIO ORGANIZATIVO","TAXONOM\u00cdA":"CONCENTRACIONES MASIVAS DE POBLACION","GRUPO":"GESTION DE SERVICIOS DE EMERGENCIA","INCIDENTE":"SOLICITUD DE SERVICIOS DGEM","CAUSAS":"TRASLADO DE MUSEO MOVIL","CALLE_Y_NU":"NO APLICA","COLONIA":"NO APLICA","DELEGACION":"MILPA ALTA","ATENDIO":"NO APLICA","ATENDIO_DG":"S.-15","FUENTE":"SIN FUENTE","LESIONADOS":0,"FALLECIDOS":0,"LONGITUD":-99.022733,"LATITUD":19.191563}},{"type":"Feature","id":504,"geometry":{"type":"Point","coordinates":[-99.13066800006307,19.453210999308965]},"properties":{"FID":504,"OBJECTID":6918,"FECHA":1482710400000,"FOLIO":0,"HORA":"12:00:00 a. m.","FENOMENO":"SOCIO ORGANIZATIVO","TAXONOM\u00cdA":"CONCENTRACIONES MASIVAS DE POBLACION","GRUPO":"NO APLICA","INCIDENTE":"FIESTAS RELIGIOSAS Y\/O PATRONALES","CAUSAS":"PEREGRINACION","CALLE_Y_NU":"CALZADA DE GUADALUPE ESQ. EJE 2 NORTE","COLONIA":"MORELOS","DELEGACION":"CUAUHTEMOC","ATENDIO":"SSP","ATENDIO_DG":"NO RELEVANTE","FUENTE":"SSP","LESIONADOS":0,"FALLECIDOS":0,"LONGITUD":-99.130668,"LATITUD":19.453211}},{"type":"Feature","id":505,"geometry":{"type":"Point","coordinates":[-99.15416300005704,19.433079999792884]},"properties":{"FID":505,"OBJECTID":6933,"FECHA":1482710400000,"FOLIO":0,"HORA":"12:00:00 a. m.","FENOMENO":"SOCIO ORGANIZATIVO","TAXONOM\u00cdA":"CONCENTRACIONES MASIVAS DE POBLACION","GRUPO":"GESTION DE SERVICIOS DE EMERGENCIA","INCIDENTE":"TRABAJOS DE MODERNIZACION DE LA RED DEL PASEO DE LA REFORMA DE LA CFE","CAUSAS":"PREVENCION","CALLE_Y_NU":"PASEO DE LA REFORMA","COLONIA":"JUAREZ","DELEGACION":"CUAUHTEMOC","ATENDIO":"CFE, SSP","ATENDIO_DG":"S.-26","FUENTE":"DGEM","LESIONADOS":0,"FALLECIDOS":0,"LONGITUD":-99.154163,"LATITUD":19.43308}},{"type":"Feature","id":506,"geometry":{"type":"Point","coordinates":[-99.13329099936328,19.43208800026458]},"properties":{"FID":506,"OBJECTID":6934,"FECHA":1482710400000,"FOLIO":0,"HORA":"12:00:00 a. m.","FENOMENO":"SOCIO ORGANIZATIVO","TAXONOM\u00cdA":"CONCENTRACIONES MASIVAS DE POBLACION","GRUPO":"GESTION DE SERVICIOS DE EMERGENCIA","INCIDENTE":"SOLICITUD DE SERVICIOS DGEM","CAUSAS":"CENTRO DE ACOPIO","CALLE_Y_NU":"PLAZA DE LA CONSTITUCION","COLONIA":"CENTRO","DELEGACION":"CUAUHTEMOC","ATENDIO":"NO APLICA","ATENDIO_DG":"RAFAEL SOSA, MIGUEL ANGEL MARTINEZ, ISAAC VILLANUEVA, ANA BERTHA ARQUETA","FUENTE":"DGEM","LESIONADOS":0,"FALLECIDOS":0,"LONGITUD":-99.133291,"LATITUD":19.432088}},{"type":"Feature","id":507,"geometry":{"type":"Point","coordinates":[-99.15378700010704,19.43338399959338]},"properties":{"FID":507,"OBJECTID":6951,"FECHA":1482796800000,"FOLIO":0,"HORA":"12:00:00 a. m.","FENOMENO":"SOCIO ORGANIZATIVO","TAXONOM\u00cdA":"CONCENTRACIONES MASIVAS DE POBLACION","GRUPO":"GESTION DE SERVICIOS DE EMERGENCIA","INCIDENTE":"TRABAJOS DE MODERNIZACION DE LA RED DEL PASEO DE LA REFORMA DE LA CFE","CAUSAS":"PREVENCION","CALLE_Y_NU":"PASEO DE LA REFORMA","COLONIA":"JUAREZ","DELEGACION":"CUAUHTEMOC","ATENDIO":"CFE, SSP","ATENDIO_DG":"S.-26","FUENTE":"DGEM","LESIONADOS":0,"FALLECIDOS":0,"LONGITUD":-99.153787,"LATITUD":19.433384}},{"type":"Feature","id":508,"geometry":{"type":"Point","coordinates":[-99.14692200016725,19.43780699962008]},"properties":{"FID":508,"OBJECTID":6972,"FECHA":1482883200000,"FOLIO":0,"HORA":"12:00:00 a. m.","FENOMENO":"SOCIO ORGANIZATIVO","TAXONOM\u00cdA":"CONCENTRACIONES MASIVAS DE POBLACION","GRUPO":"NO APLICA","INCIDENTE":"FIESTAS RELIGIOSAS Y\/O PATRONALES","CAUSAS":"CELEBRACION MENSUAL DE SAN JUDAS TADEO","CALLE_Y_NU":"PUENTE DE ALVARADO ESQ. AV. PASEO DE LA REFORMA","COLONIA":"TABACALERA","DELEGACION":"CUAUHTEMOC","ATENDIO":"SSP","ATENDIO_DG":"S.-26","FUENTE":"SIN FUENTE","LESIONADOS":0,"FALLECIDOS":0,"LONGITUD":-99.146922,"LATITUD":19.437807}},{"type":"Feature","id":509,"geometry":{"type":"Point","coordinates":[-99.16760999958049,19.426921999496205]},"properties":{"FID":509,"OBJECTID":6973,"FECHA":1482883200000,"FOLIO":0,"HORA":"12:00:00 a. m.","FENOMENO":"SOCIO ORGANIZATIVO","TAXONOM\u00cdA":"CONCENTRACIONES MASIVAS DE POBLACION","GRUPO":"NO APLICA","INCIDENTE":"MANIFESTACION O MITIN","CAUSAS":"CELEBRACION DEL DIA DEL TAXISTA","CALLE_Y_NU":"PASEO DE LA REFORMA","COLONIA":"JUAREZ","DELEGACION":"CUAUHTEMOC","ATENDIO":"SSP","ATENDIO_DG":"S.-20","FUENTE":"SIN FUENTE","LESIONADOS":0,"FALLECIDOS":0,"LONGITUD":-99.16761,"LATITUD":19.426922}},{"type":"Feature","id":510,"geometry":{"type":"Point","coordinates":[-99.15405599959296,19.4332419999002]},"properties":{"FID":510,"OBJECTID":6998,"FECHA":1482969600000,"FOLIO":0,"HORA":"12:00:00 a. m.","FENOMENO":"SOCIO ORGANIZATIVO","TAXONOM\u00cdA":"CONCENTRACIONES MASIVAS DE POBLACION","GRUPO":"GESTION DE SERVICIOS DE EMERGENCIA","INCIDENTE":"TRABAJOS DE MODERNIZACION DE LA RED DEL PASEO DE LA REFORMA DE LA CFE","CAUSAS":"PREVENCION","CALLE_Y_NU":"PASEO DE LA REFORMA","COLONIA":"JUAREZ","DELEGACION":"CUAUHTEMOC","ATENDIO":"CFE, SSP","ATENDIO_DG":"S.-26","FUENTE":"DGEM","LESIONADOS":0,"FALLECIDOS":0,"LONGITUD":-99.154056,"LATITUD":19.433242}},{"type":"Feature","id":511,"geometry":{"type":"Point","coordinates":[-99.16763599981618,19.426958000623472]},"properties":{"FID":511,"OBJECTID":7020,"FECHA":1483142400000,"FOLIO":0,"HORA":"12:00:00 a. m.","FENOMENO":"SOCIO ORGANIZATIVO","TAXONOM\u00cdA":"CONCENTRACIONES MASIVAS DE POBLACION","GRUPO":"NO APLICA","INCIDENTE":"EVENTO MASIVO","CAUSAS":"CELEBRACION Y CONCIERTOS DE A\u00d1O NUEVO","CALLE_Y_NU":"PASEO DE LA REFORMA","COLONIA":"CUAUHTEMOC","DELEGACION":"CUAUHTEMOC","ATENDIO":"SSP","ATENDIO_DG":"GAMMA, OMEGA, REGIONAL CENTRO, S.-15, S.-17, S.-20, S.-24, S.-26, S.-8, DELTA-11, DELTA-30, SOFIA Y RAFAEL","FUENTE":"C5","LESIONADOS":0,"FALLECIDOS":0,"LONGITUD":-99.167636,"LATITUD":19.426958}},{"type":"Feature","id":512,"geometry":{"type":"Point","coordinates":[-99.15703000022495,19.42359000029155]},"properties":{"FID":512,"OBJECTID":7044,"FECHA":1490745600000,"FOLIO":2793,"HORA":"12:00:00 a. m.","FENOMENO":"SOCIO ORGANIZATIVO","TAXONOM\u00cdA":"CONCENTRACIONES MASIVAS DE POBLACION","GRUPO":"NO APLICA","INCIDENTE":"SIMULACRO","CAUSAS":"PREVENCION","CALLE_Y_NU":"PUEBLA No. 66 ESQ. FRONTERA","COLONIA":"ROMA","DELEGACION":"CUAUHTEMOC","ATENDIO":"UPC, SSP","ATENDIO_DG":"S.-26","FUENTE":"DGEM","LESIONADOS":0,"FALLECIDOS":0,"LONGITUD":-99.15703,"LATITUD":19.42359}},{"type":"Feature","id":513,"geometry":{"type":"Point","coordinates":[-99.19387299985304,19.425694999574354]},"properties":{"FID":513,"OBJECTID":7061,"FECHA":1491955200000,"FOLIO":3310,"HORA":"12:00:00 a. m.","FENOMENO":"SOCIO ORGANIZATIVO","TAXONOM\u00cdA":"CONCENTRACIONES MASIVAS DE POBLACION","GRUPO":"GESTION DE SERVICIOS DE EMERGENCIA","INCIDENTE":"TRABAJOS DE MODERNIZACION DE LA RED DEL PASEO DE LA REFORMA DE LA CFE","CAUSAS":"PREVENCION","CALLE_Y_NU":"PASEO DE LA REFORMA","COLONIA":"JUAREZ","DELEGACION":"CUAUHTEMOC","ATENDIO":"CFE, SSP","ATENDIO_DG":"S.-26","FUENTE":"DGEM","LESIONADOS":0,"FALLECIDOS":0,"LONGITUD":-99.193873,"LATITUD":19.425695}},{"type":"Feature","id":514,"geometry":{"type":"Point","coordinates":[-99.19387299985304,19.425694999574354]},"properties":{"FID":514,"OBJECTID":7063,"FECHA":1492128000000,"FOLIO":3373,"HORA":"12:00:00 a. m.","FENOMENO":"SOCIO ORGANIZATIVO","TAXONOM\u00cdA":"CONCENTRACIONES MASIVAS DE POBLACION","GRUPO":"GESTION DE SERVICIOS DE EMERGENCIA","INCIDENTE":"TRABAJOS DE MODERNIZACION DE LA RED DEL PASEO DE LA REFORMA DE LA CFE","CAUSAS":"PREVENCION","CALLE_Y_NU":"PASEO DE LA REFORMA","COLONIA":"JUAREZ","DELEGACION":"CUAUHTEMOC","ATENDIO":"CFE, SSP","ATENDIO_DG":"S.-26","FUENTE":"DGEM","LESIONADOS":0,"FALLECIDOS":0,"LONGITUD":-99.193873,"LATITUD":19.425695}},{"type":"Feature","id":515,"geometry":{"type":"Point","coordinates":[-99.13229499962016,19.43194400013211]},"properties":{"FID":515,"OBJECTID":7072,"FECHA":-2209161600000,"FOLIO":1833,"HORA":"12:00:00 a. m.","FENOMENO":"SOCIO ORGANIZATIVO","TAXONOM\u00cdA":"CONCENTRACIONES MASIVAS DE POBLACION","GRUPO":"NO APLICA","INCIDENTE":"MANIFESTACION O MITIN","CAUSAS":"POR EL RETIRO DE SUS PUESTOS SEMIFIJOS","CALLE_Y_NU":"CIRCUITO PLAZA DE LA CONSTITUCION ESQ. AV. 20 DE NOVIEMBRE","COLONIA":"CENTRO","DELEGACION":"CUAUHTEMOC","ATENDIO":"UPC, SSP","ATENDIO_DG":"S.-25","FUENTE":"DGEM","LESIONADOS":0,"FALLECIDOS":0,"LONGITUD":-99.132295,"LATITUD":19.431944}},{"type":"Feature","id":516,"geometry":{"type":"Point","coordinates":[-99.06104100012422,19.253416999830794]},"properties":{"FID":516,"OBJECTID":7098,"FECHA":-2209161600000,"FOLIO":0,"HORA":"12:00:00 a. m.","FENOMENO":"SOCIO ORGANIZATIVO","TAXONOM\u00cdA":"CONCENTRACIONES MASIVAS DE POBLACION","GRUPO":"NO APLICA","INCIDENTE":"SIMULACRO","CAUSAS":"PREVENCION","CALLE_Y_NU":"CERRADA DE MEXICO ESQ. FRIDA KAHLO","COLONIA":"SANTA CECILIA TEPETALPA","DELEGACION":"XOCHIMILCO","ATENDIO":"UPC, SSP","ATENDIO_DG":"REGIONAL SUR Y S.-12","FUENTE":"DGEM","LESIONADOS":0,"FALLECIDOS":0,"LONGITUD":-99.061041,"LATITUD":19.253417}},{"type":"Feature","id":517,"geometry":{"type":"Point","coordinates":[-99.11414700039592,19.322436999561262]},"properties":{"FID":517,"OBJECTID":7101,"FECHA":-2209161600000,"FOLIO":0,"HORA":"12:00:00 a. m.","FENOMENO":"SOCIO ORGANIZATIVO","TAXONOM\u00cdA":"CONCENTRACIONES MASIVAS DE POBLACION","GRUPO":"NO APLICA","INCIDENTE":"BLOQUEOS","CAUSAS":"POR LA FALTA DE ENERGIA ELECTRICA","CALLE_Y_NU":"EJE 3 ORIENTE (CARLOTA ARMERO) ESQ. CALZADA DE LA VIRGEN","COLONIA":"CTM. CULHUACAN 6ta. SECCION","DELEGACION":"COYOACAN","ATENDIO":"SSP, CFE","ATENDIO_DG":"NO RELEVANTE","FUENTE":"C5","LESIONADOS":0,"FALLECIDOS":0,"LONGITUD":-99.114147,"LATITUD":19.322437}},{"type":"Feature","id":518,"geometry":{"type":"Point","coordinates":[-99.12784300046204,19.460676000375827]},"properties":{"FID":518,"OBJECTID":7121,"FECHA":1503446400000,"FOLIO":7415,"HORA":"12:00:00 a. m.","FENOMENO":"SOCIO ORGANIZATIVO","TAXONOM\u00cdA":"CONCENTRACIONES MASIVAS DE POBLACION","GRUPO":"NO APLICA","INCIDENTE":"SIMULACRO","CAUSAS":"PREVENCION","CALLE_Y_NU":"MONTE VERDE No. 2 ESQ. CALZADA DE LOS MISTERIOS","COLONIA":"GUADALUPE TEPEYAC","DELEGACION":"GUSTAVO A. MADERO","ATENDIO":"SSP","ATENDIO_DG":"RAFAEL SOSA VARGAS","FUENTE":"DGEM","LESIONADOS":0,"FALLECIDOS":0,"LONGITUD":-99.127843,"LATITUD":19.460676}},{"type":"Feature","id":519,"geometry":{"type":"Point","coordinates":[-99.1505569997012,19.433366000291212]},"properties":{"FID":519,"OBJECTID":7167,"FECHA":1483574400000,"FOLIO":162,"HORA":"12:00:00 a. m.","FENOMENO":"SOCIO ORGANIZATIVO","TAXONOM\u00cdA":"CONCENTRACIONES MASIVAS DE POBLACION","GRUPO":"GESTION DE SERVICIOS DE EMERGENCIA","INCIDENTE":"TRABAJOS DE MODERNIZACION DE LA RED DEL PASEO DE LA REFORMA DE LA CFE","CAUSAS":"PREVENCION","CALLE_Y_NU":"PASEO DE LA REFORMA","COLONIA":"JUAREZ","DELEGACION":"CUAUHTEMOC","ATENDIO":"CFE, SSP","ATENDIO_DG":"S.-26","FUENTE":"DGEM","LESIONADOS":0,"FALLECIDOS":0,"LONGITUD":-99.150557,"LATITUD":19.433366}},{"type":"Feature","id":520,"geometry":{"type":"Point","coordinates":[-99.13646400013384,19.401621999859103]},"properties":{"FID":520,"OBJECTID":7174,"FECHA":1483920000000,"FOLIO":255,"HORA":"12:00:00 a. m.","FENOMENO":"SOCIO ORGANIZATIVO","TAXONOM\u00cdA":"CONCENTRACIONES MASIVAS DE POBLACION","GRUPO":"NO APLICA","INCIDENTE":"MANIFESTACION O MITIN","CAUSAS":"ALZA DE LA GASOLINA","CALLE_Y_NU":"AV. SAN ANTONIO ABADA ESQ. CORU\u00d1A","COLONIA":"VIADUCTO PIEDAD","DELEGACION":"IZTACALCO","ATENDIO":"SSP","ATENDIO_DG":"S.-22","FUENTE":"SIN FUENTE","LESIONADOS":0,"FALLECIDOS":0,"LONGITUD":-99.136464,"LATITUD":19.401622}},{"type":"Feature","id":521,"geometry":{"type":"Point","coordinates":[-99.01896799994336,19.372224999567138]},"properties":{"FID":521,"OBJECTID":7177,"FECHA":1483920000000,"FOLIO":261,"HORA":"12:00:00 a. m.","FENOMENO":"SOCIO ORGANIZATIVO","TAXONOM\u00cdA":"CONCENTRACIONES MASIVAS DE POBLACION","GRUPO":"GESTION DE SERVICIOS DE EMERGENCIA","INCIDENTE":"SOLICITUD DE SERVICIOS DELEGACIONALES","CAUSAS":"GRIETA","CALLE_Y_NU":"LUIS GARCIA ESQ. MANUEL CALERO","COLONIA":"ZONA URBANA EJIDAL SANTA MARTHA ACATITLA SUR","DELEGACION":"IZTAPALAPA","ATENDIO":"UPC, SSP","ATENDIO_DG":"NO RELEVANTE","FUENTE":"C5","LESIONADOS":0,"FALLECIDOS":0,"LONGITUD":-99.018968,"LATITUD":19.372225}},{"type":"Feature","id":522,"geometry":{"type":"Point","coordinates":[-99.15055699963614,19.433000000422663]},"properties":{"FID":522,"OBJECTID":7181,"FECHA":1484006400000,"FOLIO":298,"HORA":"12:00:00 a. m.","FENOMENO":"SOCIO ORGANIZATIVO","TAXONOM\u00cdA":"CONCENTRACIONES MASIVAS DE POBLACION","GRUPO":"GESTION DE SERVICIOS DE EMERGENCIA","INCIDENTE":"TRABAJOS DE MODERNIZACION DE LA RED DEL PASEO DE LA REFORMA DE LA CFE","CAUSAS":"PREVENCION","CALLE_Y_NU":"PASEO DE LA REFORMA","COLONIA":"JUAREZ","DELEGACION":"CUAUHTEMOC","ATENDIO":"CFE, SSP","ATENDIO_DG":"S.-26","FUENTE":"DGEM","LESIONADOS":0,"FALLECIDOS":0,"LONGITUD":-99.150557,"LATITUD":19.433}},{"type":"Feature","id":523,"geometry":{"type":"Point","coordinates":[-99.1505569997012,19.433366000291212]},"properties":{"FID":523,"OBJECTID":7184,"FECHA":1484179200000,"FOLIO":355,"HORA":"12:00:00 a. m.","FENOMENO":"SOCIO ORGANIZATIVO","TAXONOM\u00cdA":"CONCENTRACIONES MASIVAS DE POBLACION","GRUPO":"GESTION DE SERVICIOS DE EMERGENCIA","INCIDENTE":"TRABAJOS DE MODERNIZACION DE LA RED DEL PASEO DE LA REFORMA DE LA CFE","CAUSAS":"PREVENCION","CALLE_Y_NU":"PSEO DE LA REFORMA","COLONIA":"JUAREZ","DELEGACION":"CUAUHTEMOC","ATENDIO":"CFE, SSP","ATENDIO_DG":"S.-26","FUENTE":"DGEM","LESIONADOS":0,"FALLECIDOS":0,"LONGITUD":-99.150557,"LATITUD":19.433366}},{"type":"Feature","id":524,"geometry":{"type":"Point","coordinates":[-99.1505569997012,19.433366000291212]},"properties":{"FID":524,"OBJECTID":7191,"FECHA":1484611200000,"FOLIO":487,"HORA":"12:00:00 a. m.","FENOMENO":"SOCIO ORGANIZATIVO","TAXONOM\u00cdA":"CONCENTRACIONES MASIVAS DE POBLACION","GRUPO":"GESTION DE SERVICIOS DE EMERGENCIA","INCIDENTE":"TRABAJOS DE MODERNIZACION DE LA RED DEL PASEO DE LA REFORMA DE LA CFE","CAUSAS":"PREVENCION","CALLE_Y_NU":"PASEO DE LA REFORMA","COLONIA":"JUAREZ","DELEGACION":"CUAUHTEMOC","ATENDIO":"CFE, SSP","ATENDIO_DG":"S.-26","FUENTE":"DGEM","LESIONADOS":0,"FALLECIDOS":0,"LONGITUD":-99.150557,"LATITUD":19.433366}},{"type":"Feature","id":525,"geometry":{"type":"Point","coordinates":[-99.1505569997012,19.433366000291212]},"properties":{"FID":525,"OBJECTID":7192,"FECHA":1484784000000,"FOLIO":537,"HORA":"12:00:00 a. m.","FENOMENO":"SOCIO ORGANIZATIVO","TAXONOM\u00cdA":"CONCENTRACIONES MASIVAS DE POBLACION","GRUPO":"GESTION DE SERVICIOS DE EMERGENCIA","INCIDENTE":"TRABAJOS DE MODERNIZACION DE LA RED DEL PASEO DE LA REFORMA DE LA CFE","CAUSAS":"PREVENCION","CALLE_Y_NU":"PASEO DE LA REFORMA","COLONIA":"JUAREZ","DELEGACION":"CUAUHTEMOC","ATENDIO":"CFE, SSP","ATENDIO_DG":"S.-26","FUENTE":"DGEM","LESIONADOS":0,"FALLECIDOS":0,"LONGITUD":-99.150557,"LATITUD":19.433366}},{"type":"Feature","id":526,"geometry":{"type":"Point","coordinates":[-99.1505569997012,19.433366000291212]},"properties":{"FID":526,"OBJECTID":7196,"FECHA":1485388800000,"FOLIO":739,"HORA":"12:00:00 a. m.","FENOMENO":"SOCIO ORGANIZATIVO","TAXONOM\u00cdA":"CONCENTRACIONES MASIVAS DE POBLACION","GRUPO":"GESTION DE SERVICIOS DE EMERGENCIA","INCIDENTE":"TRABAJOS DE MODERNIZACION DE LA RED DEL PASEO DE LA REFORMA DE LA CFE","CAUSAS":"PREVENCION","CALLE_Y_NU":"PASEO DE LA REFORMA","COLONIA":"JUAREZ","DELEGACION":"CUAUHTEMOC","ATENDIO":"CFE, SSP","ATENDIO_DG":"S.-26","FUENTE":"DGEM","LESIONADOS":0,"FALLECIDOS":0,"LONGITUD":-99.150557,"LATITUD":19.433366}},{"type":"Feature","id":527,"geometry":{"type":"Point","coordinates":[-99.13325100007447,19.432835000043116]},"properties":{"FID":527,"OBJECTID":7208,"FECHA":-2209161600000,"FOLIO":1057,"HORA":"12:00:00 a. m.","FENOMENO":"SOCIO ORGANIZATIVO","TAXONOM\u00cdA":"CONCENTRACIONES MASIVAS DE POBLACION","GRUPO":"NO APLICA","INCIDENTE":"EVENTO MASIVO","CAUSAS":"ENTREGA DE AUTOBUSES","CALLE_Y_NU":"CIRCUITO PLAZA DE LA CONSTITUCION ESQ. AV. 20 DE NOVIEMBRE","COLONIA":"CENTRO","DELEGACION":"CUAUHTEMOC","ATENDIO":"SEMOVI","ATENDIO_DG":"S.-25","FUENTE":"DGEM","LESIONADOS":0,"FALLECIDOS":0,"LONGITUD":-99.133251,"LATITUD":19.432835}},{"type":"Feature","id":528,"geometry":{"type":"Point","coordinates":[-99.29823999997768,19.37259999955446]},"properties":{"FID":528,"OBJECTID":7213,"FECHA":-2209161600000,"FOLIO":1267,"HORA":"12:00:00 a. m.","FENOMENO":"SOCIO ORGANIZATIVO","TAXONOM\u00cdA":"CONCENTRACIONES MASIVAS DE POBLACION","GRUPO":"NO APLICA","INCIDENTE":"FIESTAS RELIGIOSAS Y\/O PATRONALES","CAUSAS":"LXXIX PEREGRINACION DE TOLUCA A LA BASILICA DE GUADALUPE","CALLE_Y_NU":"CARRETERA FEDERAL MEXICO-TOLUCA ESQ. VALLE DEL SILENCIO","COLONIA":"LA MARQUESA (MUNICIPIO OCOYOACAC)","DELEGACION":"ESTADO DE MEXICO","ATENDIO":"POLICIA FEDERAL, SSC, SSP, UPC-ALVARO OBREGON, CUAJIMALPA, MIGUEL HIDALGO, CUAUHTEMOC, GUSTAVO A. MADERO","ATENDIO_DG":"S.-5, S.-6, S.-11, S.-10, S.-14, S.-13, S.-21, S.-26 Y S.-22","FUENTE":"DGEM","LESIONADOS":2,"FALLECIDOS":0,"LONGITUD":-99.29824,"LATITUD":19.3726}}]}